datetime,count
2011-01-20 00:00:00,7.22706
2011-01-20 01:00:00,3.6386399999999997
2011-01-20 02:00:00,2.32443
2011-01-20 03:00:00,1.5637499999999998
2011-01-20 04:00:00,1.3996999999999997
2011-01-20 05:00:00,3.8453
2011-01-20 06:00:00,22.424
2011-01-20 07:00:00,54.74558
2011-01-20 08:00:00,135.0091
2011-01-20 09:00:00,78.24822
2011-01-20 10:00:00,34.72203999999999
2011-01-20 11:00:00,38.51568
2011-01-20 12:00:00,47.18826000000001
2011-01-20 13:00:00,43.96357999999999
2011-01-20 14:00:00,44.987899999999996
2011-01-20 15:00:00,45.352439999999994
2011-01-20 16:00:00,51.82446
2011-01-20 17:00:00,120.58358000000001
2011-01-20 18:00:00,106.25702
2011-01-20 19:00:00,64.38202
2011-01-20 20:00:00,45.28981999999999
2011-01-20 21:00:00,29.91024
2011-01-20 22:00:00,26.4499
2011-01-20 23:00:00,14.387319999999999
2011-01-21 00:00:00,10.31862
2011-01-21 01:00:00,4.28506
2011-01-21 02:00:00,3.56044
2011-01-21 03:00:00,1.11598
2011-01-21 04:00:00,1.0488353333333333
2011-01-21 05:00:00,2.53728
2011-01-21 06:00:00,18.52772
2011-01-21 07:00:00,53.83237999999999
2011-01-21 08:00:00,120.38092
2011-01-21 09:00:00,79.74488000000001
2011-01-21 10:00:00,29.32304
2011-01-21 11:00:00,34.33128
2011-01-21 12:00:00,44.62306
2011-01-21 13:00:00,42.26728
2011-01-21 14:00:00,41.2004
2011-01-21 15:00:00,41.29546
2011-01-21 16:00:00,52.15564
2011-01-21 17:00:00,96.83356
2011-01-21 18:00:00,94.52149999999999
2011-01-21 19:00:00,64.22076
2011-01-21 20:00:00,42.61952
2011-01-21 21:00:00,27.27348
2011-01-21 22:00:00,20.127959999999998
2011-01-21 23:00:00,12.13406
2011-01-22 00:00:00,15.982520000000001
2011-01-22 01:00:00,11.45532
2011-01-22 02:00:00,8.75632
2011-01-22 03:00:00,4.65092
2011-01-22 04:00:00,1.8448799999999999
2011-01-22 06:00:00,1.9270199999999997
2011-01-22 07:00:00,6.847719999999999
2011-01-22 08:00:00,14.27884
2011-01-22 09:00:00,17.203539999999997
2011-01-22 10:00:00,33.51612
2011-01-22 11:00:00,35.58188
2011-01-22 12:00:00,48.9975
2011-01-22 13:00:00,52.0433
2011-01-22 14:00:00,48.31032
2011-01-22 15:00:00,48.39636
2011-01-22 16:00:00,49.89562
2011-01-22 17:00:00,51.82116
2011-01-22 18:00:00,37.269220000000004
2011-01-22 19:00:00,23.02474
2011-01-22 20:00:00,24.35172
2011-01-22 21:00:00,24.42532
2011-01-22 22:00:00,18.20138
2011-01-22 23:00:00,11.1772
2011-01-23 00:00:00,17.42738
2011-01-23 01:00:00,11.966740000000001
2011-01-23 02:00:00,10.08702
2011-01-23 03:00:00,7.262379999999999
2011-01-23 05:00:00,1.8066799999999998
2011-01-23 06:00:00,1.4392399999999999
2011-01-23 07:00:00,4.2082
2011-01-23 08:00:00,11.769820000000001
2011-01-23 09:00:00,16.011319999999998
2011-01-23 10:00:00,32.38586
2011-01-23 11:00:00,35.66164
2011-01-23 12:00:00,46.25806
2011-01-23 13:00:00,45.81182
2011-01-23 14:00:00,46.932219999999994
2011-01-23 15:00:00,46.79706
2011-01-23 16:00:00,48.87528
2011-01-23 17:00:00,45.215259999999994
2011-01-23 18:00:00,41.68078
2011-01-23 19:00:00,23.77492
2011-01-23 20:00:00,19.56472
2011-01-23 21:00:00,18.0541
2011-01-23 22:00:00,13.054820000000001
2011-01-23 23:00:00,8.4077
2011-01-24 00:00:00,7.08584
2011-01-24 01:00:00,2.5303
2011-01-24 03:00:00,1.2788
2011-01-24 04:00:00,1.3466600000000002
2011-01-24 05:00:00,3.62248
2011-01-24 06:00:00,20.014200000000002
2011-01-24 07:00:00,50.337360000000004
2011-01-24 08:00:00,110.19703999999999
2011-01-24 09:00:00,62.868159999999996
2011-01-24 10:00:00,23.79136
2011-01-24 11:00:00,22.04484
2011-01-24 12:00:00,32.945119999999996
2011-01-24 13:00:00,31.928239999999995
2011-01-24 14:00:00,29.25492
2011-01-24 15:00:00,32.625299999999996
2011-01-24 16:00:00,44.37199999999999
2011-01-24 17:00:00,95.63098
2011-01-24 18:00:00,92.64054
2011-01-24 19:00:00,59.07288
2011-01-24 20:00:00,42.01238
2011-01-24 21:00:00,25.77112
2011-01-24 22:00:00,15.3767
2011-01-24 23:00:00,11.39038
2011-01-25 00:00:00,4.66968
2011-01-25 01:00:00,2.0358
2011-01-25 02:00:00,1.44758
2011-01-25 04:00:00,0.8095800000000001
2011-01-25 05:00:00,2.7871799999999998
2011-01-25 06:00:00,21.665499999999998
2011-01-25 07:00:00,48.99237999999999
2011-01-25 08:00:00,109.67003999999999
2011-01-25 09:00:00,71.70796
2011-01-25 10:00:00,31.468259999999997
2011-01-25 11:00:00,32.62754
2011-01-25 12:00:00,41.65922
2011-01-25 13:00:00,41.652820000000006
2011-01-25 14:00:00,42.578199999999995
2011-01-25 15:00:00,42.745340000000006
2011-01-25 16:00:00,57.65262
2011-01-25 17:00:00,127.47488
2011-01-25 18:00:00,120.30814
2011-01-25 19:00:00,66.7382
2011-01-25 20:00:00,45.568059999999996
2011-01-25 21:00:00,30.20888
2011-01-25 22:00:00,24.129
2011-01-25 23:00:00,11.22798
2011-01-26 00:00:00,4.8808
2011-01-26 01:00:00,3.3964999999999996
2011-01-26 02:00:00,1.6356600000000001
2011-01-26 05:00:00,1.98276
2011-01-26 06:00:00,17.41454
2011-01-26 07:00:00,44.6541
2011-01-26 08:00:00,100.80808
2011-01-26 09:00:00,34.70928
2011-01-26 10:00:00,18.51578
2011-01-26 11:00:00,17.82396
2011-01-26 12:00:00,17.38866
2011-01-26 13:00:00,18.6822
2011-01-26 14:00:00,17.156760000000002
2011-01-26 15:00:00,17.24888
2011-01-26 16:00:00,32.8217
2011-01-26 17:00:00,74.52424
2011-01-27 16:00:00,45.792939999999994
2011-01-27 17:00:00,102.47303999999998
2011-01-27 18:00:00,83.7439
2011-01-27 19:00:00,61.812259999999995
2011-01-27 20:00:00,45.941019999999995
2011-01-27 21:00:00,28.97804
2011-01-27 22:00:00,24.59552
2011-01-27 23:00:00,13.7603
2011-01-28 00:00:00,8.99238
2011-01-28 01:00:00,3.69122
2011-01-28 02:00:00,1.50296
2011-01-28 03:00:00,1.107945
2011-01-28 05:00:00,3.5565719999999996
2011-01-28 06:00:00,17.544759999999997
2011-01-28 07:00:00,52.4998
2011-01-28 08:00:00,120.64042
2011-01-28 09:00:00,36.47862000000001
2011-01-28 10:00:00,20.27982
2011-01-28 11:00:00,19.31326
2011-01-28 12:00:00,21.8983
2011-01-28 13:00:00,23.1034
2011-01-28 14:00:00,23.82036
2011-01-28 15:00:00,31.89236
2011-01-28 16:00:00,45.19373999999999
2011-01-28 17:00:00,102.95320000000001
2011-01-28 18:00:00,94.94012
2011-01-28 19:00:00,63.514160000000004
2011-01-28 20:00:00,44.55592
2011-01-28 21:00:00,28.869880000000002
2011-01-28 22:00:00,25.3995
2011-01-28 23:00:00,14.80316
2011-01-29 00:00:00,18.897759999999998
2011-01-29 01:00:00,12.59216
2011-01-29 02:00:00,10.36638
2011-01-29 03:00:00,6.32508
2011-01-29 04:00:00,2.0928799999999996
2011-01-29 06:00:00,1.53992
2011-01-29 07:00:00,6.111519999999999
2011-01-29 08:00:00,14.70742
2011-01-29 09:00:00,24.616359999999997
2011-01-29 10:00:00,37.45962
2011-01-29 11:00:00,37.021060000000006
2011-01-29 12:00:00,50.5321
2011-01-29 13:00:00,52.12508
2011-01-29 14:00:00,50.131600000000006
2011-01-29 15:00:00,45.2539
2011-01-29 16:00:00,54.63296
2011-01-29 17:00:00,45.68952
2011-01-29 18:00:00,42.76412
2011-01-29 19:00:00,33.1116
2011-01-29 20:00:00,25.446959999999997
2011-01-29 21:00:00,25.15092
2011-01-29 22:00:00,21.335320000000003
2011-01-29 23:00:00,14.16048
2011-01-30 00:00:00,16.89216
2011-01-30 01:00:00,14.58502
2011-01-30 02:00:00,11.880659999999999
2011-01-30 03:00:00,5.681419999999999
2011-01-30 04:00:00,3.1971799999999995
2011-01-30 05:00:00,2.8558199999999996
2011-01-30 07:00:00,4.843959999999999
2011-01-30 08:00:00,11.308460000000002
2011-01-30 09:00:00,17.306359999999998
2011-01-30 10:00:00,35.49516
2011-01-30 11:00:00,38.0723
2011-01-30 12:00:00,65.01058
2011-01-30 13:00:00,57.91558
2011-01-30 14:00:00,58.71706
2011-01-30 15:00:00,60.368680000000005
2011-01-30 16:00:00,58.030699999999996
2011-01-30 17:00:00,46.023740000000004
2011-01-30 18:00:00,42.239639999999994
2011-01-30 19:00:00,24.12326
2011-01-30 20:00:00,19.03522
2011-01-30 21:00:00,18.513779999999997
2011-01-30 22:00:00,13.8413
2011-01-30 23:00:00,10.71716
2011-01-31 00:00:00,6.29102
2011-01-31 01:00:00,2.32118
2011-01-31 02:00:00,1.7707199999999998
2011-01-31 03:00:00,1.18554
2011-01-31 04:00:00,0.9761000000000001
2011-01-31 05:00:00,1.39454
2011-01-31 06:00:00,20.59914
2011-01-31 07:00:00,50.04028
2011-01-31 08:00:00,101.35972
2011-01-31 09:00:00,56.02586000000001
2011-01-31 10:00:00,24.812359999999998
2011-01-31 11:00:00,23.33164
2011-01-31 12:00:00,34.93337999999999
2011-01-31 13:00:00,33.94772
2011-01-31 14:00:00,32.487719999999996
2011-01-31 15:00:00,30.764039999999998
2011-01-31 16:00:00,44.208679999999994
2011-01-31 17:00:00,96.97338
2011-01-31 18:00:00,91.91604
2011-01-31 19:00:00,80.23266
2011-01-31 20:00:00,40.25824
2011-01-31 21:00:00,19.02232
2011-01-31 22:00:00,18.237
2011-01-31 23:00:00,11.482940000000001
2011-02-20 00:00:00,21.88304
2011-02-20 01:00:00,16.17488
2011-02-20 02:00:00,12.59926
2011-02-20 03:00:00,5.04734
2011-02-20 04:00:00,1.90892
2011-02-20 06:00:00,1.4879000000000002
2011-02-20 07:00:00,5.198220000000001
2011-02-20 08:00:00,14.12578
2011-02-20 09:00:00,24.49408
2011-02-20 10:00:00,57.8365
2011-02-20 11:00:00,71.96152000000001
2011-02-20 12:00:00,83.3524
2011-02-20 13:00:00,87.68906
2011-02-20 14:00:00,94.73563999999999
2011-02-20 15:00:00,101.88418
2011-02-20 16:00:00,98.29694
2011-02-20 17:00:00,72.35154
2011-02-20 18:00:00,50.964620000000004
2011-02-20 19:00:00,40.96962
2011-02-20 20:00:00,40.190920000000006
2011-02-20 21:00:00,35.9403
2011-02-20 22:00:00,30.36674
2011-02-20 23:00:00,22.730980000000002
2011-02-21 00:00:00,13.24872
2011-02-21 01:00:00,11.16784
2011-02-21 02:00:00,5.61406
2011-02-21 03:00:00,2.78454
2011-02-21 04:00:00,2.3669
2011-02-21 05:00:00,5.5206
2011-02-21 06:00:00,12.90354
2011-02-21 07:00:00,63.16646
2011-02-21 08:00:00,86.54284
2011-02-21 09:00:00,47.2401
2011-02-21 10:00:00,47.1529
2011-02-21 11:00:00,49.136799999999994
2011-02-21 12:00:00,52.68600000000001
2011-02-21 13:00:00,38.84858
2011-02-21 14:00:00,50.59358
2011-02-21 15:00:00,48.29599999999999
2011-02-21 16:00:00,46.183
2011-02-21 17:00:00,56.113459999999996
2011-02-21 18:00:00,49.20608
2011-02-21 19:00:00,39.999520000000004
2011-02-21 20:00:00,27.29414
2011-02-21 21:00:00,22.640519999999995
2011-02-21 22:00:00,15.50992
2011-02-21 23:00:00,11.21988
2011-02-22 06:00:00,20.25518
2011-02-22 07:00:00,54.836980000000004
2011-02-22 08:00:00,123.67636
2011-02-22 09:00:00,67.44616
2011-02-22 10:00:00,26.84458
2011-02-22 11:00:00,29.83048
2011-02-22 12:00:00,35.72348
2011-02-22 13:00:00,43.4862
2011-02-22 14:00:00,41.77986
2011-02-22 15:00:00,43.46392000000001
2011-02-22 16:00:00,44.555279999999996
2011-02-22 17:00:00,103.2459
2011-02-22 18:00:00,100.78574
2011-02-22 19:00:00,60.642759999999996
2011-02-22 20:00:00,49.550580000000004
2011-02-22 21:00:00,33.926320000000004
2011-02-22 22:00:00,21.300280000000004
2011-02-22 23:00:00,13.992260000000002
2011-02-23 00:00:00,6.25572
2011-02-23 01:00:00,3.5425999999999997
2011-02-23 02:00:00,1.0235199999999998
2011-02-23 03:00:00,0.84048
2011-02-23 05:00:00,3.75328
2011-02-23 06:00:00,21.453799999999998
2011-02-23 07:00:00,52.82862
2011-02-23 08:00:00,121.58836000000001
2011-02-23 09:00:00,75.39067999999999
2011-02-23 10:00:00,31.388060000000003
2011-02-23 11:00:00,35.32906
2011-02-23 12:00:00,44.552640000000004
2011-02-23 13:00:00,43.684039999999996
2011-02-23 14:00:00,42.63498
2011-02-23 15:00:00,42.66896
2011-02-23 16:00:00,59.16684
2011-02-23 17:00:00,130.87214
2011-02-23 18:00:00,123.30680000000001
2011-02-23 19:00:00,83.11288
2011-02-23 20:00:00,47.6815
2011-02-23 21:00:00,39.388059999999996
2011-02-23 22:00:00,28.982760000000003
2011-02-23 23:00:00,18.121940000000002
2011-02-24 00:00:00,7.75936
2011-02-24 01:00:00,3.94776
2011-02-24 02:00:00,1.4085800000000002
2011-02-24 03:00:00,0.8174399999999999
2011-02-24 05:00:00,3.65462
2011-02-24 06:00:00,21.69096
2011-02-24 07:00:00,57.64092
2011-02-24 08:00:00,149.805
2011-02-24 09:00:00,78.61449999999999
2011-02-24 10:00:00,35.49966
2011-02-24 11:00:00,41.71664
2011-02-24 12:00:00,50.98466
2011-02-24 13:00:00,49.9845
2011-02-24 14:00:00,48.902680000000004
2011-02-24 15:00:00,26.171200000000002
2011-02-24 16:00:00,44.04973999999999
2011-02-24 17:00:00,112.7543
2011-02-24 18:00:00,87.86576
2011-02-24 19:00:00,58.48754
2011-02-24 20:00:00,43.891099999999994
2011-02-24 21:00:00,40.08458
2011-02-24 22:00:00,20.46214
2011-02-24 23:00:00,21.454700000000003
2011-02-25 00:00:00,10.1937
2011-02-25 01:00:00,6.75076
2011-02-25 02:00:00,4.00258
2011-02-25 03:00:00,1.5543399999999998
2011-02-25 05:00:00,6.40684
2011-02-25 06:00:00,30.28384
2011-02-25 07:00:00,58.23598
2011-02-25 08:00:00,107.04224
2011-02-25 09:00:00,41.80848
2011-02-25 10:00:00,29.61584
2011-02-25 11:00:00,61.78148
2011-02-25 12:00:00,89.31212000000001
2011-02-25 13:00:00,89.18409999999999
2011-02-25 14:00:00,89.44250000000001
2011-02-25 15:00:00,81.07889999999999
2011-02-25 16:00:00,65.41452
2011-02-25 17:00:00,115.61758
2011-02-25 18:00:00,100.86058
2011-02-25 19:00:00,68.07097999999999
2011-02-25 20:00:00,43.37224
2011-02-25 21:00:00,31.95728
2011-02-25 22:00:00,26.03844
2011-02-25 23:00:00,20.92174
2011-02-26 00:00:00,18.46654
2011-02-26 01:00:00,11.69946
2011-02-26 02:00:00,10.895980000000002
2011-02-26 03:00:00,6.033740000000001
2011-02-26 04:00:00,2.04534
2011-02-26 05:00:00,1.9541000000000002
2011-02-26 06:00:00,1.79732
2011-02-26 07:00:00,6.131740000000001
2011-02-26 08:00:00,15.81066
2011-02-26 09:00:00,26.67326
2011-02-26 10:00:00,63.45802
2011-02-26 11:00:00,72.28399999999999
2011-02-26 12:00:00,79.34718000000001
2011-02-26 13:00:00,78.78746
2011-02-26 14:00:00,79.29805999999999
2011-02-26 15:00:00,85.96118
2011-02-26 16:00:00,80.444
2011-02-26 17:00:00,74.23366
2011-02-26 18:00:00,51.10188000000001
2011-02-26 19:00:00,39.70678
2011-02-26 20:00:00,32.61728
2011-02-26 21:00:00,31.90702
2011-02-26 22:00:00,30.064599999999995
2011-02-26 23:00:00,25.95336
2011-02-27 00:00:00,19.541339999999998
2011-02-27 01:00:00,15.459200000000001
2011-02-27 02:00:00,13.76506
2011-02-27 03:00:00,6.589659999999999
2011-02-27 04:00:00,3.5029199999999996
2011-02-27 06:00:00,1.33204
2011-02-27 07:00:00,5.7270199999999996
2011-02-27 08:00:00,11.82128
2011-02-27 09:00:00,27.64236
2011-02-27 10:00:00,56.541520000000006
2011-02-27 11:00:00,78.53954
2011-02-27 12:00:00,95.48644
2011-02-27 13:00:00,89.87165999999999
2011-02-27 14:00:00,102.5552
2011-02-27 15:00:00,105.3947
2011-02-27 16:00:00,114.10928
2011-02-27 17:00:00,72.78228
2011-02-27 18:00:00,59.193740000000005
2011-02-27 19:00:00,45.971360000000004
2011-02-27 20:00:00,38.913199999999996
2011-02-27 21:00:00,34.82088
2011-02-27 22:00:00,34.1717
2011-02-27 23:00:00,24.19014
2011-02-28 00:00:00,10.8184
2011-02-28 01:00:00,3.26522
2011-02-28 03:00:00,1.0989
2011-02-28 05:00:00,6.5822199999999995
2011-02-28 06:00:00,27.06564
2011-02-28 07:00:00,70.90562
2011-02-28 08:00:00,143.41662000000002
2011-02-28 09:00:00,88.09103999999999
2011-02-28 10:00:00,47.07638
2011-02-28 11:00:00,50.718939999999996
2011-02-28 12:00:00,70.91646
2011-02-28 13:00:00,39.2101
2011-02-28 14:00:00,26.5032
2011-02-28 15:00:00,26.60118
2011-02-28 16:00:00,46.71886
2011-02-28 17:00:00,91.87219999999999
2011-02-28 18:00:00,136.09168000000003
2011-02-28 19:00:00,76.75774
2011-02-28 20:00:00,76.46458000000001
2011-02-28 21:00:00,46.65418
2011-02-28 22:00:00,21.73038
2011-02-28 23:00:00,15.506179999999999
2011-03-20 00:00:00,24.32904
2011-03-20 01:00:00,17.834500000000002
2011-03-20 02:00:00,14.567639999999997
2011-03-20 03:00:00,7.4778
2011-03-20 04:00:00,2.37408
2011-03-20 05:00:00,2.60328
2011-03-20 06:00:00,3.4934200000000004
2011-03-20 07:00:00,9.33742
2011-03-20 08:00:00,26.22928
2011-03-20 09:00:00,38.85048
2011-03-20 10:00:00,76.20272
2011-03-20 11:00:00,88.41748
2011-03-20 12:00:00,109.26056
2011-03-20 13:00:00,107.86938
2011-03-20 14:00:00,111.03334000000001
2011-03-20 15:00:00,120.2055
2011-03-20 16:00:00,118.38538
2011-03-20 17:00:00,98.02868000000001
2011-03-20 18:00:00,82.6352
2011-03-20 19:00:00,53.30344
2011-03-20 20:00:00,47.933719999999994
2011-03-20 21:00:00,38.4451
2011-03-20 22:00:00,31.363280000000003
2011-03-20 23:00:00,23.538520000000002
2011-03-21 00:00:00,8.53614
2011-03-21 01:00:00,4.10196
2011-03-21 02:00:00,2.9016
2011-03-21 03:00:00,1.64058
2011-03-21 05:00:00,5.39692
2011-03-21 06:00:00,29.30424
2011-03-21 07:00:00,50.168639999999996
2011-03-21 08:00:00,147.06738
2011-03-21 09:00:00,86.33446
2011-03-21 10:00:00,37.90783999999999
2011-03-21 11:00:00,41.31926
2011-03-21 12:00:00,44.626979999999996
2011-03-21 13:00:00,65.43334
2011-03-21 14:00:00,69.27344
2011-03-21 15:00:00,79.32788
2011-03-21 16:00:00,98.42712
2011-03-21 17:00:00,202.9815
2011-03-21 18:00:00,186.42945999999998
2011-03-21 19:00:00,153.97792
2011-03-21 20:00:00,104.94964000000002
2011-03-21 21:00:00,65.36532
2011-03-21 22:00:00,58.30982
2011-03-21 23:00:00,29.594659999999998
2011-03-22 00:00:00,18.65852
2011-03-22 01:00:00,5.467600000000001
2011-03-22 02:00:00,3.58308
2011-03-22 03:00:00,2.2359
2011-03-22 04:00:00,1.9045400000000001
2011-03-22 05:00:00,9.53818
2011-03-22 06:00:00,31.44778
2011-03-22 07:00:00,91.77852000000001
2011-03-22 08:00:00,169.45214
2011-03-22 09:00:00,91.13722
2011-03-22 10:00:00,45.943160000000006
2011-03-22 11:00:00,45.9986
2011-03-22 12:00:00,65.60338
2011-03-22 13:00:00,65.17215999999999
2011-03-22 14:00:00,63.125659999999996
2011-03-22 15:00:00,66.84678000000001
2011-03-22 16:00:00,89.93624
2011-03-22 17:00:00,191.8702
2011-03-22 18:00:00,178.11128
2011-03-22 19:00:00,108.63528
2011-03-22 20:00:00,82.18664
2011-03-22 21:00:00,58.11288
2011-03-22 22:00:00,40.747479999999996
2011-03-22 23:00:00,23.702640000000002
2011-03-23 00:00:00,11.09242
2011-03-23 01:00:00,4.375279999999999
2011-03-23 02:00:00,2.7288200000000002
2011-03-23 03:00:00,1.53756
2011-03-23 05:00:00,5.43962
2011-03-23 06:00:00,30.29744
2011-03-23 07:00:00,73.7263
2011-03-23 08:00:00,158.25833999999998
2011-03-23 09:00:00,92.5367
2011-03-23 10:00:00,37.70092
2011-03-23 11:00:00,35.71572
2011-03-23 12:00:00,43.33458
2011-03-23 13:00:00,28.78048
2011-03-23 14:00:00,42.08398
2011-03-23 15:00:00,45.19506
2011-03-23 16:00:00,78.39062
2011-03-23 17:00:00,156.45723999999998
2011-03-23 18:00:00,113.55496000000001
2011-03-23 19:00:00,81.55048
2011-03-23 20:00:00,41.60192
2011-03-23 21:00:00,31.24978
2011-03-23 22:00:00,22.01276
2011-03-23 23:00:00,16.53624
2011-03-24 00:00:00,9.133999999999999
2011-03-24 01:00:00,4.192019999999999
2011-03-24 02:00:00,2.96334
2011-03-24 03:00:00,1.73566
2011-03-24 04:00:00,1.47262
2011-03-24 05:00:00,6.21706
2011-03-24 06:00:00,25.98212
2011-03-24 07:00:00,53.777499999999996
2011-03-24 08:00:00,97.13716
2011-03-24 09:00:00,88.79781999999999
2011-03-24 10:00:00,33.06534
2011-03-24 11:00:00,38.07926
2011-03-24 12:00:00,45.69566
2011-03-24 13:00:00,49.0148
2011-03-24 14:00:00,44.96192
2011-03-24 15:00:00,44.288079999999994
2011-03-24 16:00:00,55.7346
2011-03-24 17:00:00,120.83251999999999
2011-03-24 18:00:00,110.90245999999999
2011-03-24 19:00:00,69.95512
2011-03-24 20:00:00,47.28752
2011-03-24 21:00:00,36.43028
2011-03-24 22:00:00,29.41456
2011-03-24 23:00:00,20.35672
2011-03-25 00:00:00,10.696819999999999
2011-03-25 01:00:00,3.5112200000000002
2011-03-25 02:00:00,2.0686
2011-03-25 03:00:00,1.666715
2011-03-25 04:00:00,1.087592
2011-03-25 05:00:00,5.17174
2011-03-25 06:00:00,21.525
2011-03-25 07:00:00,66.93636
2011-03-25 08:00:00,148.62467999999998
2011-03-25 09:00:00,83.87671999999999
2011-03-25 10:00:00,44.147
2011-03-25 11:00:00,49.92476
2011-03-25 12:00:00,56.19373999999999
2011-03-25 13:00:00,53.80266
2011-03-25 14:00:00,54.89864
2011-03-25 15:00:00,51.659200000000006
2011-03-25 16:00:00,70.64952
2011-03-25 17:00:00,133.27074
2011-03-25 18:00:00,121.40734
2011-03-25 19:00:00,76.50985999999999
2011-03-25 20:00:00,50.185460000000006
2011-03-25 21:00:00,41.69638
2011-03-25 22:00:00,27.70698
2011-03-25 23:00:00,21.21084
2011-03-26 00:00:00,22.50452
2011-03-26 01:00:00,16.22028
2011-03-26 02:00:00,11.283719999999999
2011-03-26 03:00:00,6.087820000000001
2011-03-26 04:00:00,2.53758
2011-03-26 05:00:00,2.01286
2011-03-26 06:00:00,5.58984
2011-03-26 07:00:00,10.229600000000001
2011-03-26 08:00:00,31.88462
2011-03-26 09:00:00,41.7674
2011-03-26 10:00:00,61.16804
2011-03-26 11:00:00,65.64944
2011-03-26 12:00:00,75.4205
2011-03-26 13:00:00,79.64458
2011-03-26 14:00:00,83.28126
2011-03-26 15:00:00,86.99476000000001
2011-03-26 16:00:00,90.74459999999999
2011-03-26 17:00:00,88.24214
2011-03-26 18:00:00,84.66768
2011-03-26 19:00:00,41.4563
2011-03-26 20:00:00,33.882659999999994
2011-03-26 21:00:00,34.04692
2011-03-26 22:00:00,29.4868
2011-03-26 23:00:00,21.65328
2011-03-27 00:00:00,22.96914
2011-03-27 01:00:00,13.292179999999998
2011-03-27 02:00:00,12.25902
2011-03-27 03:00:00,6.8277
2011-03-27 04:00:00,3.27716
2011-03-27 06:00:00,5.42554
2011-03-27 07:00:00,9.01122
2011-03-27 08:00:00,25.389120000000002
2011-03-27 09:00:00,38.01066
2011-03-27 10:00:00,52.154219999999995
2011-03-27 11:00:00,61.3804
2011-03-27 12:00:00,70.91432
2011-03-27 13:00:00,76.29196
2011-03-27 14:00:00,84.76526
2011-03-27 15:00:00,79.96566
2011-03-27 16:00:00,88.47528
2011-03-27 17:00:00,73.67024
2011-03-27 18:00:00,61.83848
2011-03-27 19:00:00,41.84668
2011-03-27 20:00:00,32.44658
2011-03-27 21:00:00,27.80238
2011-03-27 22:00:00,24.89722
2011-03-27 23:00:00,18.58068
2011-03-28 00:00:00,7.305039999999999
2011-03-28 01:00:00,3.06582
2011-03-28 02:00:00,1.9743199999999999
2011-03-28 03:00:00,1.2832999999999999
2011-03-28 05:00:00,4.197
2011-03-28 06:00:00,22.946199999999997
2011-03-28 07:00:00,65.09876
2011-03-28 08:00:00,139.78718
2011-03-28 09:00:00,77.81924
2011-03-28 10:00:00,34.99866
2011-03-28 11:00:00,35.49
2011-03-28 12:00:00,46.013360000000006
2011-03-28 13:00:00,45.03406
2011-03-28 14:00:00,44.334939999999996
2011-03-28 15:00:00,45.3297
2011-03-28 16:00:00,62.58541999999999
2011-03-28 17:00:00,139.93694000000002
2011-03-28 18:00:00,134.31136
2011-03-28 19:00:00,83.74692
2011-03-28 20:00:00,60.04358
2011-03-28 21:00:00,42.5634
2011-03-28 22:00:00,30.395840000000003
2011-03-28 23:00:00,17.049660000000003
2011-03-29 00:00:00,8.17472
2011-03-29 01:00:00,2.2233199999999997
2011-03-29 02:00:00,2.04634
2011-03-29 03:00:00,1.4515
2011-03-29 04:00:00,1.28442
2011-03-29 05:00:00,4.10048
2011-03-29 06:00:00,25.5718
2011-03-29 07:00:00,70.46742
2011-03-29 08:00:00,152.37932
2011-03-29 09:00:00,88.13472000000002
2011-03-29 10:00:00,38.01148
2011-03-29 11:00:00,42.505539999999996
2011-03-29 12:00:00,49.922180000000004
2011-03-29 13:00:00,49.54434
2011-03-29 14:00:00,51.246019999999994
2011-03-29 15:00:00,51.34255999999999
2011-03-29 16:00:00,63.377720000000004
2011-03-29 17:00:00,164.89116
2011-03-29 18:00:00,148.72530000000003
2011-03-29 19:00:00,93.37182
2011-03-29 20:00:00,71.94238
2011-03-29 21:00:00,52.694359999999996
2011-03-29 22:00:00,36.76684
2011-03-29 23:00:00,20.564639999999997
2011-03-30 00:00:00,10.69582
2011-03-30 01:00:00,5.57308
2011-03-30 02:00:00,2.6538799999999996
2011-03-30 03:00:00,2.25038
2011-03-30 04:00:00,1.89194
2011-03-30 05:00:00,6.89866
2011-03-30 06:00:00,27.591060000000002
2011-03-30 07:00:00,84.76808
2011-03-30 08:00:00,164.07642
2011-03-30 09:00:00,93.90636
2011-03-30 10:00:00,43.10754
2011-03-30 11:00:00,43.62964
2011-03-30 12:00:00,48.85442
2011-03-30 13:00:00,51.917379999999994
2011-03-30 14:00:00,47.60376
2011-03-30 15:00:00,27.7243
2011-03-30 16:00:00,35.26064
2011-03-30 17:00:00,88.90994
2011-03-30 18:00:00,81.06750000000001
2011-03-30 19:00:00,48.37282
2011-03-30 20:00:00,34.957719999999995
2011-03-30 21:00:00,35.249219999999994
2011-03-30 22:00:00,23.23306
2011-03-30 23:00:00,15.562219999999998
2011-03-31 00:00:00,6.65368
2011-03-31 01:00:00,3.40808
2011-03-31 02:00:00,2.3984799999999997
2011-03-31 03:00:00,1.7330800000000002
2011-03-31 04:00:00,1.5027400000000002
2011-03-31 05:00:00,5.74524
2011-03-31 06:00:00,18.15632
2011-03-31 07:00:00,52.40206
2011-03-31 08:00:00,139.16753999999997
2011-03-31 09:00:00,40.9477
2011-03-31 10:00:00,20.91744
2011-03-31 11:00:00,23.63158
2011-03-31 12:00:00,28.862219999999997
2011-03-31 13:00:00,27.80026
2011-03-31 14:00:00,24.486320000000003
2011-03-31 15:00:00,22.29346
2011-03-31 16:00:00,50.237320000000004
2011-03-31 17:00:00,102.31198
2011-03-31 18:00:00,100.35908
2011-03-31 19:00:00,70.54146
2011-03-31 20:00:00,36.1476
2011-03-31 21:00:00,37.31194
2011-03-31 22:00:00,22.7434
2011-03-31 23:00:00,22.31096
2011-04-20 00:00:00,20.838639999999998
2011-04-20 01:00:00,4.36222
2011-04-20 02:00:00,3.4539799999999996
2011-04-20 03:00:00,2.1457800000000002
2011-04-20 04:00:00,2.4141
2011-04-20 05:00:00,10.33136
2011-04-20 06:00:00,34.7172
2011-04-20 07:00:00,101.89012
2011-04-20 08:00:00,195.44402000000002
2011-04-20 09:00:00,99.70364
2011-04-20 10:00:00,60.83734
2011-04-20 11:00:00,64.64819999999999
2011-04-20 12:00:00,73.79906
2011-04-20 13:00:00,72.51058
2011-04-20 14:00:00,74.11627999999999
2011-04-20 15:00:00,76.08232
2011-04-20 16:00:00,113.43773999999999
2011-04-20 17:00:00,219.85763999999998
2011-04-20 18:00:00,214.55131999999998
2011-04-20 19:00:00,175.31236
2011-04-20 20:00:00,115.05633999999998
2011-04-20 21:00:00,92.14476
2011-04-20 22:00:00,68.03946
2011-04-20 23:00:00,51.89952
2011-04-21 00:00:00,21.86008
2011-04-21 01:00:00,8.39752
2011-04-21 02:00:00,6.228719999999999
2011-04-21 03:00:00,2.50962
2011-04-21 04:00:00,2.13264
2011-04-21 05:00:00,8.70106
2011-04-21 06:00:00,27.87086
2011-04-21 07:00:00,90.84186000000001
2011-04-21 08:00:00,171.05022
2011-04-21 09:00:00,102.95546
2011-04-21 10:00:00,51.50366
2011-04-21 11:00:00,55.88142
2011-04-21 12:00:00,75.9947
2011-04-21 13:00:00,71.18196
2011-04-21 14:00:00,66.99198
2011-04-21 15:00:00,67.2365
2011-04-21 16:00:00,94.04842000000001
2011-04-21 17:00:00,201.61876
2011-04-21 18:00:00,192.44176000000002
2011-04-21 19:00:00,131.0075
2011-04-21 20:00:00,112.41908
2011-04-21 21:00:00,72.31625999999999
2011-04-21 22:00:00,61.690079999999995
2011-04-21 23:00:00,35.26782
2011-04-22 00:00:00,19.49412
2011-04-22 01:00:00,11.973220000000001
2011-04-22 02:00:00,4.78848
2011-04-22 03:00:00,2.94018
2011-04-22 04:00:00,2.3684399999999997
2011-04-22 05:00:00,7.05884
2011-04-22 06:00:00,32.7818
2011-04-22 07:00:00,88.68678
2011-04-22 08:00:00,170.08293999999998
2011-04-22 09:00:00,47.450599999999994
2011-04-22 10:00:00,49.49382
2011-04-22 11:00:00,30.50248
2011-04-22 12:00:00,33.35184
2011-04-22 13:00:00,25.729760000000002
2011-04-22 14:00:00,15.030319999999998
2011-04-22 15:00:00,22.62372
2011-04-22 16:00:00,48.03872
2011-04-22 17:00:00,82.45574
2011-04-22 18:00:00,60.325720000000004
2011-04-22 19:00:00,51.79792
2011-04-22 20:00:00,43.85430000000001
2011-04-22 21:00:00,37.59786
2011-04-22 22:00:00,29.44486
2011-04-22 23:00:00,25.72482
2011-04-23 00:00:00,18.718960000000003
2011-04-23 01:00:00,15.04636
2011-04-23 02:00:00,13.61834
2011-04-23 03:00:00,11.213280000000001
2011-04-23 04:00:00,3.7658
2011-04-23 05:00:00,3.8649199999999997
2011-04-23 06:00:00,9.693439999999999
2011-04-23 07:00:00,11.49932
2011-04-23 08:00:00,30.933799999999998
2011-04-23 09:00:00,38.9007
2011-04-23 10:00:00,66.03175999999999
2011-04-23 11:00:00,53.00958
2011-04-23 12:00:00,58.08502
2011-04-23 13:00:00,62.801640000000006
2011-04-23 14:00:00,105.4717
2011-04-23 15:00:00,129.11152
2011-04-23 16:00:00,139.37002
2011-04-23 17:00:00,171.8933
2011-04-23 18:00:00,139.14702
2011-04-23 19:00:00,112.11688000000001
2011-04-23 20:00:00,84.55532000000001
2011-04-23 21:00:00,84.17403999999999
2011-04-23 22:00:00,78.4298
2011-04-23 23:00:00,57.64396000000001
2011-04-24 00:00:00,45.83992
2011-04-24 01:00:00,33.64618
2011-04-24 02:00:00,22.48772
2011-04-24 03:00:00,14.90436
2011-04-24 04:00:00,4.45834
2011-04-24 05:00:00,4.990819999999999
2011-04-24 06:00:00,9.6444
2011-04-24 07:00:00,22.627640000000003
2011-04-24 08:00:00,48.897240000000004
2011-04-24 09:00:00,72.01188
2011-04-24 10:00:00,114.87854
2011-04-24 11:00:00,136.22498000000002
2011-04-24 12:00:00,149.31065999999998
2011-04-24 13:00:00,149.0874
2011-04-24 14:00:00,155.39908
2011-04-24 15:00:00,151.85482000000002
2011-04-24 16:00:00,164.839704
2011-04-24 17:00:00,189.09814
2011-04-24 18:00:00,167.47148
2011-04-24 19:00:00,104.96742
2011-04-24 20:00:00,89.85228
2011-04-24 21:00:00,44.92022
2011-04-24 22:00:00,32.4888
2011-04-24 23:00:00,34.81688
2011-04-25 00:00:00,11.91384
2011-04-25 01:00:00,7.11888
2011-04-25 02:00:00,4.4707
2011-04-25 03:00:00,2.43576
2011-04-25 04:00:00,2.6151
2011-04-25 05:00:00,7.13752
2011-04-25 06:00:00,37.50166
2011-04-25 07:00:00,109.0181
2011-04-25 08:00:00,196.34996
2011-04-25 09:00:00,92.41402
2011-04-25 10:00:00,55.21676
2011-04-25 11:00:00,57.75882
2011-04-25 12:00:00,72.79480000000001
2011-04-25 13:00:00,81.4669
2011-04-25 14:00:00,82.18984
2011-04-25 15:00:00,83.22182
2011-04-25 16:00:00,118.55888
2011-04-25 17:00:00,227.75636000000003
2011-04-25 18:00:00,217.76438
2011-04-25 19:00:00,162.56853999999998
2011-04-25 20:00:00,110.67290000000001
2011-04-25 21:00:00,90.05048
2011-04-25 22:00:00,57.140339999999995
2011-04-25 23:00:00,35.37676
2011-04-26 00:00:00,14.180539999999999
2011-04-26 01:00:00,7.4206
2011-04-26 02:00:00,3.33566
2011-04-26 03:00:00,2.14364
2011-04-26 04:00:00,2.22084
2011-04-26 05:00:00,10.05426
2011-04-26 06:00:00,38.82924
2011-04-26 07:00:00,99.50062
2011-04-26 08:00:00,188.07076
2011-04-26 09:00:00,88.41718
2011-04-26 10:00:00,52.93302
2011-04-26 11:00:00,56.06497999999999
2011-04-26 12:00:00,73.77629999999999
2011-04-26 13:00:00,75.0574
2011-04-26 14:00:00,74.3257
2011-04-26 15:00:00,72.39851999999999
2011-04-26 16:00:00,116.1603
2011-04-26 17:00:00,225.68431999999999
2011-04-26 18:00:00,221.11167999999998
2011-04-26 19:00:00,158.39015999999998
2011-04-26 20:00:00,104.39682
2011-04-26 21:00:00,88.94164
2011-04-26 22:00:00,68.99004000000001
2011-04-26 23:00:00,38.99052
2011-04-27 00:00:00,17.84998
2011-04-27 01:00:00,6.453720000000001
2011-04-27 02:00:00,4.07544
2011-04-27 03:00:00,2.05768
2011-04-27 04:00:00,2.43928
2011-04-27 05:00:00,7.914420000000001
2011-04-27 06:00:00,39.9349
2011-04-27 07:00:00,106.99856000000001
2011-04-27 08:00:00,186.71472
2011-04-27 09:00:00,83.65176
2011-04-27 10:00:00,51.6395
2011-04-27 11:00:00,51.39398
2011-04-27 12:00:00,58.845839999999995
2011-04-27 13:00:00,58.469899999999996
2011-04-27 14:00:00,66.52946
2011-04-27 15:00:00,70.83256
2011-04-27 16:00:00,106.89698
2011-04-27 17:00:00,207.83052
2011-04-27 18:00:00,202.52866
2011-04-27 19:00:00,158.20868
2011-04-27 20:00:00,107.30402000000001
2011-04-27 21:00:00,74.916
2011-04-27 22:00:00,58.18506
2011-04-27 23:00:00,39.1821
2011-04-28 00:00:00,24.60934
2011-04-28 01:00:00,7.74402
2011-04-28 02:00:00,4.477539999999999
2011-04-28 03:00:00,2.9567
2011-04-28 04:00:00,2.6449
2011-04-28 05:00:00,9.39604
2011-04-28 06:00:00,39.78976
2011-04-28 07:00:00,100.39121999999999
2011-04-28 08:00:00,192.23790000000002
2011-04-28 09:00:00,85.6139
2011-04-28 10:00:00,58.223699999999994
2011-04-28 11:00:00,57.80936
2011-04-28 12:00:00,64.82682
2011-04-28 13:00:00,63.29542
2011-04-28 14:00:00,63.667460000000005
2011-04-28 15:00:00,75.42555999999999
2011-04-28 16:00:00,100.18018000000001
2011-04-28 17:00:00,220.89110000000002
2011-04-28 18:00:00,214.12951999999999
2011-04-28 19:00:00,152.78452000000001
2011-04-28 20:00:00,109.2378
2011-04-28 21:00:00,90.44394
2011-04-28 22:00:00,68.80866
2011-04-28 23:00:00,63.90864
2011-04-29 00:00:00,28.796679999999995
2011-04-29 01:00:00,15.27504
2011-04-29 02:00:00,9.64972
2011-04-29 03:00:00,3.2138800000000005
2011-04-29 04:00:00,3.01688
2011-04-29 05:00:00,10.78626
2011-04-29 06:00:00,38.424220000000005
2011-04-29 07:00:00,113.03429999999999
2011-04-29 08:00:00,197.78394
2011-04-29 09:00:00,116.94608
2011-04-29 10:00:00,76.68302
2011-04-29 11:00:00,87.01401999999999
2011-04-29 12:00:00,99.14104
2011-04-29 13:00:00,100.13632
2011-04-29 14:00:00,104.86272
2011-04-29 15:00:00,96.8058
2011-04-29 16:00:00,110.79578000000001
2011-04-29 17:00:00,211.21282000000002
2011-04-29 18:00:00,205.18956
2011-04-29 19:00:00,124.44084000000001
2011-04-29 20:00:00,97.76118000000001
2011-04-29 21:00:00,77.30171999999999
2011-04-29 22:00:00,62.72394
2011-04-29 23:00:00,52.57267999999999
2011-04-30 00:00:00,29.424539999999997
2011-04-30 01:00:00,24.0721
2011-04-30 02:00:00,18.5444
2011-04-30 03:00:00,11.13438
2011-04-30 04:00:00,3.35072
2011-04-30 05:00:00,2.8733
2011-04-30 06:00:00,10.6533
2011-04-30 07:00:00,16.0477
2011-04-30 08:00:00,33.36828
2011-04-30 09:00:00,64.97018
2011-04-30 10:00:00,118.048
2011-04-30 11:00:00,129.16124
2011-04-30 12:00:00,145.96416
2011-04-30 13:00:00,144.78182
2011-04-30 14:00:00,133.51676
2011-04-30 15:00:00,140.18734
2011-04-30 16:00:00,148.19876
2011-04-30 17:00:00,167.59284
2011-04-30 18:00:00,152.32229999999998
2011-04-30 19:00:00,128.15931999999998
2011-04-30 20:00:00,63.039500000000004
2011-04-30 21:00:00,62.99046
2011-04-30 22:00:00,57.03172000000001
2011-04-30 23:00:00,42.97788
2011-05-20 00:00:00,21.81944
2011-05-20 01:00:00,12.4652
2011-05-20 02:00:00,8.11826
2011-05-20 03:00:00,3.5407599999999997
2011-05-20 04:00:00,2.82456
2011-05-20 05:00:00,15.021719999999998
2011-05-20 06:00:00,52.80042
2011-05-20 07:00:00,153.37768
2011-05-20 08:00:00,277.31056
2011-05-20 09:00:00,125.92827999999999
2011-05-20 10:00:00,87.10484
2011-05-20 11:00:00,101.37498
2011-05-20 12:00:00,138.33921999999998
2011-05-20 13:00:00,130.54476
2011-05-20 14:00:00,132.99824
2011-05-20 15:00:00,139.09496
2011-05-20 16:00:00,202.63342
2011-05-20 17:00:00,304.86812000000003
2011-05-20 18:00:00,279.7226
2011-05-20 19:00:00,191.86964
2011-05-20 20:00:00,127.96142
2011-05-20 21:00:00,108.50752000000001
2011-05-20 22:00:00,86.66066
2011-05-20 23:00:00,71.83232
2011-05-21 00:00:00,59.5488
2011-05-21 01:00:00,45.8899
2011-05-21 02:00:00,32.8983
2011-05-21 03:00:00,13.507380000000001
2011-05-21 04:00:00,4.56254
2011-05-21 05:00:00,5.83066
2011-05-21 06:00:00,10.39222
2011-05-21 07:00:00,30.846960000000003
2011-05-21 08:00:00,64.64278
2011-05-21 09:00:00,123.17034
2011-05-21 10:00:00,153.18436
2011-05-21 11:00:00,194.98152000000002
2011-05-21 12:00:00,202.41459
2011-05-21 13:00:00,210.30018
2011-05-21 14:00:00,212.31748
2011-05-21 15:00:00,209.07978
2011-05-21 16:00:00,211.15643999999998
2011-05-21 17:00:00,188.04849399999998
2011-05-21 18:00:00,183.087794
2011-05-21 19:00:00,172.6629
2011-05-21 20:00:00,137.50726
2011-05-21 21:00:00,110.04688
2011-05-21 22:00:00,88.25551999999999
2011-05-21 23:00:00,79.96961999999999
2011-05-22 00:00:00,60.261979999999994
2011-05-22 01:00:00,43.653819999999996
2011-05-22 02:00:00,30.76728
2011-05-22 03:00:00,16.69104
2011-05-22 04:00:00,5.8949
2011-05-22 05:00:00,6.69066
2011-05-22 06:00:00,7.07958
2011-05-22 07:00:00,21.89338
2011-05-22 08:00:00,48.80966
2011-05-22 09:00:00,93.37228
2011-05-22 10:00:00,144.95443999999998
2011-05-22 11:00:00,199.82662000000002
2011-05-22 12:00:00,204.41237999999998
2011-05-22 13:00:00,206.57222
2011-05-22 14:00:00,188.40318
2011-05-22 15:00:00,193.24186
2011-05-22 16:00:00,211.60494
2011-05-22 17:00:00,200.17530999999997
2011-05-22 18:00:00,186.39585
2011-05-22 19:00:00,173.90247
2011-05-22 20:00:00,138.93081999999998
2011-05-22 21:00:00,95.22482
2011-05-22 22:00:00,70.95599999999999
2011-05-22 23:00:00,47.13822
2011-05-23 00:00:00,16.551740000000002
2011-05-23 01:00:00,10.45182
2011-05-23 02:00:00,3.9981
2011-05-23 03:00:00,2.3279
2011-05-23 04:00:00,2.6115
2011-05-23 05:00:00,11.44384
2011-05-23 06:00:00,58.42766
2011-05-23 07:00:00,152.01634
2011-05-23 08:00:00,234.78326
2011-05-23 09:00:00,107.26536
2011-05-23 10:00:00,65.04646000000001
2011-05-23 11:00:00,85.85973999999999
2011-05-23 12:00:00,105.70412000000002
2011-05-23 13:00:00,97.91326
2011-05-23 14:00:00,89.29258
2011-05-23 15:00:00,92.15896000000001
2011-05-23 16:00:00,158.16052000000002
2011-05-23 17:00:00,261.96818
2011-05-23 18:00:00,292.55832
2011-05-23 19:00:00,225.33314000000001
2011-05-23 20:00:00,126.56112
2011-05-23 21:00:00,79.82773999999999
2011-05-23 22:00:00,69.07584
2011-05-23 23:00:00,38.94664
2011-05-24 00:00:00,12.95164
2011-05-24 01:00:00,5.91234
2011-05-24 02:00:00,4.9411000000000005
2011-05-24 03:00:00,2.3219399999999997
2011-05-24 04:00:00,3.2270199999999996
2011-05-24 05:00:00,11.61364
2011-05-24 06:00:00,60.611180000000004
2011-05-24 07:00:00,73.36538
2011-05-24 08:00:00,178.75784
2011-05-24 09:00:00,123.10974
2011-05-24 10:00:00,70.72956
2011-05-24 11:00:00,81.01748
2011-05-24 12:00:00,102.7656
2011-05-24 13:00:00,104.73504
2011-05-24 14:00:00,87.93416
2011-05-24 15:00:00,93.5532
2011-05-24 16:00:00,166.31452000000002
2011-05-24 17:00:00,270.66742
2011-05-24 18:00:00,297.15302
2011-05-24 19:00:00,213.57093999999998
2011-05-24 20:00:00,170.79618
2011-05-24 21:00:00,129.40166
2011-05-24 22:00:00,45.41814
2011-05-24 23:00:00,43.015739999999994
2011-05-25 00:00:00,16.47278
2011-05-25 01:00:00,6.37966
2011-05-25 02:00:00,5.32078
2011-05-25 03:00:00,2.62646
2011-05-25 04:00:00,3.2478
2011-05-25 05:00:00,15.22834
2011-05-25 06:00:00,62.5009
2011-05-25 07:00:00,187.88046000000003
2011-05-25 08:00:00,265.54436
2011-05-25 09:00:00,126.25280000000001
2011-05-25 10:00:00,80.47642
2011-05-25 11:00:00,81.24388000000002
2011-05-25 12:00:00,106.57008
2011-05-25 13:00:00,99.56868
2011-05-25 14:00:00,86.00514
2011-05-25 15:00:00,92.61158
2011-05-25 16:00:00,166.37722000000002
2011-05-25 17:00:00,312.59808000000004
2011-05-25 18:00:00,301.82008
2011-05-25 19:00:00,233.15815999999998
2011-05-25 20:00:00,186.17582
2011-05-25 21:00:00,130.34138000000002
2011-05-25 22:00:00,89.41944000000001
2011-05-25 23:00:00,50.89386
2011-05-26 00:00:00,27.92064
2011-05-26 01:00:00,12.75102
2011-05-26 02:00:00,5.240640000000001
2011-05-26 03:00:00,3.03254
2011-05-26 04:00:00,3.17456
2011-05-26 05:00:00,12.78086
2011-05-26 06:00:00,54.98264
2011-05-26 07:00:00,127.93216
2011-05-26 08:00:00,264.71891999999997
2011-05-26 09:00:00,119.63413999999999
2011-05-26 10:00:00,67.8035
2011-05-26 11:00:00,84.64568
2011-05-26 12:00:00,104.10140000000001
2011-05-26 13:00:00,93.276
2011-05-26 14:00:00,87.01176
2011-05-26 15:00:00,88.9058
2011-05-26 16:00:00,150.42734
2011-05-26 17:00:00,315.3079
2011-05-26 18:00:00,293.21236
2011-05-26 19:00:00,211.94488
2011-05-26 20:00:00,178.56822
2011-05-26 21:00:00,123.182
2011-05-26 22:00:00,84.27996
2011-05-26 23:00:00,67.30856
2011-05-27 00:00:00,38.11648
2011-05-27 01:00:00,13.306999999999999
2011-05-27 02:00:00,8.65634
2011-05-27 03:00:00,3.64792
2011-05-27 04:00:00,3.39636
2011-05-27 05:00:00,15.91902
2011-05-27 06:00:00,60.9112
2011-05-27 07:00:00,157.68382
2011-05-27 08:00:00,275.30488
2011-05-27 09:00:00,127.05376000000001
2011-05-27 10:00:00,88.65644
2011-05-27 11:00:00,91.46736
2011-05-27 12:00:00,122.12336
2011-05-27 13:00:00,124.61359999999999
2011-05-27 14:00:00,122.19988000000001
2011-05-27 15:00:00,124.75352
2011-05-27 16:00:00,189.35252000000003
2011-05-27 17:00:00,306.75500000000005
2011-05-27 18:00:00,264.48504
2011-05-27 19:00:00,167.95424
2011-05-27 20:00:00,126.84992
2011-05-27 21:00:00,99.81314
2011-05-27 22:00:00,88.01084
2011-05-27 23:00:00,72.85976
2011-05-28 00:00:00,61.15186
2011-05-28 01:00:00,51.1569
2011-05-28 02:00:00,32.07354
2011-05-28 03:00:00,14.29916
2011-05-28 04:00:00,4.34962
2011-05-28 05:00:00,5.08918
2011-05-28 06:00:00,10.56122
2011-05-28 07:00:00,30.2232
2011-05-28 08:00:00,65.29603999999999
2011-05-28 09:00:00,119.15186
2011-05-28 10:00:00,155.60832
2011-05-28 11:00:00,199.92988
2011-05-28 12:00:00,203.47186
2011-05-28 13:00:00,206.19580000000002
2011-05-28 14:00:00,207.24774000000002
2011-05-28 15:00:00,220.4579
2011-05-28 16:00:00,221.17741
2011-05-28 17:00:00,208.16405
2011-05-28 18:00:00,175.4334
2011-05-28 19:00:00,157.33722
2011-05-28 20:00:00,138.73534
2011-05-28 21:00:00,106.24669999999999
2011-05-28 22:00:00,99.14456000000001
2011-05-28 23:00:00,82.14484
2011-05-29 00:00:00,68.04682
2011-05-29 01:00:00,52.58728
2011-05-29 02:00:00,35.09812
2011-05-29 03:00:00,14.55406
2011-05-29 04:00:00,5.58982
2011-05-29 05:00:00,7.12642
2011-05-29 06:00:00,8.29104
2011-05-29 07:00:00,15.99356
2011-05-29 08:00:00,48.66102000000001
2011-05-29 09:00:00,75.30763999999999
2011-05-29 10:00:00,133.74394
2011-05-29 11:00:00,164.39996
2011-05-29 12:00:00,166.86804
2011-05-29 13:00:00,203.67095999999998
2011-05-29 14:00:00,192.57224
2011-05-29 15:00:00,195.35430000000002
2011-05-29 16:00:00,184.27571999999998
2011-05-29 17:00:00,175.46501999999998
2011-05-29 18:00:00,145.70388
2011-05-29 19:00:00,142.6199
2011-05-29 20:00:00,116.52984000000001
2011-05-29 21:00:00,85.15758
2011-05-29 22:00:00,72.4157
2011-05-29 23:00:00,56.530480000000004
2011-05-30 00:00:00,43.89842
2011-05-30 01:00:00,35.73314
2011-05-30 02:00:00,22.00334
2011-05-30 03:00:00,8.27392
2011-05-30 04:00:00,6.369680000000001
2011-05-30 05:00:00,6.61934
2011-05-30 06:00:00,22.2518
2011-05-30 07:00:00,62.3003
2011-05-30 08:00:00,114.1841
2011-05-30 09:00:00,111.13298
2011-05-30 10:00:00,132.16914
2011-05-30 11:00:00,183.77864
2011-05-30 12:00:00,190.30088
2011-05-30 13:00:00,190.62856
2011-05-30 14:00:00,193.99644
2011-05-30 15:00:00,193.03368
2011-05-30 16:00:00,198.88513999999998
2011-05-30 17:00:00,225.24642
2011-05-30 18:00:00,218.54744
2011-05-30 19:00:00,158.85586
2011-05-30 20:00:00,171.11366
2011-05-30 21:00:00,180.90384
2011-05-30 22:00:00,107.35816
2011-05-30 23:00:00,56.69924
2011-05-31 00:00:00,14.67874
2011-05-31 01:00:00,7.77166
2011-05-31 02:00:00,4.5867
2011-05-31 03:00:00,2.0613799999999998
2011-05-31 04:00:00,3.61782
2011-05-31 05:00:00,14.465900000000001
2011-05-31 06:00:00,64.6017
2011-05-31 07:00:00,183.17768
2011-05-31 08:00:00,268.64596
2011-05-31 09:00:00,116.15724
2011-05-31 10:00:00,72.32911999999999
2011-05-31 11:00:00,70.89364
2011-05-31 12:00:00,92.87916
2011-05-31 13:00:00,88.9254
2011-05-31 14:00:00,79.67903999999999
2011-05-31 15:00:00,80.22497999999999
2011-05-31 16:00:00,134.39586
2011-05-31 17:00:00,303.33042
2011-05-31 18:00:00,300.35844000000003
2011-05-31 19:00:00,220.46152
2011-05-31 20:00:00,167.46696
2011-05-31 21:00:00,124.11716
2011-05-31 22:00:00,84.6902
2011-05-31 23:00:00,45.10994
2011-06-20 00:00:00,16.87164
2011-06-20 01:00:00,6.98288
2011-06-20 02:00:00,5.0334200000000004
2011-06-20 03:00:00,2.44048
2011-06-20 04:00:00,2.9626400000000004
2011-06-20 05:00:00,9.87188
2011-06-20 06:00:00,58.291
2011-06-20 07:00:00,69.39684
2011-06-20 08:00:00,171.87849999999997
2011-06-20 09:00:00,117.94959999999999
2011-06-20 10:00:00,62.44466
2011-06-20 11:00:00,73.21382
2011-06-20 12:00:00,97.9854
2011-06-20 13:00:00,102.96272
2011-06-20 14:00:00,93.88294
2011-06-20 15:00:00,94.31587999999999
2011-06-20 16:00:00,166.62828
2011-06-20 17:00:00,333.18492
2011-06-20 18:00:00,316.6245
2011-06-20 19:00:00,227.92746
2011-06-20 20:00:00,176.25792
2011-06-20 21:00:00,120.17112
2011-06-20 22:00:00,68.84487999999999
2011-06-20 23:00:00,48.57686
2011-06-21 00:00:00,15.7281
2011-06-21 01:00:00,6.50076
2011-06-21 02:00:00,3.6086799999999997
2011-06-21 03:00:00,2.87692
2011-06-21 04:00:00,3.01434
2011-06-21 05:00:00,11.51544
2011-06-21 06:00:00,69.90954
2011-06-21 07:00:00,147.85218
2011-06-21 08:00:00,251.73828
2011-06-21 09:00:00,120.2728
2011-06-21 10:00:00,59.81324
2011-06-21 11:00:00,63.60652
2011-06-21 12:00:00,95.88224000000001
2011-06-21 13:00:00,92.29266
2011-06-21 14:00:00,84.97144
2011-06-21 15:00:00,91.79126
2011-06-21 16:00:00,156.09168
2011-06-21 17:00:00,313.67678
2011-06-21 18:00:00,293.92418000000004
2011-06-21 19:00:00,203.699
2011-06-21 20:00:00,130.26712
2011-06-21 21:00:00,126.48794000000001
2011-06-21 22:00:00,84.08886
2011-06-21 23:00:00,45.87068
2011-06-22 00:00:00,20.20722
2011-06-22 01:00:00,9.04976
2011-06-22 02:00:00,3.8621999999999996
2011-06-22 03:00:00,3.0334399999999997
2011-06-22 04:00:00,3.29088
2011-06-22 05:00:00,17.08832
2011-06-22 06:00:00,66.32436
2011-06-22 07:00:00,180.4992
2011-06-22 08:00:00,263.62104
2011-06-22 09:00:00,115.72736
2011-06-22 10:00:00,66.96182
2011-06-22 11:00:00,79.88484
2011-06-22 12:00:00,94.81577999999999
2011-06-22 13:00:00,89.56142
2011-06-22 14:00:00,83.79831999999999
2011-06-22 15:00:00,85.06958
2011-06-22 16:00:00,147.95767999999998
2011-06-22 17:00:00,286.22972
2011-06-22 18:00:00,283.45232
2011-06-22 19:00:00,210.65603999999996
2011-06-22 20:00:00,170.37626
2011-06-22 21:00:00,125.88086
2011-06-22 22:00:00,98.16894
2011-06-22 23:00:00,53.042
2011-06-23 00:00:00,24.116059999999997
2011-06-23 01:00:00,10.898019999999999
2011-06-23 02:00:00,5.22722
2011-06-23 03:00:00,2.6481399999999997
2011-06-23 04:00:00,3.4958199999999997
2011-06-23 05:00:00,15.06562
2011-06-23 06:00:00,71.7081
2011-06-23 07:00:00,190.34977999999998
2011-06-23 08:00:00,259.40648
2011-06-23 09:00:00,118.95256
2011-06-23 10:00:00,68.3415
2011-06-23 11:00:00,79.12558
2011-06-23 12:00:00,99.55414
2011-06-23 13:00:00,98.79674
2011-06-23 14:00:00,86.9162
2011-06-23 15:00:00,93.5071
2011-06-23 16:00:00,162.58374
2011-06-23 17:00:00,265.35518
2011-06-23 18:00:00,293.84414000000004
2011-06-23 19:00:00,210.79091999999997
2011-06-23 20:00:00,179.72942
2011-06-23 21:00:00,125.13218
2011-06-23 22:00:00,95.16376
2011-06-23 23:00:00,68.82086
2011-06-24 00:00:00,36.694039999999994
2011-06-24 01:00:00,12.429000000000002
2011-06-24 02:00:00,7.24306
2011-06-24 03:00:00,3.29186
2011-06-24 04:00:00,3.29716
2011-06-24 05:00:00,15.285540000000001
2011-06-24 06:00:00,59.5107
2011-06-24 07:00:00,160.00243999999998
2011-06-24 08:00:00,268.276
2011-06-24 09:00:00,128.09432
2011-06-24 10:00:00,78.14634
2011-06-24 11:00:00,91.69374
2011-06-24 12:00:00,125.32090000000001
2011-06-24 13:00:00,124.36552
2011-06-24 14:00:00,125.50072
2011-06-24 15:00:00,122.49203999999999
2011-06-24 16:00:00,193.44590000000002
2011-06-24 17:00:00,322.03464
2011-06-24 18:00:00,282.26848
2011-06-24 19:00:00,208.08788
2011-06-24 20:00:00,155.4214
2011-06-24 21:00:00,121.0586
2011-06-24 22:00:00,109.17862
2011-06-24 23:00:00,82.75856
2011-06-25 00:00:00,65.74806
2011-06-25 01:00:00,49.340180000000004
2011-06-25 02:00:00,29.6107
2011-06-25 03:00:00,15.550460000000001
2011-06-25 04:00:00,5.9141200000000005
2011-06-25 05:00:00,5.76258
2011-06-25 06:00:00,16.86784
2011-06-25 07:00:00,36.6454
2011-06-25 08:00:00,85.34034
2011-06-25 09:00:00,127.06352000000001
2011-06-25 10:00:00,165.68746
2011-06-25 11:00:00,200.3871
2011-06-25 12:00:00,216.43034
2011-06-25 13:00:00,213.51118000000002
2011-06-25 14:00:00,213.67908
2011-06-25 15:00:00,209.923455
2011-06-25 16:00:00,227.11764499999998
2011-06-25 17:00:00,213.42346500000002
2011-06-25 18:00:00,201.92851000000002
2011-06-25 19:00:00,178.32022
2011-06-25 20:00:00,140.17614
2011-06-25 21:00:00,113.93354000000001
2011-06-25 22:00:00,107.76379999999999
2011-06-25 23:00:00,72.16796000000001
2011-06-26 00:00:00,59.29732
2011-06-26 01:00:00,49.56155999999999
2011-06-26 02:00:00,39.32126
2011-06-26 03:00:00,18.3183
2011-06-26 04:00:00,6.0674
2011-06-26 05:00:00,7.53126
2011-06-26 06:00:00,12.444280000000001
2011-06-26 07:00:00,28.16396
2011-06-26 08:00:00,55.887119999999996
2011-06-26 09:00:00,103.19796
2011-06-26 10:00:00,160.806464
2011-06-26 11:00:00,202.21766399999998
2011-06-26 12:00:00,212.659784
2011-06-26 13:00:00,204.946734
2011-06-26 14:00:00,202.748364
2011-06-26 15:00:00,203.197779
2011-06-26 16:00:00,209.15218900000002
2011-06-26 17:00:00,193.40356999999997
2011-06-26 18:00:00,195.9327
2011-06-26 19:00:00,174.49488
2011-06-26 20:00:00,127.3244
2011-06-26 21:00:00,96.60351999999999
2011-06-26 22:00:00,85.595
2011-06-26 23:00:00,50.530139999999996
2011-06-27 00:00:00,19.34906
2011-06-27 01:00:00,8.90888
2011-06-27 02:00:00,5.486039999999999
2011-06-27 03:00:00,2.9242
2011-06-27 04:00:00,3.2709599999999996
2011-06-27 05:00:00,11.948239999999998
2011-06-27 06:00:00,66.84974
2011-06-27 07:00:00,186.93037999999999
2011-06-27 08:00:00,236.49642
2011-06-27 09:00:00,111.90347999999999
2011-06-27 10:00:00,62.78954
2011-06-27 11:00:00,85.25424000000001
2011-06-27 12:00:00,100.5404
2011-06-27 13:00:00,95.9702
2011-06-27 14:00:00,92.50504000000001
2011-06-27 15:00:00,91.36236
2011-06-27 16:00:00,167.45865999999998
2011-06-27 17:00:00,329.7149
2011-06-27 18:00:00,321.44444000000004
2011-06-27 19:00:00,232.27558
2011-06-27 20:00:00,179.72178
2011-06-27 21:00:00,114.78654
2011-06-27 22:00:00,71.53724
2011-06-27 23:00:00,53.55152
2011-06-28 00:00:00,15.385280000000002
2011-06-28 01:00:00,8.347380000000001
2011-06-28 02:00:00,5.38144
2011-06-28 03:00:00,3.56446
2011-06-28 04:00:00,3.39874
2011-06-28 05:00:00,14.75798
2011-06-28 06:00:00,65.70596
2011-06-28 07:00:00,176.57163999999997
2011-06-28 08:00:00,257.88888000000003
2011-06-28 09:00:00,115.24840000000002
2011-06-28 10:00:00,66.21212
2011-06-28 11:00:00,75.00774
2011-06-28 12:00:00,94.19554000000001
2011-06-28 13:00:00,90.4268
2011-06-28 14:00:00,81.96628
2011-06-28 15:00:00,85.6175
2011-06-28 16:00:00,138.94704
2011-06-28 17:00:00,256.57698
2011-06-28 18:00:00,252.33624
2011-06-28 19:00:00,196.12272000000002
2011-06-28 20:00:00,181.14062
2011-06-28 21:00:00,118.72282
2011-06-28 22:00:00,83.6863
2011-06-28 23:00:00,54.00116
2011-06-29 00:00:00,19.3413
2011-06-29 01:00:00,9.05282
2011-06-29 02:00:00,4.3074
2011-06-29 03:00:00,2.93424
2011-06-29 04:00:00,3.46628
2011-06-29 05:00:00,15.39694
2011-06-29 06:00:00,66.69278
2011-06-29 07:00:00,182.71708
2011-06-29 08:00:00,277.99986
2011-06-29 09:00:00,121.8917
2011-06-29 10:00:00,67.05266
2011-06-29 11:00:00,83.78872000000001
2011-06-29 12:00:00,115.98542
2011-06-29 13:00:00,109.99924
2011-06-29 14:00:00,86.93562
2011-06-29 15:00:00,95.87644
2011-06-29 16:00:00,171.85201999999998
2011-06-29 17:00:00,332.49802
2011-06-29 18:00:00,325.70104
2011-06-29 19:00:00,221.14072
2011-06-29 20:00:00,174.84224
2011-06-29 21:00:00,136.01051999999999
2011-06-29 22:00:00,106.42960000000001
2011-06-29 23:00:00,55.655739999999994
2011-06-30 00:00:00,27.82078
2011-06-30 01:00:00,11.107059999999999
2011-06-30 02:00:00,4.53896
2011-06-30 03:00:00,3.94524
2011-06-30 04:00:00,3.86768
2011-06-30 05:00:00,15.28792
2011-06-30 06:00:00,71.52399999999999
2011-06-30 07:00:00,198.22714
2011-06-30 08:00:00,270.39242
2011-06-30 09:00:00,126.63972
2011-06-30 10:00:00,75.57166
2011-06-30 11:00:00,86.29516
2011-06-30 12:00:00,113.79982
2011-06-30 13:00:00,111.25872
2011-06-30 14:00:00,89.5715
2011-06-30 15:00:00,103.71082
2011-06-30 16:00:00,173.06918000000002
2011-06-30 17:00:00,329.54675999999995
2011-06-30 18:00:00,322.52232000000004
2011-06-30 19:00:00,221.93886
2011-06-30 20:00:00,176.3323
2011-06-30 21:00:00,130.42476
2011-06-30 22:00:00,106.25708
2011-06-30 23:00:00,69.46504
2011-07-20 00:00:00,18.36808
2011-07-20 01:00:00,8.33112
2011-07-20 02:00:00,3.78648
2011-07-20 03:00:00,3.2119
2011-07-20 04:00:00,3.84754
2011-07-20 05:00:00,18.27942
2011-07-20 06:00:00,73.38494
2011-07-20 07:00:00,188.62304
2011-07-20 08:00:00,259.83104000000003
2011-07-20 09:00:00,115.06215999999999
2011-07-20 10:00:00,61.43298
2011-07-20 11:00:00,75.06143999999999
2011-07-20 12:00:00,89.96593999999999
2011-07-20 13:00:00,88.61934000000001
2011-07-20 14:00:00,79.99862
2011-07-20 15:00:00,80.32151999999999
2011-07-20 16:00:00,145.03078
2011-07-20 17:00:00,301.15518000000003
2011-07-20 18:00:00,297.15128
2011-07-20 19:00:00,216.18104
2011-07-20 20:00:00,167.01976
2011-07-20 21:00:00,126.2458
2011-07-20 22:00:00,100.14952
2011-07-20 23:00:00,65.11498
2011-07-21 00:00:00,25.2476
2011-07-21 01:00:00,10.24832
2011-07-21 02:00:00,4.55008
2011-07-21 03:00:00,2.8413
2011-07-21 04:00:00,3.07694
2011-07-21 05:00:00,13.30908
2011-07-21 06:00:00,73.87622
2011-07-21 07:00:00,186.19856
2011-07-21 08:00:00,261.70662
2011-07-21 09:00:00,113.86489999999999
2011-07-21 10:00:00,68.3368
2011-07-21 11:00:00,71.92222
2011-07-21 12:00:00,89.4294
2011-07-21 13:00:00,86.44798
2011-07-21 14:00:00,81.72544
2011-07-21 15:00:00,83.92108
2011-07-21 16:00:00,136.99696
2011-07-21 17:00:00,275.36844
2011-07-21 18:00:00,270.65158
2011-07-21 19:00:00,213.59758
2011-07-21 20:00:00,168.27342
2011-07-21 21:00:00,128.02988
2011-07-21 22:00:00,101.73014
2011-07-21 23:00:00,69.80418
2011-07-22 00:00:00,31.85994
2011-07-22 01:00:00,16.60014
2011-07-22 02:00:00,10.70068
2011-07-22 03:00:00,3.86216
2011-07-22 04:00:00,4.248139999999999
2011-07-22 05:00:00,14.923480000000001
2011-07-22 06:00:00,62.99864
2011-07-22 07:00:00,175.22962
2011-07-22 08:00:00,268.28958
2011-07-22 09:00:00,120.27064
2011-07-22 10:00:00,81.23828
2011-07-22 11:00:00,83.70570000000001
2011-07-22 12:00:00,107.5976
2011-07-22 13:00:00,106.85834
2011-07-22 14:00:00,107.64146
2011-07-22 15:00:00,101.10051999999999
2011-07-22 16:00:00,161.04719999999998
2011-07-22 17:00:00,284.84796
2011-07-22 18:00:00,261.26652
2011-07-22 19:00:00,189.57064
2011-07-22 20:00:00,157.2213
2011-07-22 21:00:00,127.06693999999999
2011-07-22 22:00:00,109.1462
2011-07-22 23:00:00,78.38875999999999
2011-07-23 00:00:00,70.34876
2011-07-23 01:00:00,46.98154000000001
2011-07-23 02:00:00,35.09936
2011-07-23 03:00:00,15.365760000000002
2011-07-23 04:00:00,5.11478
2011-07-23 05:00:00,6.09134
2011-07-23 06:00:00,19.02208
2011-07-23 07:00:00,37.341159999999995
2011-07-23 08:00:00,84.47806
2011-07-23 09:00:00,123.89492
2011-07-23 10:00:00,155.62564
2011-07-23 11:00:00,175.35538000000003
2011-07-23 12:00:00,188.95808
2011-07-23 13:00:00,192.49898000000002
2011-07-23 14:00:00,191.16172
2011-07-23 15:00:00,189.66950000000003
2011-07-23 16:00:00,191.97686000000002
2011-07-23 17:00:00,202.00621999999998
2011-07-23 18:00:00,198.59844
2011-07-23 19:00:00,176.02032000000003
2011-07-23 20:00:00,156.68738
2011-07-23 21:00:00,129.9664
2011-07-23 22:00:00,123.23503999999998
2011-07-23 23:00:00,97.54032000000001
2011-07-24 00:00:00,65.49246
2011-07-24 01:00:00,49.014340000000004
2011-07-24 02:00:00,43.07062
2011-07-24 03:00:00,16.519840000000002
2011-07-24 04:00:00,4.639620000000001
2011-07-24 05:00:00,5.69382
2011-07-24 06:00:00,13.92126
2011-07-24 07:00:00,30.79006
2011-07-24 08:00:00,53.20804
2011-07-24 09:00:00,102.23488
2011-07-24 10:00:00,160.57829999999998
2011-07-24 11:00:00,178.96002
2011-07-24 12:00:00,190.34816
2011-07-24 13:00:00,188.52328
2011-07-24 14:00:00,189.66978999999998
2011-07-24 15:00:00,180.92942
2011-07-24 16:00:00,184.20254
2011-07-24 17:00:00,199.10829999999999
2011-07-24 18:00:00,194.29484000000002
2011-07-24 19:00:00,178.02652
2011-07-24 20:00:00,145.16320000000002
2011-07-24 21:00:00,115.224
2011-07-24 22:00:00,83.60378
2011-07-24 23:00:00,71.46478
2011-07-25 00:00:00,23.576700000000002
2011-07-25 01:00:00,10.47188
2011-07-25 02:00:00,5.07498
2011-07-25 03:00:00,2.79208
2011-07-25 04:00:00,3.57862
2011-07-25 05:00:00,14.214559999999999
2011-07-25 06:00:00,71.02206
2011-07-25 07:00:00,186.01782
2011-07-25 08:00:00,238.05262
2011-07-25 09:00:00,114.05431999999999
2011-07-25 10:00:00,65.09866000000001
2011-07-25 11:00:00,70.90728
2011-07-25 12:00:00,90.48776
2011-07-25 13:00:00,86.43947999999999
2011-07-25 14:00:00,73.00695999999999
2011-07-25 15:00:00,79.4893
2011-07-25 16:00:00,86.69758
2011-07-25 17:00:00,300.84226
2011-07-25 18:00:00,284.15136
2011-07-25 19:00:00,226.1994
2011-07-25 20:00:00,171.9584
2011-07-25 21:00:00,97.13722
2011-07-25 22:00:00,79.15764
2011-07-25 23:00:00,39.26522
2011-07-26 00:00:00,14.941880000000001
2011-07-26 01:00:00,7.57658
2011-07-26 02:00:00,4.69816
2011-07-26 03:00:00,3.14232
2011-07-26 04:00:00,3.72562
2011-07-26 05:00:00,15.419459999999999
2011-07-26 06:00:00,66.26382
2011-07-26 07:00:00,187.43254000000002
2011-07-26 08:00:00,254.29478
2011-07-26 09:00:00,115.19176
2011-07-26 10:00:00,69.23864
2011-07-26 11:00:00,79.52116
2011-07-26 12:00:00,102.63525999999999
2011-07-26 13:00:00,106.4744
2011-07-26 14:00:00,92.58446
2011-07-26 15:00:00,88.20662
2011-07-26 16:00:00,153.74944000000002
2011-07-26 17:00:00,327.8359
2011-07-26 18:00:00,322.82252
2011-07-26 19:00:00,220.17976
2011-07-26 20:00:00,170.39998
2011-07-26 21:00:00,135.10466
2011-07-26 22:00:00,92.44712
2011-07-26 23:00:00,45.51468
2011-07-27 00:00:00,25.196299999999997
2011-07-27 01:00:00,8.509
2011-07-27 02:00:00,5.443239999999999
2011-07-27 03:00:00,2.59332
2011-07-27 04:00:00,3.39348
2011-07-27 05:00:00,16.06216
2011-07-27 06:00:00,67.79578
2011-07-27 07:00:00,186.68725999999998
2011-07-27 08:00:00,270.01959999999997
2011-07-27 09:00:00,118.43526
2011-07-27 10:00:00,68.2894
2011-07-27 11:00:00,83.73096
2011-07-27 12:00:00,111.47117999999999
2011-07-27 13:00:00,110.49276
2011-07-27 14:00:00,91.13234
2011-07-27 15:00:00,98.01693999999999
2011-07-27 16:00:00,155.4533
2011-07-27 17:00:00,337.01378
2011-07-27 18:00:00,330.27454
2011-07-27 19:00:00,225.67128
2011-07-27 20:00:00,179.9185
2011-07-27 21:00:00,129.72678
2011-07-27 22:00:00,95.57813999999999
2011-07-27 23:00:00,54.11362
2011-07-28 00:00:00,28.64312
2011-07-28 01:00:00,11.36924
2011-07-28 02:00:00,5.37672
2011-07-28 03:00:00,3.1849
2011-07-28 04:00:00,3.7021200000000003
2011-07-28 05:00:00,17.19622
2011-07-28 06:00:00,69.88016
2011-07-28 07:00:00,185.80525999999998
2011-07-28 08:00:00,269.9607
2011-07-28 09:00:00,112.94278
2011-07-28 10:00:00,61.4995
2011-07-28 11:00:00,71.46127999999999
2011-07-28 12:00:00,88.55784
2011-07-28 13:00:00,83.0215
2011-07-28 14:00:00,86.54365999999999
2011-07-28 15:00:00,84.03264
2011-07-28 16:00:00,138.42506
2011-07-28 17:00:00,299.54972000000004
2011-07-28 18:00:00,292.13508
2011-07-28 19:00:00,209.93656
2011-07-28 20:00:00,163.07994
2011-07-28 21:00:00,123.23464
2011-07-28 22:00:00,98.33414
2011-07-28 23:00:00,69.8875
2011-07-29 00:00:00,33.82572
2011-07-29 01:00:00,16.33316
2011-07-29 02:00:00,10.702699999999998
2011-07-29 03:00:00,3.79114
2011-07-29 04:00:00,3.99004
2011-07-29 05:00:00,14.8155
2011-07-29 06:00:00,64.42855999999999
2011-07-29 07:00:00,175.58033999999998
2011-07-29 08:00:00,262.49158
2011-07-29 09:00:00,119.95174
2011-07-29 10:00:00,79.53384
2011-07-29 11:00:00,83.9043
2011-07-29 12:00:00,112.40798000000001
2011-07-29 13:00:00,108.84284000000001
2011-07-29 14:00:00,107.67734000000002
2011-07-29 15:00:00,105.21652
2011-07-29 16:00:00,172.4293
2011-07-29 17:00:00,296.66691999999995
2011-07-29 18:00:00,263.6133
2011-07-29 19:00:00,199.45256
2011-07-29 20:00:00,153.01322
2011-07-29 21:00:00,122.2829
2011-07-29 22:00:00,118.44818000000001
2011-07-29 23:00:00,80.00182
2011-07-30 00:00:00,70.92660000000001
2011-07-30 01:00:00,48.0124
2011-07-30 02:00:00,37.55284
2011-07-30 03:00:00,16.29286
2011-07-30 04:00:00,5.38174
2011-07-30 05:00:00,5.8186
2011-07-30 06:00:00,17.61562
2011-07-30 07:00:00,33.37052
2011-07-30 08:00:00,78.77266
2011-07-30 09:00:00,130.71722
2011-07-30 10:00:00,160.21908000000002
2011-07-30 11:00:00,181.16242
2011-07-30 12:00:00,197.82682
2011-07-30 13:00:00,196.52748000000003
2011-07-30 14:00:00,191.56752
2011-07-30 15:00:00,191.29917999999998
2011-07-30 16:00:00,198.33767999999998
2011-07-30 17:00:00,190.188
2011-07-30 18:00:00,182.59292
2011-07-30 19:00:00,167.96046
2011-07-30 20:00:00,152.44224
2011-07-30 21:00:00,128.1631
2011-07-30 22:00:00,121.44658
2011-07-30 23:00:00,98.73411999999999
2011-07-31 00:00:00,65.91420000000001
2011-07-31 01:00:00,50.99271999999999
2011-07-31 02:00:00,46.11542
2011-07-31 03:00:00,16.573320000000002
2011-07-31 04:00:00,5.06118
2011-07-31 05:00:00,5.65368
2011-07-31 06:00:00,14.426079999999999
2011-07-31 07:00:00,30.78558
2011-07-31 08:00:00,58.560100000000006
2011-07-31 09:00:00,108.51778
2011-07-31 10:00:00,151.5827
2011-07-31 11:00:00,179.16282
2011-07-31 12:00:00,191.31134
2011-07-31 13:00:00,189.21272
2011-07-31 14:00:00,186.9567
2011-07-31 15:00:00,183.35738
2011-07-31 16:00:00,189.1067
2011-07-31 17:00:00,184.1363
2011-07-31 18:00:00,194.13524
2011-07-31 19:00:00,173.48936
2011-07-31 20:00:00,142.084
2011-07-31 21:00:00,118.67774
2011-07-31 22:00:00,83.28574
2011-07-31 23:00:00,54.4048
2011-08-20 00:00:00,59.8587
2011-08-20 01:00:00,42.887280000000004
2011-08-20 02:00:00,34.76354
2011-08-20 03:00:00,16.92098
2011-08-20 04:00:00,4.436579999999999
2011-08-20 05:00:00,10.21016
2011-08-20 06:00:00,12.27568
2011-08-20 07:00:00,29.356199999999998
2011-08-20 08:00:00,68.65914000000001
2011-08-20 09:00:00,122.10646
2011-08-20 10:00:00,153.48814
2011-08-20 11:00:00,190.7623
2011-08-20 12:00:00,202.45829999999998
2011-08-20 13:00:00,191.25384400000002
2011-08-20 14:00:00,198.97098
2011-08-20 15:00:00,195.80743999999999
2011-08-20 16:00:00,198.37712000000002
2011-08-20 17:00:00,203.97271999999998
2011-08-20 18:00:00,197.97322
2011-08-20 19:00:00,179.09969999999998
2011-08-20 20:00:00,146.96316
2011-08-20 21:00:00,112.55578
2011-08-20 22:00:00,102.27764
2011-08-20 23:00:00,76.19106000000001
2011-08-21 00:00:00,65.75088
2011-08-21 01:00:00,46.63658
2011-08-21 02:00:00,40.6815
2011-08-21 03:00:00,20.59288
2011-08-21 04:00:00,4.4104600000000005
2011-08-21 05:00:00,4.135
2011-08-21 06:00:00,7.772740000000001
2011-08-21 07:00:00,21.49772
2011-08-21 08:00:00,51.68518
2011-08-21 09:00:00,98.90508
2011-08-21 10:00:00,136.82782
2011-08-21 11:00:00,160.58724
2011-08-21 12:00:00,178.97584
2011-08-21 13:00:00,202.06174000000004
2011-08-21 14:00:00,142.69412
2011-08-21 15:00:00,159.26386
2011-08-21 16:00:00,152.61944
2011-08-21 17:00:00,123.97048
2011-08-21 18:00:00,128.04462
2011-08-21 19:00:00,154.26502
2011-08-21 20:00:00,107.64016000000001
2011-08-21 21:00:00,98.92887999999999
2011-08-21 22:00:00,78.70558
2011-08-21 23:00:00,46.329980000000006
2011-08-22 00:00:00,16.9846
2011-08-22 01:00:00,7.9168199999999995
2011-08-22 02:00:00,6.04406
2011-08-22 03:00:00,3.5262599999999997
2011-08-22 04:00:00,3.84516
2011-08-22 05:00:00,16.26298
2011-08-22 06:00:00,62.13872
2011-08-22 07:00:00,170.69246
2011-08-22 08:00:00,235.83203999999998
2011-08-22 09:00:00,111.64408
2011-08-22 10:00:00,66.51976
2011-08-22 11:00:00,84.97868
2011-08-22 12:00:00,113.1438
2011-08-22 13:00:00,115.63198
2011-08-22 14:00:00,100.52422
2011-08-22 15:00:00,101.57028
2011-08-22 16:00:00,176.0171
2011-08-22 17:00:00,337.14428
2011-08-22 18:00:00,329.35562
2011-08-22 19:00:00,235.55740000000003
2011-08-22 20:00:00,172.48649999999998
2011-08-22 21:00:00,121.86778000000001
2011-08-22 22:00:00,72.1831
2011-08-22 23:00:00,53.551959999999994
2011-08-23 00:00:00,17.9521
2011-08-23 01:00:00,8.310379999999999
2011-08-23 02:00:00,5.00976
2011-08-23 03:00:00,2.754
2011-08-23 04:00:00,2.8796
2011-08-23 05:00:00,14.517439999999999
2011-08-23 06:00:00,68.00914
2011-08-23 07:00:00,197.66714000000002
2011-08-23 08:00:00,262.78888
2011-08-23 09:00:00,120.7652
2011-08-23 10:00:00,71.2824
2011-08-23 11:00:00,86.71589999999999
2011-08-23 12:00:00,118.56798
2011-08-23 13:00:00,115.4577
2011-08-23 14:00:00,99.32616000000002
2011-08-23 15:00:00,98.70909999999999
2011-08-23 16:00:00,175.7086
2011-08-23 17:00:00,345.43345999999997
2011-08-23 18:00:00,338.11478000000005
2011-08-23 19:00:00,232.2144
2011-08-23 20:00:00,166.40776000000002
2011-08-23 21:00:00,132.14598
2011-08-23 22:00:00,93.62776000000001
2011-08-23 23:00:00,46.586200000000005
2011-08-24 00:00:00,23.37724
2011-08-24 01:00:00,9.5956
2011-08-24 02:00:00,5.21902
2011-08-24 03:00:00,3.38926
2011-08-24 04:00:00,4.30908
2011-08-24 05:00:00,14.83608
2011-08-24 06:00:00,68.61668
2011-08-24 07:00:00,197.23324000000002
2011-08-24 08:00:00,262.90756
2011-08-24 09:00:00,121.94923999999999
2011-08-24 10:00:00,73.41954
2011-08-24 11:00:00,90.58176
2011-08-24 12:00:00,107.2101
2011-08-24 13:00:00,108.24786000000002
2011-08-24 14:00:00,90.34106
2011-08-24 15:00:00,94.28136
2011-08-24 16:00:00,165.82188
2011-08-24 17:00:00,336.27304
2011-08-24 18:00:00,320.55159999999995
2011-08-24 19:00:00,218.04136
2011-08-24 20:00:00,166.10766
2011-08-24 21:00:00,124.75407999999999
2011-08-24 22:00:00,86.88676
2011-08-24 23:00:00,56.82939999999999
2011-08-25 00:00:00,25.02112
2011-08-25 01:00:00,11.80246
2011-08-25 02:00:00,4.60962
2011-08-25 03:00:00,4.09024
2011-08-25 04:00:00,3.8044999999999995
2011-08-25 05:00:00,16.45086
2011-08-25 06:00:00,64.73796
2011-08-25 07:00:00,158.49374
2011-08-25 08:00:00,255.58217999999997
2011-08-25 09:00:00,121.46236
2011-08-25 10:00:00,68.7721
2011-08-25 11:00:00,59.585719999999995
2011-08-25 12:00:00,65.37968000000001
2011-08-25 13:00:00,78.16655999999999
2011-08-25 14:00:00,82.00999999999999
2011-08-25 15:00:00,92.57464
2011-08-25 16:00:00,95.61128000000001
2011-08-25 17:00:00,246.73414
2011-08-25 18:00:00,240.25154
2011-08-25 19:00:00,160.83694
2011-08-25 20:00:00,135.22242
2011-08-25 21:00:00,119.8321
2011-08-25 22:00:00,82.20107999999999
2011-08-25 23:00:00,72.10924
2011-08-26 00:00:00,30.71682
2011-08-26 01:00:00,13.234140000000002
2011-08-26 02:00:00,8.03826
2011-08-26 03:00:00,3.51738
2011-08-26 04:00:00,3.5797600000000003
2011-08-26 05:00:00,12.14142
2011-08-26 06:00:00,52.99784
2011-08-26 07:00:00,157.83078
2011-08-26 08:00:00,255.01988000000003
2011-08-26 09:00:00,119.33642
2011-08-26 10:00:00,85.30496
2011-08-26 11:00:00,87.74155999999999
2011-08-26 12:00:00,124.38848
2011-08-26 13:00:00,128.95548
2011-08-26 14:00:00,113.60048
2011-08-26 15:00:00,114.10176000000001
2011-08-26 16:00:00,182.29964
2011-08-26 17:00:00,297.81816000000003
2011-08-26 18:00:00,232.49854
2011-08-26 19:00:00,174.74182
2011-08-26 20:00:00,145.00222
2011-08-26 21:00:00,104.49204
2011-08-26 22:00:00,92.62837999999999
2011-08-26 23:00:00,76.32042
2011-08-27 00:00:00,61.32152
2011-08-27 01:00:00,42.6902
2011-08-27 02:00:00,36.312419999999996
2011-08-27 03:00:00,18.61518
2011-08-27 04:00:00,4.371040000000001
2011-08-27 05:00:00,4.72972
2011-08-27 06:00:00,14.0063
2011-08-27 07:00:00,36.05668
2011-08-27 08:00:00,79.75986
2011-08-27 09:00:00,109.65984000000002
2011-08-27 10:00:00,127.79852
2011-08-27 11:00:00,123.2928
2011-08-27 12:00:00,143.57844
2011-08-27 13:00:00,148.6904
2011-08-27 14:00:00,135.01622
2011-08-27 15:00:00,138.61802
2011-08-27 16:00:00,129.01978
2011-08-27 17:00:00,96.91022000000001
2011-08-28 07:00:00,22.64864
2011-08-28 08:00:00,45.36298
2011-08-28 09:00:00,102.03504
2011-08-28 10:00:00,160.23534
2011-08-28 11:00:00,190.96916
2011-08-28 12:00:00,213.02978000000002
2011-08-28 13:00:00,224.16091999999998
2011-08-28 14:00:00,201.43632000000002
2011-08-28 15:00:00,197.05372
2011-08-28 16:00:00,195.88984
2011-08-28 17:00:00,209.28681
2011-08-28 18:00:00,202.59436999999997
2011-08-28 19:00:00,177.70706
2011-08-28 20:00:00,130.80234000000002
2011-08-28 21:00:00,97.41866
2011-08-28 22:00:00,76.76823999999999
2011-08-28 23:00:00,45.395039999999995
2011-08-29 00:00:00,19.98506
2011-08-29 01:00:00,11.285400000000001
2011-08-29 02:00:00,4.2888
2011-08-29 03:00:00,3.76678
2011-08-29 04:00:00,3.5450999999999997
2011-08-29 05:00:00,13.36016
2011-08-29 06:00:00,64.54126
2011-08-29 07:00:00,189.58669999999998
2011-08-29 08:00:00,243.0233
2011-08-29 09:00:00,113.78998
2011-08-29 10:00:00,68.55034
2011-08-29 11:00:00,86.0928
2011-08-29 12:00:00,113.88025999999999
2011-08-29 13:00:00,118.26635999999999
2011-08-29 14:00:00,95.05727999999999
2011-08-29 15:00:00,99.09082000000001
2011-08-29 16:00:00,174.3894
2011-08-29 17:00:00,327.27142
2011-08-29 18:00:00,319.13201999999995
2011-08-29 19:00:00,236.17658
2011-08-29 20:00:00,169.11232
2011-08-29 21:00:00,118.63977999999999
2011-08-29 22:00:00,86.02226
2011-08-29 23:00:00,42.117
2011-08-30 00:00:00,18.012700000000002
2011-08-30 01:00:00,8.51048
2011-08-30 02:00:00,3.91892
2011-08-30 03:00:00,2.50388
2011-08-30 04:00:00,3.70074
2011-08-30 05:00:00,12.84152
2011-08-30 06:00:00,67.96148
2011-08-30 07:00:00,204.39020000000002
2011-08-30 08:00:00,273.96642
2011-08-30 09:00:00,120.84858000000001
2011-08-30 10:00:00,70.91114
2011-08-30 11:00:00,86.77486
2011-08-30 12:00:00,112.94406000000001
2011-08-30 13:00:00,115.68936
2011-08-30 14:00:00,98.09277999999999
2011-08-30 15:00:00,98.47966000000001
2011-08-30 16:00:00,174.50133999999997
2011-08-30 17:00:00,337.70144
2011-08-30 18:00:00,330.51752
2011-08-30 19:00:00,225.74489999999997
2011-08-30 20:00:00,170.15
2011-08-30 21:00:00,125.13408
2011-08-30 22:00:00,95.76289999999999
2011-08-30 23:00:00,46.834179999999996
2011-08-31 00:00:00,21.369239999999998
2011-08-31 01:00:00,8.78768
2011-08-31 02:00:00,4.14588
2011-08-31 03:00:00,3.29556
2011-08-31 04:00:00,3.84434
2011-08-31 05:00:00,15.4423
2011-08-31 06:00:00,67.42002
2011-08-31 07:00:00,201.89172
2011-08-31 08:00:00,262.50023999999996
2011-08-31 09:00:00,122.9665
2011-08-31 10:00:00,72.97068
2011-08-31 11:00:00,87.2223
2011-08-31 12:00:00,111.62016000000001
2011-08-31 13:00:00,115.31678000000001
2011-08-31 14:00:00,94.26382000000001
2011-08-31 15:00:00,96.5794
2011-08-31 16:00:00,171.00394
2011-08-31 17:00:00,342.99427999999995
2011-08-31 18:00:00,318.22346
2011-08-31 19:00:00,213.48340000000002
2011-08-31 20:00:00,172.36754
2011-08-31 21:00:00,126.43984
2011-08-31 22:00:00,92.50184
2011-08-31 23:00:00,49.62384
2011-09-20 00:00:00,17.0938
2011-09-20 01:00:00,6.72024
2011-09-20 02:00:00,2.39508
2011-09-20 03:00:00,2.5786
2011-09-20 04:00:00,3.0604
2011-09-20 05:00:00,13.42618
2011-09-20 06:00:00,64.82368
2011-09-20 07:00:00,179.06867999999997
2011-09-20 08:00:00,165.79584
2011-09-20 09:00:00,75.46642000000001
2011-09-20 10:00:00,41.43186
2011-09-20 11:00:00,43.21542000000001
2011-09-20 12:00:00,36.26768
2011-09-20 13:00:00,38.221
2011-09-20 14:00:00,57.29798
2011-09-20 15:00:00,96.07548
2011-09-20 16:00:00,105.97008
2011-09-20 17:00:00,225.45196
2011-09-20 18:00:00,224.7353
2011-09-20 19:00:00,174.28196
2011-09-20 20:00:00,115.36350000000002
2011-09-20 21:00:00,77.08546
2011-09-20 22:00:00,73.81726
2011-09-20 23:00:00,41.683040000000005
2011-09-21 00:00:00,15.08118
2011-09-21 01:00:00,5.76762
2011-09-21 02:00:00,3.85792
2011-09-21 03:00:00,2.37218
2011-09-21 04:00:00,2.65972
2011-09-21 05:00:00,9.28458
2011-09-21 06:00:00,59.15472
2011-09-21 07:00:00,149.54278
2011-09-21 08:00:00,220.48438
2011-09-21 09:00:00,73.98958
2011-09-21 10:00:00,51.29822
2011-09-21 11:00:00,57.319599999999994
2011-09-21 12:00:00,94.02298
2011-09-21 13:00:00,92.79238000000001
2011-09-21 14:00:00,88.9157
2011-09-21 15:00:00,92.32418
2011-09-21 16:00:00,158.84982
2011-09-21 17:00:00,263.1921
2011-09-21 18:00:00,237.92956
2011-09-21 19:00:00,101.19606
2011-09-21 20:00:00,66.5707
2011-09-21 21:00:00,65.44444
2011-09-21 22:00:00,60.395239999999994
2011-09-21 23:00:00,44.2497
2011-09-22 00:00:00,14.999399999999998
2011-09-22 01:00:00,6.6533
2011-09-22 02:00:00,4.224920000000001
2011-09-22 03:00:00,2.70084
2011-09-22 04:00:00,2.64816
2011-09-22 05:00:00,10.469899999999999
2011-09-22 06:00:00,58.5211
2011-09-22 07:00:00,169.28609999999998
2011-09-22 08:00:00,201.43254
2011-09-22 09:00:00,97.8355
2011-09-22 10:00:00,63.14338
2011-09-22 11:00:00,61.6905
2011-09-22 12:00:00,75.72958000000001
2011-09-22 13:00:00,77.59808
2011-09-22 14:00:00,75.5989
2011-09-22 15:00:00,80.44662000000001
2011-09-22 16:00:00,159.30798
2011-09-22 17:00:00,220.35666000000003
2011-09-22 18:00:00,202.44
2011-09-22 19:00:00,138.57292
2011-09-22 20:00:00,83.77538
2011-09-22 21:00:00,72.29236
2011-09-22 22:00:00,66.95598
2011-09-22 23:00:00,49.59754
2011-09-23 00:00:00,18.572799999999997
2011-09-23 01:00:00,10.081159999999999
2011-09-23 02:00:00,7.543119999999999
2011-09-23 03:00:00,3.3700599999999996
2011-09-23 04:00:00,2.97412
2011-09-23 05:00:00,10.0808
2011-09-23 06:00:00,46.94537999999999
2011-09-23 07:00:00,87.75957999999999
2011-09-23 08:00:00,142.81788
2011-09-23 09:00:00,62.1355
2011-09-23 10:00:00,41.341680000000004
2011-09-23 11:00:00,42.93038
2011-09-23 12:00:00,48.678720000000006
2011-09-23 13:00:00,49.9834
2011-09-23 14:00:00,49.743159999999996
2011-09-23 15:00:00,50.934619999999995
2011-09-23 16:00:00,108.95868
2011-09-23 17:00:00,113.04128
2011-09-23 18:00:00,111.43406
2011-09-23 19:00:00,132.56876
2011-09-23 20:00:00,107.449
2011-09-23 21:00:00,80.88968
2011-09-23 22:00:00,76.7096
2011-09-23 23:00:00,52.3038
2011-09-24 00:00:00,47.38498
2011-09-24 01:00:00,46.778240000000004
2011-09-24 02:00:00,37.98528
2011-09-24 03:00:00,16.8771
2011-09-24 04:00:00,4.5466
2011-09-24 05:00:00,6.84396
2011-09-24 06:00:00,8.50808
2011-09-24 07:00:00,30.44932
2011-09-24 08:00:00,65.88618
2011-09-24 09:00:00,94.81036
2011-09-24 10:00:00,128.67636
2011-09-24 11:00:00,163.57036
2011-09-24 12:00:00,175.72601999999998
2011-09-24 13:00:00,183.28396
2011-09-24 14:00:00,174.26644
2011-09-24 15:00:00,176.50024000000002
2011-09-24 16:00:00,166.11534
2011-09-24 17:00:00,157.38881999999998
2011-09-24 18:00:00,146.37608
2011-09-24 19:00:00,115.48832
2011-09-24 20:00:00,103.8017
2011-09-24 21:00:00,91.24798
2011-09-24 22:00:00,77.61742
2011-09-24 23:00:00,70.71406
2011-09-25 00:00:00,56.84752
2011-09-25 01:00:00,42.03684
2011-09-25 02:00:00,34.52808
2011-09-25 03:00:00,17.69344
2011-09-25 04:00:00,4.97612
2011-09-25 05:00:00,9.90546
2011-09-25 06:00:00,7.832520000000001
2011-09-25 07:00:00,23.37308
2011-09-25 08:00:00,48.154939999999996
2011-09-25 09:00:00,101.91839999999999
2011-09-25 10:00:00,141.86262
2011-09-25 11:00:00,161.01178
2011-09-25 12:00:00,172.92798000000002
2011-09-25 13:00:00,177.32812
2011-09-25 14:00:00,173.102
2011-09-25 15:00:00,175.5421
2011-09-25 16:00:00,186.6218
2011-09-25 17:00:00,158.04744
2011-09-25 18:00:00,155.10528
2011-09-25 19:00:00,112.93744
2011-09-25 20:00:00,110.4214
2011-09-25 21:00:00,77.00974000000001
2011-09-25 22:00:00,75.27866
2011-09-25 23:00:00,50.02504
2011-09-26 00:00:00,13.72804
2011-09-26 01:00:00,6.159479999999999
2011-09-26 02:00:00,3.1962
2011-09-26 03:00:00,2.50768
2011-09-26 04:00:00,3.5085800000000003
2011-09-26 05:00:00,11.854880000000001
2011-09-26 06:00:00,58.984120000000004
2011-09-26 07:00:00,162.7651
2011-09-26 08:00:00,214.86801999999997
2011-09-26 09:00:00,110.17984
2011-09-26 10:00:00,55.899339999999995
2011-09-26 11:00:00,66.98204
2011-09-26 12:00:00,78.35311999999999
2011-09-26 13:00:00,93.44844
2011-09-26 14:00:00,94.77646
2011-09-26 15:00:00,96.62818000000001
2011-09-26 16:00:00,165.88317999999998
2011-09-26 17:00:00,327.8105
2011-09-26 18:00:00,226.89816000000002
2011-09-26 19:00:00,147.14587999999998
2011-09-26 20:00:00,108.66156000000001
2011-09-26 21:00:00,81.07558
2011-09-26 22:00:00,74.30908000000001
2011-09-26 23:00:00,42.5696
2011-09-27 00:00:00,14.185880000000001
2011-09-27 01:00:00,6.256639999999999
2011-09-27 02:00:00,3.23724
2011-09-27 03:00:00,1.9794800000000001
2011-09-27 04:00:00,2.58242
2011-09-27 05:00:00,8.0934
2011-09-27 06:00:00,61.4369
2011-09-27 07:00:00,174.7636
2011-09-27 08:00:00,246.14092
2011-09-27 09:00:00,109.8636
2011-09-27 10:00:00,37.28534
2011-09-27 11:00:00,62.904860000000006
2011-09-27 12:00:00,71.4154
2011-09-27 13:00:00,95.87828
2011-09-27 14:00:00,74.37577999999999
2011-09-27 15:00:00,73.91673999999999
2011-09-27 16:00:00,101.82256000000001
2011-09-27 17:00:00,141.92576
2011-09-27 18:00:00,151.23893999999999
2011-09-27 19:00:00,144.34842
2011-09-27 20:00:00,135.39792
2011-09-27 21:00:00,99.16188
2011-09-27 22:00:00,77.40147999999999
2011-09-27 23:00:00,42.2678
2011-09-28 00:00:00,18.4066
2011-09-28 01:00:00,7.24036
2011-09-28 02:00:00,3.1288000000000005
2011-09-28 03:00:00,2.6575800000000003
2011-09-28 04:00:00,3.76212
2011-09-28 05:00:00,10.425180000000001
2011-09-28 06:00:00,37.199839999999995
2011-09-28 07:00:00,61.483200000000004
2011-09-28 08:00:00,152.19302
2011-09-28 09:00:00,76.31496
2011-09-28 10:00:00,36.96768
2011-09-28 11:00:00,60.10496
2011-09-28 12:00:00,73.78898000000001
2011-09-28 13:00:00,96.89738000000001
2011-09-28 14:00:00,91.24932
2011-09-28 15:00:00,94.74142
2011-09-28 16:00:00,168.04298
2011-09-28 17:00:00,324.27476
2011-09-28 18:00:00,215.13564
2011-09-28 19:00:00,144.4991
2011-09-28 20:00:00,78.52542
2011-09-28 21:00:00,59.43034000000001
2011-09-28 22:00:00,77.52036000000001
2011-09-28 23:00:00,44.04164
2011-09-29 00:00:00,14.66888
2011-09-29 01:00:00,6.59184
2011-09-29 02:00:00,3.7903200000000004
2011-09-29 03:00:00,2.93444
2011-09-29 04:00:00,3.4411
2011-09-29 05:00:00,13.114600000000001
2011-09-29 06:00:00,72.30898
2011-09-29 07:00:00,191.2753
2011-09-29 08:00:00,261.72982
2011-09-29 09:00:00,125.10968000000001
2011-09-29 10:00:00,76.38232
2011-09-29 11:00:00,93.33254000000001
2011-09-29 12:00:00,113.01128
2011-09-29 13:00:00,108.26710000000001
2011-09-29 14:00:00,101.77278
2011-09-29 15:00:00,100.05118
2011-09-29 16:00:00,172.57556
2011-09-29 17:00:00,332.35094000000004
2011-09-29 18:00:00,318.0513
2011-09-29 19:00:00,213.79363999999998
2011-09-29 20:00:00,159.96968
2011-09-29 21:00:00,122.7627
2011-09-29 22:00:00,87.34284
2011-09-29 23:00:00,65.40812
2011-09-30 00:00:00,27.33964
2011-09-30 01:00:00,15.09844
2011-09-30 02:00:00,8.36348
2011-09-30 03:00:00,3.4521999999999995
2011-09-30 04:00:00,3.45638
2011-09-30 05:00:00,15.875359999999999
2011-09-30 06:00:00,53.4856
2011-09-30 07:00:00,154.0082
2011-09-30 08:00:00,267.86773999999997
2011-09-30 09:00:00,127.70306
2011-09-30 10:00:00,89.01115999999999
2011-09-30 11:00:00,108.84208
2011-09-30 12:00:00,135.71662
2011-09-30 13:00:00,133.65
2011-09-30 14:00:00,135.63836
2011-09-30 15:00:00,134.91485999999998
2011-09-30 16:00:00,202.26898
2011-09-30 17:00:00,300.6473
2011-09-30 18:00:00,266.75358
2011-09-30 19:00:00,173.51080000000002
2011-09-30 20:00:00,120.49522
2011-09-30 21:00:00,95.87574
2011-09-30 22:00:00,76.95791999999999
2011-09-30 23:00:00,64.0742
2011-10-20 00:00:00,13.56584
2011-10-20 01:00:00,8.83112
2011-10-20 02:00:00,3.9498599999999997
2011-10-20 03:00:00,2.68198
2011-10-20 04:00:00,3.06862
2011-10-20 05:00:00,16.1119
2011-10-20 06:00:00,61.05232
2011-10-20 07:00:00,167.7617
2011-10-20 08:00:00,263.96106
2011-10-20 09:00:00,128.16952
2011-10-20 10:00:00,71.20322
2011-10-20 11:00:00,84.1669
2011-10-20 12:00:00,111.16814000000001
2011-10-20 13:00:00,106.79942000000001
2011-10-20 14:00:00,88.12679999999999
2011-10-20 15:00:00,88.09496
2011-10-20 16:00:00,139.58362
2011-10-20 17:00:00,266.76894000000004
2011-10-20 18:00:00,253.7172
2011-10-20 19:00:00,150.5685
2011-10-20 20:00:00,135.93866
2011-10-20 21:00:00,87.24002
2011-10-20 22:00:00,70.21896
2011-10-20 23:00:00,47.5283
2011-10-21 00:00:00,28.178479999999997
2011-10-21 01:00:00,14.401
2011-10-21 02:00:00,7.012500000000001
2011-10-21 03:00:00,3.7755000000000005
2011-10-21 04:00:00,3.49278
2011-10-21 05:00:00,15.60524
2011-10-21 06:00:00,54.05315999999999
2011-10-21 07:00:00,155.88254
2011-10-21 08:00:00,266.30474
2011-10-21 09:00:00,125.12074000000001
2011-10-21 10:00:00,85.60392
2011-10-21 11:00:00,98.01689999999999
2011-10-21 12:00:00,130.23301999999998
2011-10-21 13:00:00,121.85382
2011-10-21 14:00:00,123.59971999999999
2011-10-21 15:00:00,126.40610000000001
2011-10-21 16:00:00,192.2946
2011-10-21 17:00:00,275.70128
2011-10-21 18:00:00,248.54862
2011-10-21 19:00:00,140.58876
2011-10-21 20:00:00,122.07020000000001
2011-10-21 21:00:00,90.54872
2011-10-21 22:00:00,76.30257999999999
2011-10-21 23:00:00,48.968019999999996
2011-10-22 00:00:00,43.9383
2011-10-22 01:00:00,39.15264
2011-10-22 02:00:00,31.75786
2011-10-22 03:00:00,14.295199999999998
2011-10-22 04:00:00,4.5696200000000005
2011-10-22 05:00:00,4.37334
2011-10-22 06:00:00,9.88864
2011-10-22 07:00:00,24.84426
2011-10-22 08:00:00,52.656560000000006
2011-10-22 09:00:00,100.08174
2011-10-22 10:00:00,143.0942
2011-10-22 11:00:00,171.98901999999998
2011-10-22 12:00:00,181.70871999999997
2011-10-22 13:00:00,188.13082
2011-10-22 14:00:00,177.8478
2011-10-22 15:00:00,180.23548
2011-10-22 16:00:00,183.65986
2011-10-22 17:00:00,140.98318
2011-10-22 18:00:00,118.69404
2011-10-22 19:00:00,100.55194
2011-10-22 20:00:00,69.50036
2011-10-22 21:00:00,53.92702
2011-10-22 22:00:00,52.759859999999996
2011-10-22 23:00:00,44.731939999999994
2011-10-23 00:00:00,40.14207999999999
2011-10-23 01:00:00,34.65964
2011-10-23 02:00:00,27.60458
2011-10-23 03:00:00,15.127600000000001
2011-10-23 04:00:00,4.98278
2011-10-23 05:00:00,4.77922
2011-10-23 06:00:00,9.017660000000001
2011-10-23 07:00:00,20.7286
2011-10-23 08:00:00,42.0415
2011-10-23 09:00:00,86.91256
2011-10-23 10:00:00,142.89422
2011-10-23 11:00:00,146.61581999999999
2011-10-23 12:00:00,183.15734
2011-10-23 13:00:00,186.27106
2011-10-23 14:00:00,193.71230000000003
2011-10-23 15:00:00,182.20356
2011-10-23 16:00:00,198.49158
2011-10-23 17:00:00,163.05078
2011-10-23 18:00:00,148.72438
2011-10-23 19:00:00,102.82242
2011-10-23 20:00:00,70.94239999999999
2011-10-23 21:00:00,59.62468
2011-10-23 22:00:00,52.08897999999999
2011-10-23 23:00:00,48.19028
2011-10-24 00:00:00,28.08908
2011-10-24 01:00:00,7.47926
2011-10-24 02:00:00,3.3776400000000004
2011-10-24 03:00:00,4.07128
2011-10-24 04:00:00,3.71548
2011-10-24 05:00:00,15.279039999999998
2011-10-24 06:00:00,60.79881999999999
2011-10-24 07:00:00,174.34764
2011-10-24 08:00:00,244.53732
2011-10-24 09:00:00,108.0213
2011-10-24 10:00:00,58.66258
2011-10-24 11:00:00,73.67972
2011-10-24 12:00:00,100.04574
2011-10-24 13:00:00,97.73016
2011-10-24 14:00:00,92.16736
2011-10-24 15:00:00,107.86434
2011-10-24 16:00:00,166.9963
2011-10-24 17:00:00,314.34424
2011-10-24 18:00:00,310.2271
2011-10-24 19:00:00,149.01272
2011-10-24 20:00:00,132.23228
2011-10-24 21:00:00,97.31338
2011-10-24 22:00:00,67.70138
2011-10-24 23:00:00,38.2403
2011-10-25 00:00:00,32.30876
2011-10-25 01:00:00,7.24868
2011-10-25 02:00:00,2.5026
2011-10-25 03:00:00,3.4941199999999997
2011-10-25 04:00:00,3.30614
2011-10-25 05:00:00,14.62576
2011-10-25 06:00:00,62.91878
2011-10-25 07:00:00,171.71886
2011-10-25 08:00:00,246.87398000000002
2011-10-25 09:00:00,122.63826000000002
2011-10-25 10:00:00,71.6161
2011-10-25 11:00:00,79.41464
2011-10-25 12:00:00,112.93790000000001
2011-10-25 13:00:00,107.56952000000001
2011-10-25 14:00:00,94.82194
2011-10-25 15:00:00,103.15404000000001
2011-10-25 16:00:00,174.80298
2011-10-25 17:00:00,331.75390000000004
2011-10-25 18:00:00,303.44444
2011-10-25 19:00:00,181.98557999999997
2011-10-25 20:00:00,134.86662
2011-10-25 21:00:00,94.67229999999999
2011-10-25 22:00:00,74.37334
2011-10-25 23:00:00,41.66198
2011-10-26 00:00:00,28.900840000000002
2011-10-26 01:00:00,7.414860000000001
2011-10-26 02:00:00,6.3391399999999996
2011-10-26 03:00:00,2.67614
2011-10-26 04:00:00,2.5569200000000003
2011-10-26 05:00:00,15.462779999999999
2011-10-26 06:00:00,66.77718
2011-10-26 07:00:00,184.32378
2011-10-26 08:00:00,263.22528
2011-10-26 09:00:00,123.95562000000001
2011-10-26 10:00:00,74.73531999999999
2011-10-26 11:00:00,81.96182
2011-10-26 12:00:00,112.1883
2011-10-26 13:00:00,95.29168000000001
2011-10-26 14:00:00,84.86412
2011-10-26 15:00:00,90.69988
2011-10-26 16:00:00,134.99168
2011-10-26 17:00:00,253.70494
2011-10-26 18:00:00,281.2948
2011-10-26 19:00:00,170.20654
2011-10-26 20:00:00,129.18166
2011-10-26 21:00:00,98.17998
2011-10-26 22:00:00,75.12632
2011-10-26 23:00:00,38.801919999999996
2011-10-27 00:00:00,19.4205
2011-10-27 01:00:00,7.5949
2011-10-27 02:00:00,3.5732399999999997
2011-10-27 03:00:00,2.23388
2011-10-27 04:00:00,2.68064
2011-10-27 05:00:00,10.93094
2011-10-27 06:00:00,36.95424
2011-10-27 07:00:00,175.65964
2011-10-27 08:00:00,156.14722
2011-10-27 09:00:00,125.85454
2011-10-27 10:00:00,58.5589
2011-10-27 11:00:00,57.82404
2011-10-27 12:00:00,51.0738
2011-10-27 13:00:00,71.30724
2011-10-27 14:00:00,75.52282000000001
2011-10-27 15:00:00,76.60792
2011-10-27 16:00:00,171.10047999999998
2011-10-27 17:00:00,241.03682
2011-10-27 18:00:00,225.78279999999998
2011-10-27 19:00:00,137.99018
2011-10-27 20:00:00,120.07616000000002
2011-10-27 21:00:00,78.87192000000002
2011-10-27 22:00:00,53.35874
2011-10-27 23:00:00,38.79212
2011-10-28 00:00:00,23.68948
2011-10-28 01:00:00,10.352979999999999
2011-10-28 02:00:00,5.2195800000000006
2011-10-28 03:00:00,2.2020700000000004
2011-10-28 04:00:00,2.2008599999999996
2011-10-28 05:00:00,12.86012
2011-10-28 06:00:00,53.45546
2011-10-28 07:00:00,148.89042
2011-10-28 08:00:00,269.55517999999995
2011-10-28 09:00:00,122.60922
2011-10-28 10:00:00,80.53144
2011-10-28 11:00:00,92.67931999999999
2011-10-28 12:00:00,114.77454000000002
2011-10-28 13:00:00,107.90216000000001
2011-10-28 14:00:00,103.19125999999999
2011-10-28 15:00:00,102.85792
2011-10-28 16:00:00,138.66649999999998
2011-10-28 17:00:00,238.58311999999998
2011-10-28 18:00:00,225.18086
2011-10-28 19:00:00,132.2179
2011-10-28 20:00:00,74.32133999999999
2011-10-28 21:00:00,58.2837
2011-10-28 22:00:00,42.292
2011-10-28 23:00:00,32.66346
2011-10-29 00:00:00,30.03114
2011-10-29 01:00:00,23.1791
2011-10-29 02:00:00,20.61866
2011-10-29 03:00:00,6.88026
2011-10-29 04:00:00,2.96344
2011-10-29 05:00:00,2.8886199999999995
2011-10-29 06:00:00,8.386099999999999
2011-10-29 07:00:00,25.0791
2011-10-29 08:00:00,56.48268
2011-10-29 09:00:00,78.89818
2011-10-29 10:00:00,82.90183999999999
2011-10-29 11:00:00,86.00664
2011-10-29 12:00:00,86.18564
2011-10-29 13:00:00,83.01620000000001
2011-10-29 14:00:00,86.99127999999999
2011-10-29 15:00:00,88.06712
2011-10-29 16:00:00,83.52718
2011-10-29 17:00:00,72.3008
2011-10-29 18:00:00,66.83788
2011-10-29 19:00:00,62.38102
2011-10-29 20:00:00,50.556239999999995
2011-10-29 21:00:00,39.80384
2011-10-29 22:00:00,38.9727
2011-10-29 23:00:00,32.10416
2011-10-30 00:00:00,35.094919999999995
2011-10-30 01:00:00,27.990980000000004
2011-10-30 02:00:00,22.7825
2011-10-30 03:00:00,7.93166
2011-10-30 04:00:00,2.57342
2011-10-30 05:00:00,2.53342
2011-10-30 06:00:00,6.70738
2011-10-30 07:00:00,18.77488
2011-10-30 08:00:00,41.226060000000004
2011-10-30 09:00:00,78.10604000000001
2011-10-30 10:00:00,123.49816
2011-10-30 11:00:00,147.73424
2011-10-30 12:00:00,174.3789
2011-10-30 13:00:00,177.32457999999997
2011-10-30 14:00:00,190.00976000000003
2011-10-30 15:00:00,198.93084
2011-10-30 16:00:00,194.44688000000002
2011-10-30 17:00:00,145.65446
2011-10-30 18:00:00,112.38194
2011-10-30 19:00:00,153.93921999999998
2011-10-30 20:00:00,67.26638000000001
2011-10-30 21:00:00,51.87626
2011-10-30 22:00:00,41.91038
2011-10-30 23:00:00,24.41102
2011-10-31 00:00:00,10.4339
2011-10-31 01:00:00,4.41754
2011-10-31 02:00:00,1.7337600000000002
2011-10-31 03:00:00,2.2235061666666662
2011-10-31 04:00:00,3.0459099999999997
2011-10-31 05:00:00,12.912326666666667
2011-10-31 06:00:00,56.46715999999999
2011-10-31 07:00:00,163.90136
2011-10-31 08:00:00,245.93168
2011-10-31 09:00:00,110.956
2011-10-31 10:00:00,67.81425999999999
2011-10-31 11:00:00,77.1585
2011-10-31 12:00:00,96.01232
2011-10-31 13:00:00,95.02923999999999
2011-10-31 14:00:00,89.09932
2011-10-31 15:00:00,97.80206000000001
2011-10-31 16:00:00,139.4822
2011-10-31 17:00:00,293.07646
2011-10-31 18:00:00,251.03516000000002
2011-10-31 19:00:00,176.51154000000002
2011-10-31 20:00:00,119.13803999999999
2011-10-31 21:00:00,76.71306
2011-10-31 22:00:00,54.34588
2011-10-31 23:00:00,31.19866
2011-11-20 00:00:00,42.63502
2011-11-20 01:00:00,37.99494
2011-11-20 02:00:00,32.76608
2011-11-20 03:00:00,12.8825
2011-11-20 04:00:00,3.6893599999999998
2011-11-20 05:00:00,3.73984
2011-11-20 06:00:00,9.7274
2011-11-20 07:00:00,22.637
2011-11-20 08:00:00,39.471599999999995
2011-11-20 09:00:00,90.38704
2011-11-20 10:00:00,140.43816
2011-11-20 11:00:00,171.19846
2011-11-20 12:00:00,178.93662
2011-11-20 13:00:00,181.04326
2011-11-20 14:00:00,184.28668000000002
2011-11-20 15:00:00,177.32312
2011-11-20 16:00:00,187.8827
2011-11-20 17:00:00,168.67793999999998
2011-11-20 18:00:00,170.25009999999997
2011-11-20 19:00:00,117.44142000000001
2011-11-20 20:00:00,101.84526000000001
2011-11-20 21:00:00,65.33464000000001
2011-11-20 22:00:00,43.79938
2011-11-20 23:00:00,37.29978
2011-11-21 00:00:00,25.32754
2011-11-21 01:00:00,8.78964
2011-11-21 02:00:00,5.01068
2011-11-21 03:00:00,2.62226
2011-11-21 04:00:00,2.79846
2011-11-21 05:00:00,9.08118
2011-11-21 06:00:00,55.61826
2011-11-21 07:00:00,156.45096
2011-11-21 08:00:00,237.43738000000002
2011-11-21 09:00:00,106.91669999999999
2011-11-21 10:00:00,62.937760000000004
2011-11-21 11:00:00,65.56952
2011-11-21 12:00:00,88.82780000000001
2011-11-21 13:00:00,87.85848
2011-11-21 14:00:00,65.80914
2011-11-21 15:00:00,30.656299999999998
2011-11-21 16:00:00,52.302260000000004
2011-11-21 17:00:00,83.4166
2011-11-21 18:00:00,131.66496
2011-11-21 19:00:00,117.50426
2011-11-21 20:00:00,84.43398
2011-11-21 21:00:00,68.05217999999999
2011-11-21 22:00:00,51.35262
2011-11-21 23:00:00,31.98946
2011-11-22 00:00:00,8.84192
2011-11-22 01:00:00,5.0199
2011-11-22 02:00:00,2.9302799999999998
2011-11-22 03:00:00,2.98636
2011-11-22 04:00:00,2.66692
2011-11-22 05:00:00,7.949579999999999
2011-11-22 06:00:00,49.68282
2011-11-22 07:00:00,73.48888
2011-11-22 08:00:00,146.11132
2011-11-22 09:00:00,68.62186
2011-11-22 10:00:00,36.56458
2011-11-22 11:00:00,38.08951999999999
2011-11-22 12:00:00,40.59522
2011-11-22 13:00:00,30.882039999999996
2011-11-22 14:00:00,29.51988
2011-11-22 15:00:00,24.5903
2011-11-22 16:00:00,64.42511999999999
2011-11-22 17:00:00,125.9659
2011-11-22 18:00:00,127.92067999999999
2011-11-22 19:00:00,132.23808
2011-11-22 20:00:00,100.99416000000001
2011-11-22 21:00:00,68.62278
2011-11-22 22:00:00,64.28486
2011-11-22 23:00:00,39.68284
2011-11-23 00:00:00,14.671619999999999
2011-11-23 01:00:00,5.52382
2011-11-23 02:00:00,2.67792
2011-11-23 03:00:00,2.2796000000000003
2011-11-23 04:00:00,3.12424
2011-11-23 05:00:00,10.65846
2011-11-23 06:00:00,55.84772
2011-11-23 07:00:00,176.452
2011-11-23 08:00:00,241.77482
2011-11-23 09:00:00,104.65812
2011-11-23 10:00:00,46.784659999999995
2011-11-23 11:00:00,72.08178000000001
2011-11-23 12:00:00,104.3709
2011-11-23 13:00:00,90.17416
2011-11-23 14:00:00,83.40288
2011-11-23 15:00:00,86.941
2011-11-23 16:00:00,135.89176
2011-11-23 17:00:00,172.30538
2011-11-23 18:00:00,236.76688
2011-11-23 19:00:00,145.4385
2011-11-23 20:00:00,101.59069999999998
2011-11-23 21:00:00,78.53848
2011-11-23 22:00:00,59.42944000000001
2011-11-23 23:00:00,33.70834
2011-11-24 00:00:00,24.950960000000002
2011-11-24 01:00:00,13.835899999999999
2011-11-24 02:00:00,7.7255199999999995
2011-11-24 03:00:00,4.37328
2011-11-24 04:00:00,3.94718
2011-11-24 05:00:00,9.94808
2011-11-24 06:00:00,21.718339999999998
2011-11-24 07:00:00,71.96784000000001
2011-11-24 08:00:00,109.9205
2011-11-24 09:00:00,108.24802
2011-11-24 10:00:00,102.76808
2011-11-24 11:00:00,126.84837999999999
2011-11-24 12:00:00,149.27372
2011-11-24 13:00:00,155.4082
2011-11-24 14:00:00,155.24772
2011-11-24 15:00:00,156.0763
2011-11-24 16:00:00,161.23234000000002
2011-11-24 17:00:00,181.6408
2011-11-24 18:00:00,151.74542000000002
2011-11-24 19:00:00,122.8988
2011-11-24 20:00:00,81.679
2011-11-24 21:00:00,58.67452
2011-11-24 22:00:00,53.03166
2011-11-24 23:00:00,47.64088
2011-11-25 00:00:00,23.554100000000002
2011-11-25 01:00:00,11.17392
2011-11-25 02:00:00,6.92831
2011-11-25 03:00:00,2.562667666666666
2011-11-25 04:00:00,2.5581366666666665
2011-11-25 05:00:00,13.257439999999999
2011-11-25 06:00:00,52.054840000000006
2011-11-25 07:00:00,144.30696
2011-11-25 08:00:00,253.01164
2011-11-25 09:00:00,125.87999999999998
2011-11-25 10:00:00,82.33779999999999
2011-11-25 11:00:00,93.15944
2011-11-25 12:00:00,123.16578000000001
2011-11-25 13:00:00,126.02138
2011-11-25 14:00:00,121.3064
2011-11-25 15:00:00,125.69330000000001
2011-11-25 16:00:00,184.37934
2011-11-25 17:00:00,291.39202
2011-11-25 18:00:00,262.2232
2011-11-25 19:00:00,144.81196
2011-11-25 20:00:00,114.07545999999999
2011-11-25 21:00:00,84.50471999999999
2011-11-25 22:00:00,65.53796
2011-11-25 23:00:00,49.148160000000004
2011-11-26 00:00:00,40.27968
2011-11-26 01:00:00,42.51346
2011-11-26 02:00:00,26.24696
2011-11-26 03:00:00,15.67688
2011-11-26 04:00:00,3.953
2011-11-26 05:00:00,3.4574800000000003
2011-11-26 06:00:00,9.02462
2011-11-26 07:00:00,19.33596
2011-11-26 08:00:00,48.84814
2011-11-26 09:00:00,95.59736
2011-11-26 10:00:00,132.18248
2011-11-26 11:00:00,161.68328000000002
2011-11-26 12:00:00,180.76538
2011-11-26 13:00:00,183.12977999999998
2011-11-26 14:00:00,171.81128
2011-11-26 15:00:00,177.33568
2011-11-26 16:00:00,179.86486
2011-11-26 17:00:00,145.3961
2011-11-26 18:00:00,114.44615999999999
2011-11-26 19:00:00,107.47242
2011-11-26 20:00:00,78.98613999999999
2011-11-26 21:00:00,54.92982
2011-11-26 22:00:00,55.173339999999996
2011-11-26 23:00:00,48.51124
2011-11-27 00:00:00,45.30152
2011-11-27 01:00:00,40.3638
2011-11-27 02:00:00,30.167119999999997
2011-11-27 03:00:00,15.39086
2011-11-27 04:00:00,4.94682
2011-11-27 05:00:00,3.8830999999999998
2011-11-27 06:00:00,8.886600000000001
2011-11-27 07:00:00,21.785059999999998
2011-11-27 08:00:00,35.35392
2011-11-27 09:00:00,84.12154000000001
2011-11-27 10:00:00,136.89806
2011-11-27 11:00:00,170.82240000000002
2011-11-27 12:00:00,194.94236
2011-11-27 13:00:00,186.8363
2011-11-27 14:00:00,221.75766000000002
2011-11-27 15:00:00,218.81918000000002
2011-11-27 16:00:00,206.51118
2011-11-27 17:00:00,193.59942
2011-11-27 18:00:00,147.98244
2011-11-27 19:00:00,108.55671999999998
2011-11-27 20:00:00,95.26904
2011-11-27 21:00:00,60.802279999999996
2011-11-27 22:00:00,55.71789999999999
2011-11-27 23:00:00,41.515699999999995
2011-11-28 00:00:00,30.96602
2011-11-28 01:00:00,12.408560000000001
2011-11-28 03:00:00,3.13802
2011-11-28 04:00:00,4.12172
2011-11-28 05:00:00,15.21106
2011-11-28 06:00:00,60.680800000000005
2011-11-28 07:00:00,173.52823999999998
2011-11-28 08:00:00,236.56366
2011-11-28 09:00:00,112.21848000000001
2011-11-28 10:00:00,64.02691999999999
2011-11-28 11:00:00,76.55940000000001
2011-11-28 12:00:00,106.05407999999998
2011-11-28 13:00:00,106.28836000000001
2011-11-28 14:00:00,104.81766
2011-11-28 15:00:00,101.89962
2011-11-28 16:00:00,157.59294
2011-11-28 17:00:00,319.98452
2011-11-28 18:00:00,303.91582
2011-11-28 19:00:00,190.92416000000003
2011-11-28 20:00:00,136.50804
2011-11-28 21:00:00,114.13007999999999
2011-11-28 22:00:00,76.17268
2011-11-28 23:00:00,38.31592
2011-11-29 00:00:00,16.58366
2011-11-29 01:00:00,6.128080000000001
2011-11-29 02:00:00,2.78252
2011-11-29 03:00:00,2.04174
2011-11-29 04:00:00,2.9780599999999997
2011-11-29 05:00:00,15.37468
2011-11-29 06:00:00,66.50322
2011-11-29 07:00:00,190.82634000000002
2011-11-29 08:00:00,262.13486
2011-11-29 09:00:00,117.69371999999998
2011-11-29 10:00:00,69.84440000000001
2011-11-29 11:00:00,49.50324
2011-11-29 12:00:00,53.24614
2011-11-29 13:00:00,65.7306
2011-11-29 14:00:00,34.18494
2011-11-29 15:00:00,46.939699999999995
2011-11-29 16:00:00,52.006299999999996
2011-11-29 17:00:00,155.1356
2011-11-29 18:00:00,175.98996000000002
2011-11-29 19:00:00,150.17594
2011-11-29 20:00:00,91.64086
2011-11-29 21:00:00,79.50009999999999
2011-11-29 22:00:00,60.93686
2011-11-29 23:00:00,32.46354
2011-11-30 00:00:00,16.026139999999998
2011-11-30 01:00:00,6.1762
2011-11-30 02:00:00,2.92558
2011-11-30 03:00:00,2.41412
2011-11-30 04:00:00,3.06288
2011-11-30 05:00:00,13.90926
2011-11-30 06:00:00,54.40552
2011-11-30 07:00:00,152.6602
2011-11-30 08:00:00,257.58484
2011-11-30 09:00:00,124.95264
2011-11-30 10:00:00,65.4951
2011-11-30 11:00:00,76.23392
2011-11-30 12:00:00,84.07494
2011-11-30 13:00:00,86.16052
2011-11-30 14:00:00,85.16082
2011-11-30 15:00:00,81.65621999999999
2011-11-30 16:00:00,131.31646
2011-11-30 17:00:00,219.62618
2011-11-30 18:00:00,215.62630000000001
2011-11-30 19:00:00,142.01940000000002
2011-11-30 20:00:00,96.67911999999998
2011-11-30 21:00:00,69.81200000000001
2011-11-30 22:00:00,54.07562
2011-11-30 23:00:00,29.573280000000004
2011-12-20 00:00:00,14.43768
2011-12-20 01:00:00,7.609959999999999
2011-12-20 02:00:00,4.14774
2011-12-20 03:00:00,2.81838
2011-12-20 04:00:00,3.51622
2011-12-20 05:00:00,13.620000000000001
2011-12-20 06:00:00,57.699380000000005
2011-12-20 07:00:00,160.1754
2011-12-20 08:00:00,279.62296
2011-12-20 09:00:00,133.88642
2011-12-20 10:00:00,74.74868
2011-12-20 11:00:00,76.31974
2011-12-20 12:00:00,98.1449
2011-12-20 13:00:00,94.38135999999999
2011-12-20 14:00:00,87.07808
2011-12-20 15:00:00,94.58287999999999
2011-12-20 16:00:00,136.93176
2011-12-20 17:00:00,258.55222
2011-12-20 18:00:00,229.33286
2011-12-20 19:00:00,162.59856
2011-12-20 20:00:00,114.91157999999999
2011-12-20 21:00:00,91.42599999999999
2011-12-20 22:00:00,61.552980000000005
2011-12-20 23:00:00,34.18618
2011-12-21 00:00:00,14.706959999999999
2011-12-21 01:00:00,8.119399999999999
2011-12-21 02:00:00,3.93964
2011-12-21 03:00:00,2.66894
2011-12-21 04:00:00,2.80052
2011-12-21 05:00:00,12.98908
2011-12-21 06:00:00,57.10478
2011-12-21 07:00:00,168.13716
2011-12-21 08:00:00,111.6585
2011-12-21 09:00:00,124.18192
2011-12-21 10:00:00,63.29498
2011-12-21 11:00:00,62.125620000000005
2011-12-21 12:00:00,46.84084
2011-12-21 13:00:00,25.23026
2011-12-21 14:00:00,65.22454
2011-12-21 15:00:00,66.49466
2011-12-21 16:00:00,55.98466
2011-12-21 17:00:00,96.29364
2011-12-21 18:00:00,150.3272
2011-12-21 19:00:00,122.13553999999999
2011-12-21 20:00:00,105.54728
2011-12-21 21:00:00,72.26444
2011-12-21 22:00:00,69.91694
2011-12-21 23:00:00,45.60560000000001
2011-12-22 00:00:00,30.069439999999997
2011-12-22 01:00:00,7.27942
2011-12-22 02:00:00,4.9356
2011-12-22 03:00:00,3.25488
2011-12-22 04:00:00,2.9196
2011-12-22 05:00:00,15.57592
2011-12-22 06:00:00,58.20424
2011-12-22 07:00:00,157.4299
2011-12-22 08:00:00,257.0405
2011-12-22 09:00:00,129.1591
2011-12-22 10:00:00,60.20206
2011-12-22 11:00:00,64.89344
2011-12-22 12:00:00,102.7421
2011-12-22 13:00:00,90.58940000000001
2011-12-22 14:00:00,80.78432000000001
2011-12-22 15:00:00,85.16929999999999
2011-12-22 16:00:00,127.95656
2011-12-22 17:00:00,237.05404
2011-12-22 18:00:00,231.74366
2011-12-22 19:00:00,149.606
2011-12-22 20:00:00,95.55515999999999
2011-12-22 21:00:00,71.77289999999999
2011-12-22 22:00:00,49.43914
2011-12-22 23:00:00,42.26738
2011-12-23 00:00:00,23.26672
2011-12-23 01:00:00,12.90006
2011-12-23 02:00:00,7.04188
2011-12-23 03:00:00,2.7604
2011-12-23 04:00:00,2.08578
2011-12-23 05:00:00,13.90866
2011-12-23 06:00:00,50.3473
2011-12-23 07:00:00,147.11260000000001
2011-12-23 08:00:00,247.58817999999997
2011-12-23 09:00:00,133.75252
2011-12-23 10:00:00,81.56624000000001
2011-12-23 11:00:00,88.82578
2011-12-23 12:00:00,106.34576
2011-12-23 13:00:00,102.3737
2011-12-23 14:00:00,102.0858
2011-12-23 15:00:00,103.08131999999999
2011-12-23 16:00:00,135.42462
2011-12-23 17:00:00,205.1888
2011-12-23 18:00:00,193.14532
2011-12-23 19:00:00,123.9225
2011-12-23 20:00:00,79.22654
2011-12-23 21:00:00,75.37876
2011-12-23 22:00:00,58.953559999999996
2011-12-23 23:00:00,46.188779999999994
2011-12-24 00:00:00,42.06384
2011-12-24 01:00:00,38.37044
2011-12-24 02:00:00,32.667739999999995
2011-12-24 03:00:00,15.61314
2011-12-24 04:00:00,4.14752
2011-12-24 05:00:00,3.71538
2011-12-24 06:00:00,6.32602
2011-12-24 07:00:00,24.438100000000002
2011-12-24 08:00:00,42.04656000000001
2011-12-24 09:00:00,90.12932
2011-12-24 10:00:00,108.04991999999999
2011-12-24 11:00:00,123.83484000000001
2011-12-24 12:00:00,153.44887999999997
2011-12-24 13:00:00,151.45502
2011-12-24 14:00:00,148.97392
2011-12-24 15:00:00,133.08724
2011-12-24 16:00:00,136.12063999999998
2011-12-24 17:00:00,91.73992
2011-12-24 18:00:00,100.867
2011-12-24 19:00:00,92.67664
2011-12-24 20:00:00,58.61484
2011-12-24 21:00:00,47.46856
2011-12-24 22:00:00,44.503519999999995
2011-12-24 23:00:00,30.15606
2011-12-25 00:00:00,39.766980000000004
2011-12-25 01:00:00,30.732180000000003
2011-12-25 02:00:00,29.81982
2011-12-25 03:00:00,9.72082
2011-12-25 05:00:00,3.6863799999999998
2011-12-25 06:00:00,4.21504
2011-12-25 07:00:00,12.680499999999999
2011-12-25 08:00:00,32.75416
2011-12-25 09:00:00,66.39945999999999
2011-12-25 10:00:00,93.78724000000001
2011-12-25 11:00:00,119.55499999999999
2011-12-25 12:00:00,121.76512
2011-12-25 13:00:00,132.0051
2011-12-25 14:00:00,147.83064
2011-12-25 15:00:00,150.13834
2011-12-25 16:00:00,157.9897
2011-12-25 17:00:00,109.31236
2011-12-25 18:00:00,91.84458
2011-12-25 19:00:00,92.42242
2011-12-25 20:00:00,72.11250000000001
2011-12-25 21:00:00,47.68808
2011-12-25 22:00:00,37.722879999999996
2011-12-25 23:00:00,27.660899999999998
2011-12-26 00:00:00,18.5691
2011-12-26 01:00:00,15.0146
2011-12-26 02:00:00,9.142
2011-12-26 04:00:00,4.27358
2011-12-26 05:00:00,8.85948
2011-12-26 06:00:00,17.653280000000002
2011-12-26 07:00:00,61.91916
2011-12-26 08:00:00,86.54572
2011-12-26 09:00:00,109.5886
2011-12-26 10:00:00,95.38654
2011-12-26 11:00:00,106.7851
2011-12-26 12:00:00,121.26288
2011-12-26 13:00:00,121.73298
2011-12-26 14:00:00,121.30872
2011-12-26 15:00:00,124.96194000000001
2011-12-26 16:00:00,129.18654
2011-12-26 17:00:00,143.87678000000002
2011-12-26 18:00:00,136.89198000000002
2011-12-26 19:00:00,106.89182
2011-12-26 20:00:00,68.67782
2011-12-26 21:00:00,53.092459999999996
2011-12-26 22:00:00,46.54371999999999
2011-12-26 23:00:00,30.3611
2011-12-27 00:00:00,9.672080000000001
2011-12-27 01:00:00,3.61314
2011-12-27 02:00:00,2.1291599999999997
2011-12-27 03:00:00,2.32974
2011-12-27 04:00:00,2.58964
2011-12-27 05:00:00,10.691159999999998
2011-12-27 06:00:00,46.230360000000005
2011-12-27 07:00:00,139.21702
2011-12-27 08:00:00,255.08874
2011-12-27 09:00:00,99.61757999999999
2011-12-27 10:00:00,66.3171
2011-12-27 11:00:00,59.446600000000004
2011-12-27 12:00:00,46.61858
2011-12-27 13:00:00,43.995000000000005
2011-12-27 14:00:00,45.268559999999994
2011-12-27 15:00:00,44.8663
2011-12-27 16:00:00,58.731719999999996
2011-12-27 17:00:00,130.7913
2011-12-27 18:00:00,153.56991999999997
2011-12-27 19:00:00,123.83952000000001
2011-12-27 20:00:00,76.3855
2011-12-27 21:00:00,81.0546
2011-12-27 22:00:00,59.543260000000004
2011-12-27 23:00:00,31.471239999999998
2011-12-28 00:00:00,13.489840000000001
2011-12-28 01:00:00,5.9735
2011-12-28 02:00:00,3.28616
2011-12-28 03:00:00,2.40534
2011-12-28 05:00:00,11.46466
2011-12-28 06:00:00,49.2152
2011-12-28 07:00:00,143.23118
2011-12-28 08:00:00,265.63946
2011-12-28 09:00:00,132.70296
2011-12-28 10:00:00,65.9028
2011-12-28 11:00:00,72.48812
2011-12-28 12:00:00,84.52928
2011-12-28 13:00:00,78.66145999999999
2011-12-28 14:00:00,72.52194
2011-12-28 15:00:00,73.90814
2011-12-28 16:00:00,116.21117999999998
2011-12-28 17:00:00,185.57618000000002
2011-12-28 18:00:00,179.60038
2011-12-28 19:00:00,109.78304000000001
2011-12-28 20:00:00,79.95692
2011-12-28 21:00:00,47.706019999999995
2011-12-28 22:00:00,36.9462
2011-12-28 23:00:00,24.76124
2011-12-29 00:00:00,10.76708
2011-12-29 01:00:00,4.49586
2011-12-29 02:00:00,3.005645
2011-12-29 03:00:00,2.24876
2011-12-29 04:00:00,2.19516
2011-12-29 05:00:00,9.486830000000001
2011-12-29 06:00:00,38.04342
2011-12-29 07:00:00,112.2005
2011-12-29 08:00:00,248.10252
2011-12-29 09:00:00,133.87751999999998
2011-12-29 10:00:00,63.35508
2011-12-29 11:00:00,65.23644
2011-12-29 12:00:00,82.21419999999999
2011-12-29 13:00:00,82.76374
2011-12-29 14:00:00,75.34368
2011-12-29 15:00:00,75.14099999999999
2011-12-29 16:00:00,120.58292
2011-12-29 17:00:00,184.40009999999998
2011-12-29 18:00:00,176.23139999999998
2011-12-29 19:00:00,123.00811999999999
2011-12-29 20:00:00,81.84266
2011-12-29 21:00:00,73.41494
2011-12-29 22:00:00,53.4567
2011-12-29 23:00:00,43.253220000000006
2011-12-30 00:00:00,18.177239999999998
2011-12-30 01:00:00,7.76762
2011-12-30 02:00:00,6.017302
2011-12-30 03:00:00,2.0070650000000003
2011-12-30 04:00:00,1.7377513333333334
2011-12-30 05:00:00,9.724860333333334
2011-12-30 06:00:00,37.54386
2011-12-30 07:00:00,115.53974
2011-12-30 08:00:00,242.5581
2011-12-30 09:00:00,128.35112
2011-12-30 10:00:00,71.47804000000001
2011-12-30 11:00:00,82.02826
2011-12-30 12:00:00,96.39038000000001
2011-12-30 13:00:00,102.42638000000001
2011-12-30 14:00:00,108.85198000000001
2011-12-30 15:00:00,111.02242
2011-12-30 16:00:00,154.73228
2011-12-30 17:00:00,225.6798
2011-12-30 18:00:00,208.35193999999996
2011-12-30 19:00:00,118.57415999999999
2011-12-30 20:00:00,97.85056
2011-12-30 21:00:00,81.56461999999999
2011-12-30 22:00:00,58.8513
2011-12-30 23:00:00,45.13418
2011-12-31 00:00:00,39.915859999999995
2011-12-31 01:00:00,35.9694
2011-12-31 02:00:00,30.283340000000003
2011-12-31 03:00:00,11.359199999999998
2011-12-31 04:00:00,3.38612
2011-12-31 05:00:00,3.2673600000000005
2011-12-31 06:00:00,8.056999999999999
2011-12-31 07:00:00,20.372839999999997
2011-12-31 08:00:00,42.8925
2011-12-31 09:00:00,95.02054
2011-12-31 10:00:00,123.64142
2011-12-31 11:00:00,140.15084
2011-12-31 12:00:00,204.86136000000002
2011-12-31 13:00:00,190.39008
2011-12-31 14:00:00,177.58088
2011-12-31 15:00:00,173.40552000000002
2011-12-31 16:00:00,178.1244
2011-12-31 17:00:00,123.96144000000001
2011-12-31 18:00:00,111.84924
2011-12-31 19:00:00,95.28508
2011-12-31 20:00:00,77.43912
2011-12-31 21:00:00,59.78306
2011-12-31 22:00:00,56.383739999999996
2011-12-31 23:00:00,48.08594
2012-01-20 00:00:00,14.412939999999999
2012-01-20 01:00:00,6.0379
2012-01-20 02:00:00,5.0151699999999995
2012-01-20 03:00:00,2.9138149999999996
2012-01-20 04:00:00,2.050892
2012-01-20 05:00:00,12.209012000000001
2012-01-20 06:00:00,48.32212
2012-01-20 07:00:00,127.22035999999999
2012-01-20 08:00:00,273.77158
2012-01-20 09:00:00,118.91623999999999
2012-01-20 10:00:00,82.87128
2012-01-20 11:00:00,83.44826
2012-01-20 12:00:00,94.50500000000001
2012-01-20 13:00:00,98.23492
2012-01-20 14:00:00,95.63584
2012-01-20 15:00:00,96.90082
2012-01-20 16:00:00,109.14724
2012-01-20 17:00:00,176.37888
2012-01-20 18:00:00,160.37843999999998
2012-01-20 19:00:00,116.24756000000001
2012-01-20 20:00:00,87.24177999999999
2012-01-20 21:00:00,48.74622
2012-01-20 22:00:00,39.69646
2012-01-20 23:00:00,31.865319999999997
2012-01-21 00:00:00,21.19312
2012-01-21 01:00:00,23.648500000000002
2012-01-21 02:00:00,21.33092
2012-01-21 03:00:00,11.70414
2012-01-21 04:00:00,3.6401199999999996
2012-01-21 05:00:00,3.5350599999999996
2012-01-21 06:00:00,4.05294
2012-01-21 07:00:00,12.82212
2012-01-21 08:00:00,42.66202
2012-01-21 09:00:00,69.28074000000001
2012-01-21 10:00:00,89.43012
2012-01-21 11:00:00,99.80552
2012-01-21 12:00:00,122.6368
2012-01-21 13:00:00,121.80156
2012-01-21 14:00:00,102.5365
2012-01-21 15:00:00,102.04075999999999
2012-01-21 16:00:00,112.03716
2012-01-21 17:00:00,73.16862
2012-01-21 18:00:00,67.48864
2012-01-21 19:00:00,59.97152
2012-01-21 20:00:00,54.005300000000005
2012-01-21 21:00:00,39.93684
2012-01-21 22:00:00,37.72798
2012-01-21 23:00:00,33.71954
2012-01-22 00:00:00,31.98444
2012-01-22 01:00:00,28.128459999999997
2012-01-22 02:00:00,24.76596
2012-01-22 03:00:00,12.99026
2012-01-22 04:00:00,3.1936999999999998
2012-01-22 05:00:00,2.79414
2012-01-22 06:00:00,3.69562
2012-01-22 07:00:00,10.08144
2012-01-22 08:00:00,26.487699999999997
2012-01-22 09:00:00,64.0676
2012-01-22 10:00:00,82.71212
2012-01-22 11:00:00,87.82973999999999
2012-01-22 12:00:00,111.12832000000002
2012-01-22 13:00:00,108.32068
2012-01-22 14:00:00,113.4813
2012-01-22 15:00:00,108.46892
2012-01-22 16:00:00,105.08812
2012-01-22 17:00:00,67.19426
2012-01-22 18:00:00,56.91814
2012-01-22 19:00:00,54.834740000000004
2012-01-22 20:00:00,52.64276
2012-01-22 21:00:00,40.750840000000004
2012-01-22 22:00:00,35.06156
2012-01-22 23:00:00,24.92672
2012-01-23 00:00:00,9.980739999999999
2012-01-23 01:00:00,3.19334
2012-01-23 02:00:00,2.52682
2012-01-23 03:00:00,2.21726
2012-01-23 04:00:00,2.2731
2012-01-23 05:00:00,12.114493333333334
2012-01-23 06:00:00,48.337939999999996
2012-01-23 07:00:00,110.50770000000001
2012-01-23 08:00:00,182.13692
2012-01-23 09:00:00,124.3389
2012-01-23 10:00:00,56.66826
2012-01-23 11:00:00,55.07952
2012-01-23 12:00:00,59.69046
2012-01-23 13:00:00,39.00402
2012-01-23 14:00:00,36.83712
2012-01-23 15:00:00,64.0782
2012-01-23 16:00:00,72.6447
2012-01-23 17:00:00,110.35575999999999
2012-01-23 18:00:00,120.39172
2012-01-23 19:00:00,112.70168000000001
2012-01-23 20:00:00,86.97852
2012-01-23 21:00:00,51.580940000000005
2012-01-23 22:00:00,44.953199999999995
2012-01-23 23:00:00,27.14144
2012-01-24 00:00:00,8.92938
2012-01-24 01:00:00,3.68626
2012-01-24 02:00:00,2.83244
2012-01-24 03:00:00,2.02736
2012-01-24 04:00:00,2.1631
2012-01-24 05:00:00,10.57868
2012-01-24 06:00:00,51.06775999999999
2012-01-24 07:00:00,155.35155999999998
2012-01-24 08:00:00,302.34313999999995
2012-01-24 09:00:00,128.37654
2012-01-24 10:00:00,54.055440000000004
2012-01-24 11:00:00,55.13014
2012-01-24 12:00:00,62.7939
2012-01-24 13:00:00,62.727399999999996
2012-01-24 14:00:00,70.91902
2012-01-24 15:00:00,75.1555
2012-01-24 16:00:00,120.88579999999999
2012-01-24 17:00:00,276.76732000000004
2012-01-24 18:00:00,259.08918
2012-01-24 19:00:00,189.74824
2012-01-24 20:00:00,115.63369999999999
2012-01-24 21:00:00,79.3415
2012-01-24 22:00:00,62.72562
2012-01-24 23:00:00,28.01716
2012-01-25 00:00:00,10.14336
2012-01-25 01:00:00,4.10662
2012-01-25 02:00:00,3.34954
2012-01-25 03:00:00,1.9372599999999998
2012-01-25 04:00:00,1.6468
2012-01-25 05:00:00,12.483259999999998
2012-01-25 06:00:00,47.52594
2012-01-25 07:00:00,137.66053999999997
2012-01-25 08:00:00,289.21788000000004
2012-01-25 09:00:00,126.18639999999999
2012-01-25 10:00:00,65.47686
2012-01-25 11:00:00,69.64322
2012-01-25 12:00:00,76.7994
2012-01-25 13:00:00,77.7918
2012-01-25 14:00:00,70.97717999999999
2012-01-25 15:00:00,82.81512000000001
2012-01-25 16:00:00,113.04362
2012-01-25 17:00:00,245.06758
2012-01-25 18:00:00,214.74290000000002
2012-01-25 19:00:00,163.5625
2012-01-25 20:00:00,109.66622
2012-01-25 21:00:00,78.06238
2012-01-25 22:00:00,67.58994
2012-01-25 23:00:00,28.194599999999998
2012-01-26 00:00:00,14.269219999999999
2012-01-26 01:00:00,4.09326
2012-01-26 02:00:00,3.78382
2012-01-26 03:00:00,2.23468
2012-01-26 04:00:00,1.9023866666666667
2012-01-26 05:00:00,12.312460000000002
2012-01-26 06:00:00,52.51438
2012-01-26 07:00:00,144.5669
2012-01-26 08:00:00,300.96194
2012-01-26 09:00:00,130.04388
2012-01-26 10:00:00,60.057579999999994
2012-01-26 11:00:00,57.11848
2012-01-26 12:00:00,77.00432
2012-01-26 13:00:00,81.8218
2012-01-26 14:00:00,81.87894
2012-01-26 15:00:00,89.75540000000001
2012-01-26 16:00:00,117.2064
2012-01-26 17:00:00,265.42424
2012-01-26 18:00:00,266.46845999999994
2012-01-26 19:00:00,180.72568
2012-01-26 20:00:00,120.12926
2012-01-26 21:00:00,83.64318
2012-01-26 22:00:00,70.17447999999999
2012-01-26 23:00:00,43.83024
2012-01-27 00:00:00,25.69038
2012-01-27 01:00:00,10.1829
2012-01-27 02:00:00,6.52126
2012-01-27 03:00:00,2.4241
2012-01-27 04:00:00,1.8732000000000002
2012-01-27 05:00:00,12.37636
2012-01-27 06:00:00,59.873200000000004
2012-01-27 07:00:00,160.39412
2012-01-27 08:00:00,223.51162
2012-01-27 09:00:00,126.97384000000001
2012-01-27 10:00:00,78.32208
2012-01-27 11:00:00,96.16644000000001
2012-01-27 12:00:00,126.53348000000001
2012-01-27 13:00:00,138.63328
2012-01-27 14:00:00,134.4965
2012-01-27 15:00:00,135.55614
2012-01-27 16:00:00,135.08534
2012-01-27 17:00:00,278.33331999999996
2012-01-27 18:00:00,252.8236
2012-01-27 19:00:00,167.54387999999997
2012-01-27 20:00:00,112.04549999999999
2012-01-27 21:00:00,79.27596
2012-01-27 22:00:00,72.37343999999999
2012-01-27 23:00:00,40.93094
2012-01-28 00:00:00,38.00502
2012-01-28 01:00:00,31.131880000000002
2012-01-28 02:00:00,26.81026
2012-01-28 03:00:00,12.69786
2012-01-28 04:00:00,2.88008
2012-01-28 05:00:00,2.4076
2012-01-28 06:00:00,4.528560000000001
2012-01-28 07:00:00,16.969179999999998
2012-01-28 08:00:00,50.4373
2012-01-28 09:00:00,76.41856000000001
2012-01-28 10:00:00,105.81002
2012-01-28 11:00:00,133.85734
2012-01-28 12:00:00,132.89746
2012-01-28 13:00:00,154.40482
2012-01-28 14:00:00,142.02832
2012-01-28 15:00:00,150.61652
2012-01-28 16:00:00,186.98866
2012-01-28 17:00:00,146.66944
2012-01-28 18:00:00,117.47828
2012-01-28 19:00:00,83.97856
2012-01-28 20:00:00,81.65700000000001
2012-01-28 21:00:00,64.02556000000001
2012-01-28 22:00:00,62.198679999999996
2012-01-28 23:00:00,46.70962000000001
2012-01-29 00:00:00,39.78372
2012-01-29 01:00:00,33.23
2012-01-29 02:00:00,25.63714
2012-01-29 03:00:00,13.73428
2012-01-29 04:00:00,4.1937
2012-01-29 05:00:00,2.6993
2012-01-29 06:00:00,4.1236
2012-01-29 07:00:00,14.17148
2012-01-29 08:00:00,32.96296
2012-01-29 09:00:00,64.72511999999999
2012-01-29 10:00:00,96.47674
2012-01-29 11:00:00,129.77518
2012-01-29 12:00:00,178.87302
2012-01-29 13:00:00,178.3402
2012-01-29 14:00:00,174.19245999999998
2012-01-29 15:00:00,174.69064
2012-01-29 16:00:00,170.65902
2012-01-29 17:00:00,142.2927
2012-01-29 18:00:00,121.01424
2012-01-29 19:00:00,77.15316
2012-01-29 20:00:00,63.915839999999996
2012-01-29 21:00:00,52.72144
2012-01-29 22:00:00,52.5214
2012-01-29 23:00:00,26.374539999999996
2012-01-30 00:00:00,12.117120000000002
2012-01-30 01:00:00,2.2019599999999997
2012-01-30 02:00:00,2.1513999999999998
2012-01-30 03:00:00,1.7279200000000001
2012-01-30 04:00:00,1.75152
2012-01-30 05:00:00,11.203660000000001
2012-01-30 06:00:00,47.28832
2012-01-30 07:00:00,132.15617999999998
2012-01-30 08:00:00,262.93142
2012-01-30 09:00:00,110.40047999999999
2012-01-30 10:00:00,64.73558
2012-01-30 11:00:00,67.52916
2012-01-30 12:00:00,79.16524000000001
2012-01-30 13:00:00,78.67754
2012-01-30 14:00:00,74.95694
2012-01-30 15:00:00,77.97851999999999
2012-01-30 16:00:00,121.32062
2012-01-30 17:00:00,250.468
2012-01-30 18:00:00,246.23214
2012-01-30 19:00:00,150.67882
2012-01-30 20:00:00,110.20846
2012-01-30 21:00:00,76.01036
2012-01-30 22:00:00,56.776
2012-01-30 23:00:00,28.440399999999997
2012-01-31 00:00:00,9.17496
2012-01-31 01:00:00,3.0518600000000005
2012-01-31 02:00:00,2.7304199999999996
2012-01-31 03:00:00,1.76444
2012-01-31 04:00:00,1.61084
2012-01-31 05:00:00,12.066719999999998
2012-01-31 06:00:00,54.892520000000005
2012-01-31 07:00:00,138.89042
2012-01-31 08:00:00,289.54431999999997
2012-01-31 09:00:00,113.56540000000001
2012-01-31 10:00:00,65.831
2012-01-31 11:00:00,73.82004
2012-01-31 12:00:00,90.39334
2012-01-31 13:00:00,110.56854000000001
2012-01-31 14:00:00,107.3292
2012-01-31 15:00:00,116.59559999999999
2012-01-31 16:00:00,178.3326
2012-01-31 17:00:00,339.25198
2012-01-31 18:00:00,329.15374
2012-01-31 19:00:00,224.66438
2012-01-31 20:00:00,123.35396
2012-01-31 21:00:00,119.86684
2012-01-31 22:00:00,67.9771
2012-01-31 23:00:00,44.22594
2012-02-20 00:00:00,14.89094
2012-02-20 01:00:00,23.12324
2012-02-20 02:00:00,8.13428
2012-02-20 03:00:00,3.2366200000000003
2012-02-20 05:00:00,5.4822
2012-02-20 06:00:00,11.376679999999999
2012-02-20 07:00:00,44.15747999999999
2012-02-20 08:00:00,71.98519999999999
2012-02-20 09:00:00,90.44619999999999
2012-02-20 10:00:00,86.72796
2012-02-20 11:00:00,92.87498
2012-02-20 12:00:00,111.35076
2012-02-20 13:00:00,114.35698000000001
2012-02-20 14:00:00,114.44398
2012-02-20 15:00:00,115.8119
2012-02-20 16:00:00,147.96074
2012-02-20 17:00:00,145.57428
2012-02-20 18:00:00,116.94162
2012-02-20 19:00:00,90.66684000000001
2012-02-20 20:00:00,79.33113999999999
2012-02-20 21:00:00,60.213460000000005
2012-02-20 22:00:00,58.46226
2012-02-20 23:00:00,29.63776
2012-02-21 00:00:00,11.66102
2012-02-21 01:00:00,3.9479599999999997
2012-02-21 02:00:00,1.92106
2012-02-21 04:00:00,1.196576
2012-02-21 05:00:00,12.272966666666667
2012-02-21 06:00:00,48.50988
2012-02-21 07:00:00,167.26714
2012-02-21 08:00:00,291.94474
2012-02-21 09:00:00,156.0952
2012-02-21 10:00:00,63.34918
2012-02-21 11:00:00,67.12196
2012-02-21 12:00:00,84.05762000000001
2012-02-21 13:00:00,89.00698000000001
2012-02-21 14:00:00,84.46261999999999
2012-02-21 15:00:00,85.84808000000001
2012-02-21 16:00:00,130.5384
2012-02-21 17:00:00,263.28402
2012-02-21 18:00:00,263.82374
2012-02-21 19:00:00,176.32663999999997
2012-02-21 20:00:00,122.23610000000001
2012-02-21 21:00:00,97.12307999999999
2012-02-21 22:00:00,61.31402
2012-02-21 23:00:00,29.71678
2012-02-22 00:00:00,13.393800000000002
2012-02-22 01:00:00,5.1152
2012-02-22 02:00:00,2.5617400000000004
2012-02-22 03:00:00,1.537
2012-02-22 04:00:00,1.28352
2012-02-22 05:00:00,13.31688
2012-02-22 06:00:00,54.0849
2012-02-22 07:00:00,183.32966
2012-02-22 08:00:00,308.385
2012-02-22 09:00:00,159.78323999999998
2012-02-22 10:00:00,66.0177
2012-02-22 11:00:00,78.00696
2012-02-22 12:00:00,86.69091999999999
2012-02-22 13:00:00,94.5527
2012-02-22 14:00:00,86.93274
2012-02-22 15:00:00,113.8379
2012-02-22 16:00:00,176.34418
2012-02-22 17:00:00,322.07926
2012-02-22 18:00:00,286.50338
2012-02-22 19:00:00,193.60023999999999
2012-02-22 20:00:00,135.8519
2012-02-22 21:00:00,120.54622
2012-02-22 22:00:00,75.2881
2012-02-22 23:00:00,43.37562
2012-02-23 00:00:00,19.16456
2012-02-23 01:00:00,6.04632
2012-02-23 02:00:00,4.863659999999999
2012-02-23 03:00:00,1.8287
2012-02-23 04:00:00,1.8032999999999997
2012-02-23 05:00:00,14.610619999999999
2012-02-23 06:00:00,58.997440000000005
2012-02-23 07:00:00,167.91268
2012-02-23 08:00:00,313.32944000000003
2012-02-23 09:00:00,149.09774000000002
2012-02-23 10:00:00,83.98397999999999
2012-02-23 11:00:00,100.00798
2012-02-23 12:00:00,119.35192
2012-02-23 13:00:00,121.46036000000001
2012-02-23 14:00:00,110.21612
2012-02-23 15:00:00,116.19364
2012-02-23 16:00:00,179.88237999999998
2012-02-23 17:00:00,338.50178
2012-02-23 18:00:00,325.23714
2012-02-23 19:00:00,216.16298
2012-02-23 20:00:00,148.64299999999997
2012-02-23 21:00:00,115.23712
2012-02-23 22:00:00,81.97244
2012-02-23 23:00:00,56.011779999999995
2012-02-24 00:00:00,24.86808
2012-02-24 01:00:00,12.084800000000001
2012-02-24 02:00:00,5.0634999999999994
2012-02-24 03:00:00,3.14902
2012-02-24 04:00:00,2.49656
2012-02-24 05:00:00,13.602139999999999
2012-02-24 06:00:00,55.14438
2012-02-24 07:00:00,170.13982000000001
2012-02-24 08:00:00,304.7353
2012-02-24 09:00:00,111.3074
2012-02-24 10:00:00,69.88748000000001
2012-02-24 11:00:00,96.47936
2012-02-24 12:00:00,111.36797999999999
2012-02-24 13:00:00,115.34414
2012-02-24 14:00:00,116.09584000000001
2012-02-24 15:00:00,77.36842
2012-02-24 16:00:00,85.31312
2012-02-24 17:00:00,186.89026
2012-02-24 18:00:00,208.86862
2012-02-24 19:00:00,173.36703999999997
2012-02-24 20:00:00,124.27706
2012-02-24 21:00:00,92.69051999999999
2012-02-24 22:00:00,75.01371999999999
2012-02-24 23:00:00,50.03156
2012-02-25 00:00:00,45.4976
2012-02-25 01:00:00,34.35966
2012-02-25 02:00:00,26.54624
2012-02-25 03:00:00,9.8088
2012-02-25 04:00:00,2.87916
2012-02-25 05:00:00,2.5075999999999996
2012-02-25 06:00:00,4.8969000000000005
2012-02-25 07:00:00,16.05454
2012-02-25 08:00:00,50.4046
2012-02-25 09:00:00,74.9732
2012-02-25 10:00:00,104.76656
2012-02-25 11:00:00,132.74484
2012-02-25 12:00:00,152.7322
2012-02-25 13:00:00,164.71272
2012-02-25 14:00:00,149.47688
2012-02-25 15:00:00,166.0952
2012-02-25 16:00:00,149.12592
2012-02-25 17:00:00,104.83652
2012-02-25 18:00:00,90.26344
2012-02-25 19:00:00,69.74104000000001
2012-02-25 20:00:00,61.20684
2012-02-25 21:00:00,45.42144
2012-02-25 22:00:00,47.6471
2012-02-25 23:00:00,32.39974
2012-02-26 00:00:00,37.91558
2012-02-26 01:00:00,29.247680000000003
2012-02-26 02:00:00,23.19826
2012-02-26 03:00:00,12.77284
2012-02-26 04:00:00,3.23346
2012-02-26 05:00:00,2.89188
2012-02-26 06:00:00,3.76304
2012-02-26 07:00:00,10.392560000000001
2012-02-26 08:00:00,30.97218
2012-02-26 09:00:00,70.44395999999999
2012-02-26 10:00:00,115.62728
2012-02-26 11:00:00,123.7456
2012-02-26 12:00:00,167.22272
2012-02-26 13:00:00,174.32978
2012-02-26 14:00:00,177.75065999999998
2012-02-26 15:00:00,186.18298
2012-02-26 16:00:00,177.29044
2012-02-26 17:00:00,146.12742
2012-02-26 18:00:00,112.21658000000001
2012-02-26 19:00:00,89.56263999999999
2012-02-26 20:00:00,70.8712
2012-02-26 21:00:00,55.63642
2012-02-26 22:00:00,56.877179999999996
2012-02-26 23:00:00,22.792600000000004
2012-02-27 00:00:00,8.842680000000001
2012-02-27 01:00:00,3.72336
2012-02-27 02:00:00,2.29074
2012-02-27 03:00:00,1.3198200000000002
2012-02-27 04:00:00,1.2411266666666665
2012-02-27 05:00:00,11.70098
2012-02-27 06:00:00,50.17963999999999
2012-02-27 07:00:00,154.6012
2012-02-27 08:00:00,280.61002
2012-02-27 09:00:00,148.29075999999998
2012-02-27 10:00:00,72.60969999999999
2012-02-27 11:00:00,81.44594000000001
2012-02-27 12:00:00,95.39348
2012-02-27 13:00:00,97.07736000000001
2012-02-27 14:00:00,98.25448
2012-02-27 15:00:00,120.83416
2012-02-27 16:00:00,179.5583
2012-02-27 17:00:00,346.59391999999997
2012-02-27 18:00:00,320.92647999999997
2012-02-27 19:00:00,223.6881
2012-02-27 20:00:00,149.47534
2012-02-27 21:00:00,119.89068
2012-02-27 22:00:00,71.11468
2012-02-27 23:00:00,40.89606
2012-02-28 00:00:00,17.80912
2012-02-28 01:00:00,5.58362
2012-02-28 02:00:00,4.31496
2012-02-28 03:00:00,2.28926
2012-02-28 04:00:00,1.5333
2012-02-28 05:00:00,12.74146
2012-02-28 06:00:00,55.242419999999996
2012-02-28 07:00:00,166.44244
2012-02-28 08:00:00,285.04292
2012-02-28 09:00:00,146.377
2012-02-28 10:00:00,71.80664
2012-02-28 11:00:00,74.46786
2012-02-28 12:00:00,91.93039999999999
2012-02-28 13:00:00,92.91326
2012-02-28 14:00:00,88.77735999999999
2012-02-28 15:00:00,99.40322
2012-02-28 16:00:00,154.2349
2012-02-28 17:00:00,309.19266
2012-02-28 18:00:00,310.69892
2012-02-28 19:00:00,201.4516
2012-02-28 20:00:00,126.07406
2012-02-28 21:00:00,90.97485999999999
2012-02-28 22:00:00,64.02405999999999
2012-02-28 23:00:00,30.242879999999996
2012-02-29 00:00:00,13.94124
2012-02-29 01:00:00,4.64798
2012-02-29 02:00:00,2.61368
2012-02-29 03:00:00,1.1806
2012-02-29 05:00:00,13.51588
2012-02-29 06:00:00,53.13194
2012-02-29 07:00:00,167.8003
2012-02-29 08:00:00,312.55676000000005
2012-02-29 09:00:00,105.38062
2012-02-29 10:00:00,36.47078
2012-02-29 11:00:00,40.65118
2012-02-29 12:00:00,41.53006
2012-02-29 13:00:00,71.22384000000001
2012-02-29 14:00:00,68.78666
2012-02-29 15:00:00,75.21474
2012-02-29 16:00:00,81.4625
2012-02-29 17:00:00,185.46266
2012-02-29 18:00:00,151.82918
2012-02-29 19:00:00,171.20808
2012-02-29 20:00:00,103.75242
2012-02-29 21:00:00,50.90514
2012-02-29 22:00:00,47.68944
2012-02-29 23:00:00,30.917360000000002
2012-03-20 00:00:00,15.13258
2012-03-20 01:00:00,8.90976
2012-03-20 02:00:00,3.36028
2012-03-20 03:00:00,2.8096
2012-03-20 04:00:00,2.58758
2012-03-20 05:00:00,13.278880000000001
2012-03-20 06:00:00,71.24086
2012-03-20 07:00:00,85.68736
2012-03-20 08:00:00,366.33358
2012-03-20 09:00:00,201.47126
2012-03-20 10:00:00,71.40755999999999
2012-03-20 11:00:00,87.09022
2012-03-20 12:00:00,133.50516
2012-03-20 13:00:00,130.4708
2012-03-20 14:00:00,112.32075999999999
2012-03-20 15:00:00,135.99064
2012-03-20 16:00:00,202.75412
2012-03-20 17:00:00,423.79684
2012-03-20 18:00:00,415.71286
2012-03-20 19:00:00,284.53679999999997
2012-03-20 20:00:00,200.40514
2012-03-20 21:00:00,133.2963
2012-03-20 22:00:00,85.15428
2012-03-20 23:00:00,45.7873
2012-03-21 00:00:00,17.57264
2012-03-21 01:00:00,8.88324
2012-03-21 02:00:00,4.0587
2012-03-21 03:00:00,2.3054599999999996
2012-03-21 04:00:00,2.43646
2012-03-21 05:00:00,14.594879999999998
2012-03-21 06:00:00,71.87878
2012-03-21 07:00:00,108.93501999999998
2012-03-21 08:00:00,311.80922
2012-03-21 09:00:00,193.83653999999996
2012-03-21 10:00:00,81.90012
2012-03-21 11:00:00,85.23496
2012-03-21 12:00:00,139.84188
2012-03-21 13:00:00,126.29317999999999
2012-03-21 14:00:00,116.03622
2012-03-21 15:00:00,120.50134
2012-03-21 16:00:00,183.92471999999998
2012-03-21 17:00:00,418.69606
2012-03-21 18:00:00,420.27944
2012-03-21 19:00:00,297.38842
2012-03-21 20:00:00,192.31022
2012-03-21 21:00:00,111.79327999999998
2012-03-21 22:00:00,95.81692
2012-03-21 23:00:00,51.3732
2012-03-22 00:00:00,22.87402
2012-03-22 01:00:00,9.7613
2012-03-22 02:00:00,4.9687
2012-03-22 03:00:00,3.8631200000000003
2012-03-22 04:00:00,2.5978
2012-03-22 05:00:00,12.28264
2012-03-22 06:00:00,73.46108000000001
2012-03-22 07:00:00,190.31470000000002
2012-03-22 08:00:00,316.07592
2012-03-22 09:00:00,187.24375999999998
2012-03-22 10:00:00,74.28269999999999
2012-03-22 11:00:00,85.46464
2012-03-22 12:00:00,133.26462
2012-03-22 13:00:00,140.27190000000002
2012-03-22 14:00:00,121.30675999999998
2012-03-22 15:00:00,137.19606
2012-03-22 16:00:00,213.189
2012-03-22 17:00:00,426.21016
2012-03-22 18:00:00,431.31877999999995
2012-03-22 19:00:00,301.15572000000003
2012-03-22 20:00:00,219.98774
2012-03-22 21:00:00,139.00688000000002
2012-03-22 22:00:00,105.46024
2012-03-22 23:00:00,87.45536
2012-03-23 00:00:00,25.87626
2012-03-23 01:00:00,17.48098
2012-03-23 02:00:00,6.6146199999999995
2012-03-23 03:00:00,4.25716
2012-03-23 04:00:00,3.1515200000000005
2012-03-23 05:00:00,14.06372
2012-03-23 06:00:00,71.56880000000001
2012-03-23 07:00:00,173.52438
2012-03-23 08:00:00,361.00802
2012-03-23 09:00:00,185.73196
2012-03-23 10:00:00,97.55722
2012-03-23 11:00:00,127.8482
2012-03-23 12:00:00,159.41012
2012-03-23 13:00:00,163.77128
2012-03-23 14:00:00,164.57106000000002
2012-03-23 15:00:00,170.40628
2012-03-23 16:00:00,241.62666000000002
2012-03-23 17:00:00,433.28510000000006
2012-03-23 18:00:00,413.6517799999999
2012-03-23 19:00:00,269.85352
2012-03-23 20:00:00,192.43014
2012-03-23 21:00:00,136.70394
2012-03-23 22:00:00,106.78725999999999
2012-03-23 23:00:00,89.1785
2012-03-24 00:00:00,59.758379999999995
2012-03-24 01:00:00,56.075900000000004
2012-03-24 02:00:00,35.65244
2012-03-24 03:00:00,14.8804
2012-03-24 04:00:00,6.07972
2012-03-24 05:00:00,5.33502
2012-03-24 06:00:00,17.86178
2012-03-24 07:00:00,37.16836
2012-03-24 08:00:00,89.20515999999999
2012-03-24 09:00:00,156.66358
2012-03-24 10:00:00,202.11498
2012-03-24 11:00:00,254.13963999999999
2012-03-24 12:00:00,270.3442
2012-03-24 13:00:00,269.0018
2012-03-24 14:00:00,243.87964
2012-03-24 15:00:00,245.39738
2012-03-24 16:00:00,226.40408
2012-03-24 17:00:00,186.93638
2012-03-24 18:00:00,96.22461999999999
2012-03-24 19:00:00,86.24522
2012-03-24 20:00:00,57.62374
2012-03-24 21:00:00,42.056079999999994
2012-03-24 22:00:00,43.71284
2012-03-24 23:00:00,51.84534000000001
2012-03-25 00:00:00,45.02748
2012-03-25 01:00:00,37.69502
2012-03-25 02:00:00,25.91284
2012-03-25 03:00:00,10.04132
2012-03-25 04:00:00,4.15086
2012-03-25 05:00:00,4.45358
2012-03-25 06:00:00,13.99278
2012-03-25 07:00:00,23.826520000000002
2012-03-25 08:00:00,50.32132
2012-03-25 09:00:00,113.87638000000001
2012-03-25 10:00:00,134.2729
2012-03-25 11:00:00,156.81233999999998
2012-03-25 12:00:00,183.2532
2012-03-25 13:00:00,222.72155999999998
2012-03-25 14:00:00,239.73611999999997
2012-03-25 15:00:00,239.92496
2012-03-25 16:00:00,256.99731999999995
2012-03-25 17:00:00,242.8347
2012-03-25 18:00:00,192.71478
2012-03-25 19:00:00,145.40877999999998
2012-03-25 20:00:00,90.5033
2012-03-25 21:00:00,71.2675
2012-03-25 22:00:00,60.19022
2012-03-25 23:00:00,37.10906
2012-03-26 00:00:00,19.46454
2012-03-26 01:00:00,7.21114
2012-03-26 02:00:00,4.3332
2012-03-26 03:00:00,2.05578
2012-03-26 04:00:00,2.59882
2012-03-26 05:00:00,16.829700000000003
2012-03-26 06:00:00,69.45444
2012-03-26 07:00:00,217.64488
2012-03-26 08:00:00,367.42568000000006
2012-03-26 09:00:00,176.26427999999999
2012-03-26 10:00:00,100.98368
2012-03-26 11:00:00,112.77032
2012-03-26 12:00:00,136.59474
2012-03-26 13:00:00,137.35204
2012-03-26 14:00:00,131.48372
2012-03-26 15:00:00,134.92803999999998
2012-03-26 16:00:00,205.30948
2012-03-26 17:00:00,333.79238000000004
2012-03-26 18:00:00,326.05588
2012-03-26 19:00:00,219.13634000000002
2012-03-26 20:00:00,137.27118000000002
2012-03-26 21:00:00,89.61584
2012-03-26 22:00:00,70.89502
2012-03-26 23:00:00,32.05184
2012-03-27 00:00:00,13.42694
2012-03-27 01:00:00,3.76086
2012-03-27 02:00:00,2.3297199999999996
2012-03-27 03:00:00,1.56892
2012-03-27 04:00:00,1.6596
2012-03-27 05:00:00,12.9508
2012-03-27 06:00:00,53.18188
2012-03-27 07:00:00,165.43642
2012-03-27 08:00:00,289.7164
2012-03-27 09:00:00,154.03734
2012-03-27 10:00:00,81.3587
2012-03-27 11:00:00,83.68762000000001
2012-03-27 12:00:00,94.80257999999999
2012-03-27 13:00:00,104.74008
2012-03-27 14:00:00,104.73898
2012-03-27 15:00:00,119.87424
2012-03-27 16:00:00,175.41744
2012-03-27 17:00:00,332.00562
2012-03-27 18:00:00,328.57974
2012-03-27 19:00:00,223.1282
2012-03-27 20:00:00,157.88606000000001
2012-03-27 21:00:00,88.03992000000001
2012-03-27 22:00:00,67.90350000000001
2012-03-27 23:00:00,36.78076
2012-03-28 00:00:00,13.6562
2012-03-28 01:00:00,5.137779999999999
2012-03-28 02:00:00,2.6703799999999998
2012-03-28 03:00:00,2.16858
2012-03-28 04:00:00,1.6447599999999998
2012-03-28 05:00:00,15.2821
2012-03-28 06:00:00,66.86236
2012-03-28 07:00:00,188.28986000000003
2012-03-28 08:00:00,369.12766
2012-03-28 09:00:00,190.36154
2012-03-28 10:00:00,99.2466
2012-03-28 11:00:00,112.86108
2012-03-28 12:00:00,141.06554
2012-03-28 13:00:00,132.11674
2012-03-28 14:00:00,128.79999999999998
2012-03-28 15:00:00,138.62824
2012-03-28 16:00:00,190.70926
2012-03-28 17:00:00,432.98483999999996
2012-03-28 18:00:00,436.39576000000005
2012-03-28 19:00:00,296.75978
2012-03-28 20:00:00,205.15218
2012-03-28 21:00:00,142.09992
2012-03-28 22:00:00,107.81116
2012-03-28 23:00:00,52.861760000000004
2012-03-29 00:00:00,25.098580000000002
2012-03-29 01:00:00,11.26752
2012-03-29 02:00:00,5.20166
2012-03-29 03:00:00,4.12674
2012-03-29 04:00:00,3.8787599999999998
2012-03-29 05:00:00,16.41844
2012-03-29 06:00:00,74.70636
2012-03-29 07:00:00,218.31928
2012-03-29 08:00:00,372.2592
2012-03-29 09:00:00,195.08384
2012-03-29 10:00:00,101.95764
2012-03-29 11:00:00,117.94718
2012-03-29 12:00:00,134.9047
2012-03-29 13:00:00,129.87662
2012-03-29 14:00:00,112.78847999999999
2012-03-29 15:00:00,125.26018
2012-03-29 16:00:00,207.52452
2012-03-29 17:00:00,358.1408
2012-03-29 18:00:00,349.02996
2012-03-29 19:00:00,222.2247
2012-03-29 20:00:00,161.43694
2012-03-29 21:00:00,117.81518
2012-03-29 22:00:00,80.2815
2012-03-29 23:00:00,55.40652
2012-03-30 00:00:00,29.235680000000002
2012-03-30 01:00:00,14.0623
2012-03-30 02:00:00,4.39082
2012-03-30 03:00:00,3.91748
2012-03-30 04:00:00,2.8108199999999997
2012-03-30 05:00:00,13.54046
2012-03-30 06:00:00,55.60916
2012-03-30 07:00:00,174.37638
2012-03-30 08:00:00,347.74148
2012-03-30 09:00:00,176.00820000000002
2012-03-30 10:00:00,94.0984
2012-03-30 11:00:00,107.27138000000001
2012-03-30 12:00:00,113.48804
2012-03-30 13:00:00,77.90686
2012-03-30 14:00:00,68.87346000000001
2012-03-30 15:00:00,67.52076
2012-03-30 16:00:00,68.30770000000001
2012-03-30 17:00:00,268.77114
2012-03-30 18:00:00,292.87750000000005
2012-03-30 19:00:00,186.41244
2012-03-30 20:00:00,120.88072
2012-03-30 21:00:00,84.36394000000001
2012-03-30 22:00:00,73.68545999999999
2012-03-30 23:00:00,51.53602
2012-03-31 00:00:00,45.61736
2012-03-31 01:00:00,38.50182
2012-03-31 02:00:00,27.535380000000004
2012-03-31 03:00:00,13.61706
2012-03-31 04:00:00,3.6261400000000004
2012-03-31 05:00:00,3.5979400000000004
2012-03-31 06:00:00,19.504220000000004
2012-03-31 07:00:00,25.456940000000003
2012-03-31 08:00:00,63.647459999999995
2012-03-31 09:00:00,136.25116
2012-03-31 10:00:00,148.88569999999999
2012-03-31 11:00:00,232.72296
2012-03-31 12:00:00,264.05557999999996
2012-03-31 13:00:00,302.53128
2012-03-31 14:00:00,278.42346
2012-03-31 15:00:00,270.06543999999997
2012-03-31 16:00:00,254.94142
2012-03-31 17:00:00,198.01252
2012-03-31 18:00:00,122.2149
2012-03-31 19:00:00,89.44534
2012-03-31 20:00:00,65.14344
2012-03-31 21:00:00,62.39202
2012-03-31 22:00:00,66.49704
2012-03-31 23:00:00,47.340059999999994
2012-04-20 00:00:00,30.57674
2012-04-20 01:00:00,16.4491
2012-04-20 02:00:00,5.27864
2012-04-20 03:00:00,3.57818
2012-04-20 04:00:00,3.0241000000000002
2012-04-20 05:00:00,17.25608
2012-04-20 06:00:00,70.04814
2012-04-20 07:00:00,189.66082
2012-04-20 08:00:00,366.86758
2012-04-20 09:00:00,183.774
2012-04-20 10:00:00,100.11412
2012-04-20 11:00:00,129.79558
2012-04-20 12:00:00,163.06784
2012-04-20 13:00:00,172.64616
2012-04-20 14:00:00,168.05476
2012-04-20 15:00:00,178.53968
2012-04-20 16:00:00,246.04424
2012-04-20 17:00:00,400.89961999999997
2012-04-20 18:00:00,400.78558
2012-04-20 19:00:00,281.13386
2012-04-20 20:00:00,189.49476
2012-04-20 21:00:00,129.45112
2012-04-20 22:00:00,122.60002
2012-04-20 23:00:00,91.53398
2012-04-21 00:00:00,65.82708000000001
2012-04-21 01:00:00,55.73176
2012-04-21 02:00:00,35.35508
2012-04-21 03:00:00,16.34232
2012-04-21 04:00:00,4.50054
2012-04-21 05:00:00,4.6076
2012-04-21 06:00:00,15.73164
2012-04-21 07:00:00,39.06272
2012-04-21 08:00:00,92.87950000000001
2012-04-21 09:00:00,165.678
2012-04-21 10:00:00,227.39108
2012-04-21 11:00:00,280.55184
2012-04-21 12:00:00,302.77844000000005
2012-04-21 13:00:00,317.58214
2012-04-21 14:00:00,318.09454
2012-04-21 15:00:00,307.82522
2012-04-21 16:00:00,308.30197999999996
2012-04-21 17:00:00,284.50764
2012-04-21 18:00:00,239.49262
2012-04-21 19:00:00,186.32208
2012-04-21 20:00:00,89.58282
2012-04-21 21:00:00,72.27032
2012-04-21 22:00:00,83.1184
2012-04-21 23:00:00,57.48466
2012-04-22 00:00:00,60.65918
2012-04-22 01:00:00,45.891220000000004
2012-04-22 02:00:00,36.94822
2012-04-22 03:00:00,15.5082
2012-04-22 04:00:00,5.815119999999999
2012-04-22 05:00:00,4.88268
2012-04-22 06:00:00,20.60244
2012-04-22 07:00:00,23.187
2012-04-22 08:00:00,51.635380000000005
2012-04-22 09:00:00,111.3126
2012-04-22 10:00:00,124.71508
2012-04-22 11:00:00,140.07672
2012-04-22 12:00:00,150.05304
2012-04-22 13:00:00,149.6707
2012-04-22 14:00:00,151.53568
2012-04-22 15:00:00,153.11648
2012-04-22 16:00:00,143.06768
2012-04-22 17:00:00,107.70244
2012-04-22 18:00:00,92.07436
2012-04-22 19:00:00,83.59308
2012-04-22 20:00:00,58.76214
2012-04-22 21:00:00,52.65404
2012-04-22 22:00:00,56.828759999999996
2012-04-22 23:00:00,31.7273
2012-04-23 00:00:00,12.35256
2012-04-23 01:00:00,4.38492
2012-04-23 02:00:00,2.31152
2012-04-23 03:00:00,1.79196
2012-04-23 04:00:00,1.59286
2012-04-23 05:00:00,10.75824
2012-04-23 06:00:00,55.62666
2012-04-23 07:00:00,135.76456
2012-04-23 08:00:00,319.02959999999996
2012-04-23 09:00:00,157.30775999999997
2012-04-23 10:00:00,75.16582
2012-04-23 11:00:00,77.11012
2012-04-23 12:00:00,54.26
2012-04-23 13:00:00,57.6774
2012-04-23 14:00:00,63.402519999999996
2012-04-23 15:00:00,79.8015
2012-04-23 16:00:00,64.36452
2012-04-23 17:00:00,115.00901999999999
2012-04-23 18:00:00,154.47522
2012-04-23 19:00:00,149.1035
2012-04-23 20:00:00,108.05666
2012-04-23 21:00:00,77.05304
2012-04-23 22:00:00,70.90532
2012-04-23 23:00:00,30.41018
2012-04-24 00:00:00,14.019400000000001
2012-04-24 01:00:00,5.962260000000001
2012-04-24 02:00:00,2.16006
2012-04-24 03:00:00,1.7695999999999998
2012-04-24 04:00:00,1.1715000000000002
2012-04-24 05:00:00,14.086680000000001
2012-04-24 06:00:00,59.57714
2012-04-24 07:00:00,188.93898000000002
2012-04-24 08:00:00,365.49934
2012-04-24 09:00:00,188.11874
2012-04-24 10:00:00,97.90168
2012-04-24 11:00:00,132.29432
2012-04-24 12:00:00,145.05734
2012-04-24 13:00:00,142.75766
2012-04-24 14:00:00,136.49844000000002
2012-04-24 15:00:00,142.03608
2012-04-24 16:00:00,224.62622
2012-04-24 17:00:00,374.20313999999996
2012-04-24 18:00:00,373.53482
2012-04-24 19:00:00,277.05268
2012-04-24 20:00:00,168.37448
2012-04-24 21:00:00,128.46609999999998
2012-04-24 22:00:00,90.18124
2012-04-24 23:00:00,52.633019999999995
2012-04-25 00:00:00,19.298219999999997
2012-04-25 01:00:00,6.09344
2012-04-25 02:00:00,2.9494
2012-04-25 03:00:00,1.5184600000000001
2012-04-25 04:00:00,1.3985599999999998
2012-04-25 05:00:00,15.102319999999999
2012-04-25 06:00:00,60.209160000000004
2012-04-25 07:00:00,219.72672
2012-04-25 08:00:00,347.80312
2012-04-25 09:00:00,194.09851999999998
2012-04-25 10:00:00,107.4369
2012-04-25 11:00:00,135.18797999999998
2012-04-25 12:00:00,153.4897
2012-04-25 13:00:00,156.70049999999998
2012-04-25 14:00:00,133.84323999999998
2012-04-25 15:00:00,159.81804
2012-04-25 16:00:00,223.82944
2012-04-25 17:00:00,426.33979999999997
2012-04-25 18:00:00,425.50572
2012-04-25 19:00:00,304.93822
2012-04-25 20:00:00,218.13142
2012-04-25 21:00:00,152.04444
2012-04-25 22:00:00,101.14798
2012-04-25 23:00:00,59.214819999999996
2012-04-26 00:00:00,22.96052
2012-04-26 01:00:00,10.6834
2012-04-26 02:00:00,6.22808
2012-04-26 03:00:00,2.8464600000000004
2012-04-26 04:00:00,2.88736
2012-04-26 05:00:00,13.86976
2012-04-26 06:00:00,76.51192
2012-04-26 07:00:00,152.00462
2012-04-26 08:00:00,330.64106000000004
2012-04-26 09:00:00,130.80151999999998
2012-04-26 10:00:00,85.76088
2012-04-26 11:00:00,92.6212
2012-04-26 12:00:00,138.35022
2012-04-26 13:00:00,125.79746
2012-04-26 14:00:00,114.48143999999999
2012-04-26 15:00:00,109.16218
2012-04-26 16:00:00,161.90804
2012-04-26 17:00:00,339.98524
2012-04-26 18:00:00,349.18162
2012-04-26 19:00:00,251.44874
2012-04-26 20:00:00,204.14596
2012-04-26 21:00:00,107.22306
2012-04-26 22:00:00,111.1107
2012-04-26 23:00:00,68.38568
2012-04-27 00:00:00,33.72886
2012-04-27 01:00:00,16.740640000000003
2012-04-27 02:00:00,8.10312
2012-04-27 03:00:00,3.6409799999999994
2012-04-27 04:00:00,3.01926
2012-04-27 05:00:00,17.099079999999997
2012-04-27 06:00:00,67.2607
2012-04-27 07:00:00,196.39204
2012-04-27 08:00:00,355.49606000000006
2012-04-27 09:00:00,195.31601999999998
2012-04-27 10:00:00,114.08628
2012-04-27 11:00:00,132.61912
2012-04-27 12:00:00,169.3845
2012-04-27 13:00:00,202.24344
2012-04-27 14:00:00,190.9999
2012-04-27 15:00:00,215.39296
2012-04-27 16:00:00,256.04416
2012-04-27 17:00:00,387.29783999999995
2012-04-27 18:00:00,355.58972
2012-04-27 19:00:00,261.7942
2012-04-27 20:00:00,158.09322
2012-04-27 21:00:00,101.15648
2012-04-27 22:00:00,90.57455999999999
2012-04-27 23:00:00,67.62174
2012-04-28 00:00:00,49.7932
2012-04-28 01:00:00,36.16262
2012-04-28 02:00:00,32.70516
2012-04-28 03:00:00,14.3727
2012-04-28 04:00:00,4.89232
2012-04-28 05:00:00,4.54478
2012-04-28 06:00:00,16.02362
2012-04-28 07:00:00,29.969620000000003
2012-04-28 08:00:00,76.58992
2012-04-28 09:00:00,139.16282
2012-04-28 10:00:00,169.2551
2012-04-28 11:00:00,181.75066
2012-04-28 12:00:00,208.62598000000003
2012-04-28 13:00:00,218.54678
2012-04-28 14:00:00,228.84134
2012-04-28 15:00:00,240.46116
2012-04-28 16:00:00,226.0677
2012-04-28 17:00:00,168.8115
2012-04-28 18:00:00,119.69590000000001
2012-04-28 19:00:00,91.91762
2012-04-28 20:00:00,72.15446
2012-04-28 21:00:00,59.462340000000005
2012-04-28 22:00:00,70.67538
2012-04-28 23:00:00,59.838420000000006
2012-04-29 00:00:00,27.752399999999998
2012-04-29 01:00:00,41.78248
2012-04-29 02:00:00,33.37088
2012-04-29 03:00:00,14.19388
2012-04-29 04:00:00,5.87336
2012-04-29 05:00:00,5.81032
2012-04-29 06:00:00,22.45034
2012-04-29 07:00:00,28.929740000000002
2012-04-29 08:00:00,61.29248
2012-04-29 09:00:00,133.97036
2012-04-29 10:00:00,177.35382
2012-04-29 11:00:00,230.67506000000003
2012-04-29 12:00:00,262.43376
2012-04-29 13:00:00,273.93698
2012-04-29 14:00:00,268.11206
2012-04-29 15:00:00,272.05916
2012-04-29 16:00:00,288.98878
2012-04-29 17:00:00,239.50444
2012-04-29 18:00:00,196.76006
2012-04-29 19:00:00,177.11676
2012-04-29 20:00:00,145.31889999999999
2012-04-29 21:00:00,77.6332
2012-04-29 22:00:00,58.38304
2012-04-29 23:00:00,38.92786
2012-04-30 00:00:00,32.6399
2012-04-30 01:00:00,8.70646
2012-04-30 02:00:00,5.659880000000001
2012-04-30 03:00:00,2.3566599999999998
2012-04-30 04:00:00,1.64306
2012-04-30 05:00:00,14.551839999999999
2012-04-30 06:00:00,68.09031999999999
2012-04-30 07:00:00,208.81134000000003
2012-04-30 08:00:00,372.83979999999997
2012-04-30 09:00:00,184.69858000000002
2012-04-30 10:00:00,98.97784
2012-04-30 11:00:00,98.51150000000001
2012-04-30 12:00:00,122.7643
2012-04-30 13:00:00,130.66194000000002
2012-04-30 14:00:00,122.5959
2012-04-30 15:00:00,130.85237999999998
2012-04-30 16:00:00,205.2502
2012-04-30 17:00:00,405.88901999999996
2012-04-30 18:00:00,407.52128000000005
2012-04-30 19:00:00,264.51333999999997
2012-04-30 20:00:00,172.47458
2012-04-30 21:00:00,132.3907
2012-04-30 22:00:00,93.23483999999999
2012-04-30 23:00:00,41.88212
2012-05-20 00:00:00,66.25139999999999
2012-05-20 01:00:00,55.91758
2012-05-20 02:00:00,40.03802
2012-05-20 03:00:00,16.46824
2012-05-20 04:00:00,6.64412
2012-05-20 05:00:00,6.52402
2012-05-20 06:00:00,12.36046
2012-05-20 07:00:00,30.500999999999998
2012-05-20 08:00:00,79.29364000000001
2012-05-20 09:00:00,145.79352
2012-05-20 10:00:00,220.50672
2012-05-20 11:00:00,290.27189999999996
2012-05-20 12:00:00,307.2543
2012-05-20 13:00:00,316.33136
2012-05-20 14:00:00,296.67428
2012-05-20 15:00:00,301.44653999999997
2012-05-20 16:00:00,287.22546
2012-05-20 17:00:00,271.43859999999995
2012-05-20 18:00:00,242.89484000000002
2012-05-20 19:00:00,189.16402
2012-05-20 20:00:00,139.25076
2012-05-20 21:00:00,96.48518
2012-05-20 22:00:00,76.27284
2012-05-20 23:00:00,36.88862
2012-05-21 00:00:00,14.2937
2012-05-21 01:00:00,8.650379999999998
2012-05-21 02:00:00,5.00434
2012-05-21 03:00:00,2.6339799999999998
2012-05-21 04:00:00,2.54094
2012-05-21 05:00:00,11.890600000000001
2012-05-21 06:00:00,50.407680000000006
2012-05-21 07:00:00,97.7961
2012-05-21 08:00:00,199.79525999999998
2012-05-21 09:00:00,106.03334
2012-05-21 10:00:00,63.60038
2012-05-21 11:00:00,73.80016
2012-05-21 12:00:00,110.94686
2012-05-21 13:00:00,77.23610000000001
2012-05-21 14:00:00,69.58186
2012-05-21 15:00:00,121.38962000000001
2012-05-21 16:00:00,188.60672
2012-05-21 17:00:00,426.12595999999996
2012-05-21 18:00:00,440.27617999999995
2012-05-21 19:00:00,298.26223999999996
2012-05-21 20:00:00,209.59982
2012-05-21 21:00:00,151.05180000000001
2012-05-21 22:00:00,98.13366
2012-05-21 23:00:00,47.54086
2012-05-22 00:00:00,15.726779999999998
2012-05-22 01:00:00,8.50418
2012-05-22 02:00:00,3.82478
2012-05-22 03:00:00,3.3224400000000003
2012-05-22 04:00:00,2.5789400000000002
2012-05-22 05:00:00,11.41264
2012-05-22 06:00:00,46.04109999999999
2012-05-22 07:00:00,113.24207999999999
2012-05-22 08:00:00,385.9257
2012-05-22 09:00:00,200.00547999999998
2012-05-22 10:00:00,100.72624
2012-05-22 11:00:00,110.01538
2012-05-22 12:00:00,141.62902
2012-05-22 13:00:00,136.17262
2012-05-22 14:00:00,116.09668000000002
2012-05-22 15:00:00,149.69722
2012-05-22 16:00:00,230.89324000000002
2012-05-22 17:00:00,466.14832
2012-05-22 18:00:00,427.50841999999994
2012-05-22 19:00:00,303.17062
2012-05-22 20:00:00,219.17383999999998
2012-05-22 21:00:00,158.95276
2012-05-22 22:00:00,107.34361999999999
2012-05-22 23:00:00,49.204499999999996
2012-05-23 00:00:00,25.87536
2012-05-23 01:00:00,7.7522199999999994
2012-05-23 02:00:00,4.538600000000001
2012-05-23 03:00:00,3.51096
2012-05-23 04:00:00,2.6233400000000002
2012-05-23 05:00:00,12.03638
2012-05-23 06:00:00,83.21557999999999
2012-05-23 07:00:00,249.97940000000003
2012-05-23 08:00:00,389.75962000000004
2012-05-23 09:00:00,199.07368000000002
2012-05-23 10:00:00,101.2072
2012-05-23 11:00:00,124.50968
2012-05-23 12:00:00,152.35038000000003
2012-05-23 13:00:00,142.95812
2012-05-23 14:00:00,142.48576
2012-05-23 15:00:00,152.07014
2012-05-23 16:00:00,210.35288
2012-05-23 17:00:00,385.98678000000007
2012-05-23 18:00:00,394.78869999999995
2012-05-23 19:00:00,244.13047999999998
2012-05-23 20:00:00,136.64332
2012-05-23 21:00:00,101.8925
2012-05-23 22:00:00,99.87872
2012-05-23 23:00:00,54.17510000000001
2012-05-24 00:00:00,23.92246
2012-05-24 01:00:00,9.898439999999999
2012-05-24 02:00:00,5.54804
2012-05-24 03:00:00,2.97344
2012-05-24 04:00:00,3.04086
2012-05-24 05:00:00,14.50644
2012-05-24 06:00:00,79.03089999999999
2012-05-24 07:00:00,242.3548
2012-05-24 08:00:00,389.29179999999997
2012-05-24 09:00:00,189.26858000000001
2012-05-24 10:00:00,106.51911999999999
2012-05-24 11:00:00,132.8174
2012-05-24 12:00:00,171.49919999999997
2012-05-24 13:00:00,171.80349999999999
2012-05-24 14:00:00,137.22665999999998
2012-05-24 15:00:00,145.75862
2012-05-24 16:00:00,226.15292
2012-05-24 17:00:00,451.3326
2012-05-24 18:00:00,445.05798
2012-05-24 19:00:00,322.11194000000006
2012-05-24 20:00:00,210.06419999999997
2012-05-24 21:00:00,95.27892
2012-05-24 22:00:00,121.02334
2012-05-24 23:00:00,74.7245
2012-05-25 00:00:00,31.863480000000003
2012-05-25 01:00:00,20.97236
2012-05-25 02:00:00,8.07104
2012-05-25 03:00:00,3.8132400000000004
2012-05-25 04:00:00,3.7083
2012-05-25 05:00:00,14.688920000000001
2012-05-25 06:00:00,76.55946
2012-05-25 07:00:00,227.97275999999997
2012-05-25 08:00:00,367.20976
2012-05-25 09:00:00,181.92006
2012-05-25 10:00:00,121.2125
2012-05-25 11:00:00,143.5224
2012-05-25 12:00:00,171.14096
2012-05-25 13:00:00,174.67206
2012-05-25 14:00:00,172.60348
2012-05-25 15:00:00,178.16708000000003
2012-05-25 16:00:00,247.234
2012-05-25 17:00:00,421.08094
2012-05-25 18:00:00,436.06055999999995
2012-05-25 19:00:00,293.40247999999997
2012-05-25 20:00:00,213.0993
2012-05-25 21:00:00,141.01628
2012-05-25 22:00:00,134.97006
2012-05-25 23:00:00,92.59065999999999
2012-05-26 00:00:00,75.97990000000001
2012-05-26 01:00:00,57.65808
2012-05-26 02:00:00,36.522000000000006
2012-05-26 03:00:00,15.031059999999998
2012-05-26 04:00:00,6.11704
2012-05-26 05:00:00,4.82906
2012-05-26 06:00:00,16.3462
2012-05-26 07:00:00,50.90642
2012-05-26 08:00:00,99.06754
2012-05-26 09:00:00,159.32124000000002
2012-05-26 10:00:00,218.9933
2012-05-26 11:00:00,260.31057999999996
2012-05-26 12:00:00,273.32908000000003
2012-05-26 13:00:00,277.17862
2012-05-26 14:00:00,271.10086
2012-05-26 15:00:00,266.08518000000004
2012-05-26 16:00:00,280.36987999999997
2012-05-26 17:00:00,336.84272000000004
2012-05-26 18:00:00,320.21742
2012-05-26 19:00:00,239.67632
2012-05-26 20:00:00,197.11954
2012-05-26 21:00:00,122.70254
2012-05-26 22:00:00,126.55914
2012-05-26 23:00:00,86.12564
2012-05-27 00:00:00,65.93668
2012-05-27 01:00:00,55.13026
2012-05-27 02:00:00,43.55616
2012-05-27 03:00:00,19.834139999999998
2012-05-27 04:00:00,5.0434399999999995
2012-05-27 05:00:00,5.44894
2012-05-27 06:00:00,15.42294
2012-05-27 07:00:00,35.872820000000004
2012-05-27 08:00:00,75.1629
2012-05-27 09:00:00,143.5584
2012-05-27 10:00:00,203.18238
2012-05-27 11:00:00,255.14186
2012-05-27 12:00:00,269.64182
2012-05-27 13:00:00,278.58079999999995
2012-05-27 14:00:00,273.25708
2012-05-27 15:00:00,273.78582
2012-05-27 16:00:00,280.2577
2012-05-27 17:00:00,331.5392
2012-05-27 18:00:00,305.92678
2012-05-27 19:00:00,256.04176
2012-05-27 20:00:00,194.75286
2012-05-27 21:00:00,93.98236
2012-05-27 22:00:00,65.5282
2012-05-27 23:00:00,43.484
2012-05-28 00:00:00,50.04600000000001
2012-05-28 01:00:00,31.39056
2012-05-28 02:00:00,22.3074
2012-05-28 03:00:00,9.91656
2012-05-28 04:00:00,6.27344
2012-05-28 05:00:00,15.7107
2012-05-28 06:00:00,40.43428
2012-05-28 07:00:00,128.085
2012-05-28 08:00:00,207.9196
2012-05-28 09:00:00,192.73166
2012-05-28 10:00:00,136.4118
2012-05-28 11:00:00,148.14726000000002
2012-05-28 12:00:00,182.86407999999997
2012-05-28 13:00:00,169.33852
2012-05-28 14:00:00,160.5915
2012-05-28 15:00:00,162.62638
2012-05-28 16:00:00,231.1849
2012-05-28 17:00:00,391.88863999999995
2012-05-28 18:00:00,391.85798
2012-05-28 19:00:00,331.4792
2012-05-28 20:00:00,279.27094
2012-05-28 21:00:00,175.18481999999997
2012-05-28 22:00:00,133.60906
2012-05-28 23:00:00,68.06572
2012-05-29 00:00:00,18.47956
2012-05-29 01:00:00,8.312
2012-05-29 02:00:00,4.41468
2012-05-29 03:00:00,3.87098
2012-05-29 04:00:00,3.4530000000000003
2012-05-29 05:00:00,16.40828
2012-05-29 06:00:00,86.28952
2012-05-29 07:00:00,258.76484
2012-05-29 08:00:00,393.40932000000004
2012-05-29 09:00:00,202.86397999999997
2012-05-29 10:00:00,109.96954
2012-05-29 11:00:00,135.79046
2012-05-29 12:00:00,164.4818
2012-05-29 13:00:00,153.91305999999997
2012-05-29 14:00:00,134.49014
2012-05-29 15:00:00,141.8635
2012-05-29 16:00:00,211.36826
2012-05-29 17:00:00,410.89475999999996
2012-05-29 18:00:00,405.12269999999995
2012-05-29 19:00:00,304.66483999999997
2012-05-29 20:00:00,169.14138
2012-05-29 21:00:00,63.95368
2012-05-29 22:00:00,80.66611999999999
2012-05-29 23:00:00,30.35524
2012-05-30 00:00:00,18.12286
2012-05-30 01:00:00,7.978039999999999
2012-05-30 02:00:00,5.69428
2012-05-30 03:00:00,2.3959
2012-05-30 04:00:00,2.86536
2012-05-30 05:00:00,15.48298
2012-05-30 06:00:00,79.8609
2012-05-30 07:00:00,110.37876
2012-05-30 08:00:00,389.4836399999999
2012-05-30 09:00:00,201.54949999999997
2012-05-30 10:00:00,95.75080000000001
2012-05-30 11:00:00,128.61496
2012-05-30 12:00:00,177.68888
2012-05-30 13:00:00,168.77702
2012-05-30 14:00:00,150.99468
2012-05-30 15:00:00,153.6562
2012-05-30 16:00:00,222.16846
2012-05-30 17:00:00,427.64712000000003
2012-05-30 18:00:00,465.9264
2012-05-30 19:00:00,309.8114
2012-05-30 20:00:00,173.69234
2012-05-30 21:00:00,159.7858
2012-05-30 22:00:00,122.05216
2012-05-30 23:00:00,56.0417
2012-05-31 00:00:00,26.37968
2012-05-31 01:00:00,12.9282
2012-05-31 02:00:00,4.95692
2012-05-31 03:00:00,3.9703
2012-05-31 04:00:00,4.05042
2012-05-31 05:00:00,16.59554
2012-05-31 06:00:00,83.87393999999999
2012-05-31 07:00:00,270.49080000000004
2012-05-31 08:00:00,389.09146
2012-05-31 09:00:00,197.81143999999998
2012-05-31 10:00:00,119.14884
2012-05-31 11:00:00,143.60458
2012-05-31 12:00:00,178.94358
2012-05-31 13:00:00,176.04584
2012-05-31 14:00:00,143.22147999999999
2012-05-31 15:00:00,143.62578
2012-05-31 16:00:00,225.624
2012-05-31 17:00:00,463.36195999999995
2012-05-31 18:00:00,458.40658
2012-05-31 19:00:00,300.99398
2012-05-31 20:00:00,216.75134
2012-05-31 21:00:00,154.62892
2012-05-31 22:00:00,128.62404
2012-05-31 23:00:00,77.63826
2012-06-20 00:00:00,21.24786
2012-06-20 01:00:00,9.53308
2012-06-20 02:00:00,4.21718
2012-06-20 03:00:00,3.0234400000000003
2012-06-20 04:00:00,3.67504
2012-06-20 05:00:00,17.93154
2012-06-20 06:00:00,84.70588000000001
2012-06-20 07:00:00,229.8331
2012-06-20 08:00:00,382.25282
2012-06-20 09:00:00,198.34908000000001
2012-06-20 10:00:00,116.7824
2012-06-20 11:00:00,142.60156
2012-06-20 12:00:00,171.77492
2012-06-20 13:00:00,169.13058
2012-06-20 14:00:00,141.86482
2012-06-20 15:00:00,144.90936
2012-06-20 16:00:00,236.04012
2012-06-20 17:00:00,466.72635999999994
2012-06-20 18:00:00,473.37976
2012-06-20 19:00:00,307.37608
2012-06-20 20:00:00,225.28942
2012-06-20 21:00:00,163.11608
2012-06-20 22:00:00,127.19397999999998
2012-06-20 23:00:00,63.50692
2012-06-21 00:00:00,24.602000000000004
2012-06-21 01:00:00,9.960840000000001
2012-06-21 02:00:00,4.44482
2012-06-21 03:00:00,2.90646
2012-06-21 04:00:00,3.6390800000000003
2012-06-21 05:00:00,17.535040000000002
2012-06-21 06:00:00,84.01123999999999
2012-06-21 07:00:00,242.9957
2012-06-21 08:00:00,391.64638
2012-06-21 09:00:00,197.19122000000002
2012-06-21 10:00:00,117.28616
2012-06-21 11:00:00,145.5102
2012-06-21 12:00:00,174.52702000000002
2012-06-21 13:00:00,168.39211999999998
2012-06-21 14:00:00,142.78246000000001
2012-06-21 15:00:00,150.57626
2012-06-21 16:00:00,235.88846
2012-06-21 17:00:00,463.1017
2012-06-21 18:00:00,466.57685999999995
2012-06-21 19:00:00,304.58924
2012-06-21 20:00:00,223.647
2012-06-21 21:00:00,156.93798
2012-06-21 22:00:00,133.06568
2012-06-21 23:00:00,97.83152000000001
2012-06-22 00:00:00,30.932560000000002
2012-06-22 01:00:00,18.34392
2012-06-22 02:00:00,10.07808
2012-06-22 03:00:00,4.38364
2012-06-22 04:00:00,4.44904
2012-06-22 05:00:00,15.14596
2012-06-22 06:00:00,79.22732
2012-06-22 07:00:00,248.05226000000002
2012-06-22 08:00:00,385.93926
2012-06-22 09:00:00,190.42239999999998
2012-06-22 10:00:00,126.40306
2012-06-22 11:00:00,154.1636
2012-06-22 12:00:00,174.88288
2012-06-22 13:00:00,171.09328
2012-06-22 14:00:00,163.83784000000003
2012-06-22 15:00:00,174.25616000000002
2012-06-22 16:00:00,249.2565
2012-06-22 17:00:00,435.97996
2012-06-22 18:00:00,434.84284
2012-06-22 19:00:00,267.48708
2012-06-22 20:00:00,193.85644000000002
2012-06-22 21:00:00,103.86456000000001
2012-06-22 22:00:00,135.88554
2012-06-22 23:00:00,95.18504
2012-06-23 00:00:00,74.00096
2012-06-23 01:00:00,52.75532
2012-06-23 02:00:00,36.95486
2012-06-23 03:00:00,17.73122
2012-06-23 04:00:00,4.80098
2012-06-23 05:00:00,5.10796
2012-06-23 06:00:00,18.61834
2012-06-23 07:00:00,45.88764
2012-06-23 08:00:00,101.7161
2012-06-23 09:00:00,170.98834
2012-06-23 10:00:00,220.87882000000002
2012-06-23 11:00:00,267.90914
2012-06-23 12:00:00,290.21637999999996
2012-06-23 13:00:00,303.27606000000003
2012-06-23 14:00:00,300.38386
2012-06-23 15:00:00,292.12552
2012-06-23 16:00:00,286.77674
2012-06-23 17:00:00,338.95045999999996
2012-06-23 18:00:00,318.2002
2012-06-23 19:00:00,281.2528
2012-06-23 20:00:00,236.10913999999997
2012-06-23 21:00:00,142.27458
2012-06-23 22:00:00,155.27156
2012-06-23 23:00:00,104.71308
2012-06-24 00:00:00,66.2119
2012-06-24 01:00:00,51.08651999999999
2012-06-24 02:00:00,39.39056
2012-06-24 03:00:00,18.20852
2012-06-24 04:00:00,5.9467
2012-06-24 05:00:00,6.63766
2012-06-24 06:00:00,14.58156
2012-06-24 07:00:00,40.01406
2012-06-24 08:00:00,77.4214
2012-06-24 09:00:00,149.4453
2012-06-24 10:00:00,215.6427
2012-06-24 11:00:00,275.92544
2012-06-24 12:00:00,295.92368
2012-06-24 13:00:00,298.98824
2012-06-24 14:00:00,293.52058
2012-06-24 15:00:00,288.6678
2012-06-24 16:00:00,293.07776
2012-06-24 17:00:00,355.09416
2012-06-24 18:00:00,328.46894
2012-06-24 19:00:00,271.96726
2012-06-24 20:00:00,227.4974
2012-06-24 21:00:00,117.54576
2012-06-24 22:00:00,102.5116
2012-06-24 23:00:00,72.97912
2012-06-25 00:00:00,20.43276
2012-06-25 01:00:00,9.71982
2012-06-25 02:00:00,5.307180000000001
2012-06-25 03:00:00,4.04616
2012-06-25 04:00:00,3.29434
2012-06-25 05:00:00,15.28978
2012-06-25 06:00:00,85.21298000000002
2012-06-25 07:00:00,263.00952
2012-06-25 08:00:00,380.54735999999997
2012-06-25 09:00:00,186.02498
2012-06-25 10:00:00,115.58582
2012-06-25 11:00:00,129.63562
2012-06-25 12:00:00,151.14141999999998
2012-06-25 13:00:00,149.52555999999998
2012-06-25 14:00:00,138.41158
2012-06-25 15:00:00,145.08114
2012-06-25 16:00:00,215.69539999999998
2012-06-25 17:00:00,413.35464
2012-06-25 18:00:00,418.95596
2012-06-25 19:00:00,301.14813999999996
2012-06-25 20:00:00,220.78957999999997
2012-06-25 21:00:00,153.95082
2012-06-25 22:00:00,90.40155999999999
2012-06-25 23:00:00,55.48742
2012-06-26 00:00:00,20.53124
2012-06-26 01:00:00,8.630980000000001
2012-06-26 02:00:00,5.29962
2012-06-26 03:00:00,2.8945600000000002
2012-06-26 04:00:00,3.0643399999999996
2012-06-26 05:00:00,16.265919999999998
2012-06-26 06:00:00,91.1462
2012-06-26 07:00:00,267.4518
2012-06-26 08:00:00,382.30412
2012-06-26 09:00:00,203.40243999999998
2012-06-26 10:00:00,114.06534
2012-06-26 11:00:00,131.95596
2012-06-26 12:00:00,147.33492
2012-06-26 13:00:00,154.07377999999997
2012-06-26 14:00:00,138.08974
2012-06-26 15:00:00,146.76358
2012-06-26 16:00:00,218.12060000000002
2012-06-26 17:00:00,423.93827999999996
2012-06-26 18:00:00,438.62804
2012-06-26 19:00:00,302.34464
2012-06-26 20:00:00,226.1298
2012-06-26 21:00:00,159.42954
2012-06-26 22:00:00,108.94257999999999
2012-06-26 23:00:00,55.80166
2012-06-27 00:00:00,23.744659999999996
2012-06-27 01:00:00,9.34416
2012-06-27 02:00:00,5.8202799999999995
2012-06-27 03:00:00,3.3411999999999997
2012-06-27 04:00:00,3.8064999999999998
2012-06-27 05:00:00,18.39302
2012-06-27 06:00:00,85.50922000000001
2012-06-27 07:00:00,270.95149999999995
2012-06-27 08:00:00,387.0695999999999
2012-06-27 09:00:00,204.168
2012-06-27 10:00:00,118.81569999999999
2012-06-27 11:00:00,142.13146
2012-06-27 12:00:00,164.45638000000002
2012-06-27 13:00:00,160.30612
2012-06-27 14:00:00,143.03046
2012-06-27 15:00:00,150.82583999999997
2012-06-27 16:00:00,220.68801999999997
2012-06-27 17:00:00,432.10310000000004
2012-06-27 18:00:00,452.42256000000003
2012-06-27 19:00:00,311.98318
2012-06-27 20:00:00,223.75282
2012-06-27 21:00:00,164.6996
2012-06-27 22:00:00,123.88134
2012-06-27 23:00:00,58.45444
2012-06-28 00:00:00,27.808639999999997
2012-06-28 01:00:00,11.48926
2012-06-28 02:00:00,5.05312
2012-06-28 03:00:00,3.6270599999999997
2012-06-28 04:00:00,3.80436
2012-06-28 05:00:00,17.00914
2012-06-28 06:00:00,86.7885
2012-06-28 07:00:00,248.99970000000002
2012-06-28 08:00:00,392.71826
2012-06-28 09:00:00,197.27486
2012-06-28 10:00:00,116.14206
2012-06-28 11:00:00,146.84342
2012-06-28 12:00:00,168.47458
2012-06-28 13:00:00,167.05444
2012-06-28 14:00:00,144.15438
2012-06-28 15:00:00,151.61888
2012-06-28 16:00:00,235.26026
2012-06-28 17:00:00,465.55902000000003
2012-06-28 18:00:00,470.34988
2012-06-28 19:00:00,310.61914
2012-06-28 20:00:00,221.71234
2012-06-28 21:00:00,152.78952
2012-06-28 22:00:00,129.8212
2012-06-28 23:00:00,79.95902
2012-06-29 00:00:00,33.828019999999995
2012-06-29 01:00:00,19.5041
2012-06-29 02:00:00,9.46312
2012-06-29 03:00:00,4.7315000000000005
2012-06-29 04:00:00,4.397360000000001
2012-06-29 05:00:00,17.17096
2012-06-29 06:00:00,78.3768
2012-06-29 07:00:00,244.3818
2012-06-29 08:00:00,383.73782000000006
2012-06-29 09:00:00,193.13422000000003
2012-06-29 10:00:00,129.64972
2012-06-29 11:00:00,148.84230000000002
2012-06-29 12:00:00,167.49532
2012-06-29 13:00:00,176.18759999999997
2012-06-29 14:00:00,164.38984
2012-06-29 15:00:00,172.1586
2012-06-29 16:00:00,247.38186
2012-06-29 17:00:00,440.95176000000004
2012-06-29 18:00:00,437.28802
2012-06-29 19:00:00,276.72842
2012-06-29 20:00:00,211.76916000000003
2012-06-29 21:00:00,130.63299999999998
2012-06-29 22:00:00,112.5923
2012-06-29 23:00:00,78.19102000000001
2012-06-30 00:00:00,69.33716
2012-06-30 01:00:00,54.77516
2012-06-30 02:00:00,36.0542
2012-06-30 03:00:00,17.94226
2012-06-30 04:00:00,5.0802000000000005
2012-06-30 05:00:00,5.4029
2012-06-30 06:00:00,16.92666
2012-06-30 07:00:00,46.05188
2012-06-30 08:00:00,97.88524
2012-06-30 09:00:00,161.32802
2012-06-30 10:00:00,225.40218
2012-06-30 11:00:00,284.74864
2012-06-30 12:00:00,296.0151
2012-06-30 13:00:00,301.39276
2012-06-30 14:00:00,298.57578
2012-06-30 15:00:00,293.38829999999996
2012-06-30 16:00:00,293.03494
2012-06-30 17:00:00,366.1816
2012-06-30 18:00:00,335.68819999999994
2012-06-30 19:00:00,275.25916
2012-06-30 20:00:00,241.09264
2012-06-30 21:00:00,137.27576
2012-06-30 22:00:00,140.201
2012-06-30 23:00:00,135.05758
2012-07-20 00:00:00,23.48336
2012-07-20 01:00:00,18.6746
2012-07-20 02:00:00,8.15938
2012-07-20 03:00:00,3.5315399999999997
2012-07-20 04:00:00,3.9862800000000003
2012-07-20 05:00:00,14.43026
2012-07-20 06:00:00,77.15932
2012-07-20 07:00:00,228.15952
2012-07-20 08:00:00,376.8155
2012-07-20 09:00:00,184.46
2012-07-20 10:00:00,119.47556
2012-07-20 11:00:00,129.18274
2012-07-20 12:00:00,123.81068
2012-07-20 13:00:00,125.05542
2012-07-20 14:00:00,120.83179999999999
2012-07-20 15:00:00,140.5625
2012-07-20 16:00:00,190.78149999999997
2012-07-20 17:00:00,225.36829999999998
2012-07-20 18:00:00,344.44502000000006
2012-07-20 19:00:00,234.75786
2012-07-20 20:00:00,110.651
2012-07-20 21:00:00,86.35248
2012-07-20 22:00:00,114.3754
2012-07-20 23:00:00,85.82632000000001
2012-07-21 00:00:00,67.51201999999999
2012-07-21 01:00:00,56.79902
2012-07-21 02:00:00,37.84872
2012-07-21 03:00:00,16.499560000000002
2012-07-21 04:00:00,4.5331
2012-07-21 05:00:00,5.78448
2012-07-21 06:00:00,18.8659
2012-07-21 07:00:00,50.194140000000004
2012-07-21 08:00:00,101.65692
2012-07-21 09:00:00,157.39983999999998
2012-07-21 10:00:00,204.15378
2012-07-21 11:00:00,259.17634
2012-07-21 12:00:00,262.65070000000003
2012-07-21 13:00:00,269.15136
2012-07-21 14:00:00,271.36798
2012-07-21 15:00:00,253.84208
2012-07-21 16:00:00,248.5034
2012-07-21 17:00:00,243.61496
2012-07-21 18:00:00,226.74064
2012-07-21 19:00:00,182.16881999999998
2012-07-21 20:00:00,137.01728
2012-07-21 21:00:00,97.01548
2012-07-21 22:00:00,94.82087999999999
2012-07-21 23:00:00,91.22688
2012-07-22 00:00:00,70.12794
2012-07-22 01:00:00,54.874179999999996
2012-07-22 02:00:00,38.97
2012-07-22 03:00:00,17.37282
2012-07-22 04:00:00,5.729620000000001
2012-07-22 05:00:00,9.729719999999999
2012-07-22 06:00:00,22.97628
2012-07-22 07:00:00,37.7691
2012-07-22 08:00:00,78.84046
2012-07-22 09:00:00,145.32704
2012-07-22 10:00:00,201.31722
2012-07-22 11:00:00,252.62223999999998
2012-07-22 12:00:00,280.5872
2012-07-22 13:00:00,285.75036
2012-07-22 14:00:00,272.33078
2012-07-22 15:00:00,271.32654
2012-07-22 16:00:00,276.31460000000004
2012-07-22 17:00:00,298.78622
2012-07-22 18:00:00,288.59472
2012-07-22 19:00:00,224.02938
2012-07-22 20:00:00,166.17149999999998
2012-07-22 21:00:00,100.03204
2012-07-22 22:00:00,87.8178
2012-07-22 23:00:00,55.20872
2012-07-23 00:00:00,16.14654
2012-07-23 01:00:00,7.618119999999999
2012-07-23 02:00:00,5.16558
2012-07-23 03:00:00,2.9481
2012-07-23 04:00:00,2.9995
2012-07-23 05:00:00,12.41354
2012-07-23 06:00:00,84.12156
2012-07-23 07:00:00,241.90976
2012-07-23 08:00:00,373.71351999999996
2012-07-23 09:00:00,186.12554
2012-07-23 10:00:00,112.03635999999999
2012-07-23 11:00:00,127.95876
2012-07-23 12:00:00,161.70046
2012-07-23 13:00:00,158.29018000000002
2012-07-23 14:00:00,140.60038
2012-07-23 15:00:00,150.14882
2012-07-23 16:00:00,228.50266
2012-07-23 17:00:00,433.79314
2012-07-23 18:00:00,426.79552
2012-07-23 19:00:00,300.60627999999997
2012-07-23 20:00:00,206.86321999999998
2012-07-23 21:00:00,146.77349999999998
2012-07-23 22:00:00,109.02300000000001
2012-07-23 23:00:00,48.33458
2012-07-24 00:00:00,21.44322
2012-07-24 01:00:00,8.359399999999999
2012-07-24 02:00:00,4.4931
2012-07-24 03:00:00,3.38816
2012-07-24 04:00:00,4.17246
2012-07-24 05:00:00,16.03048
2012-07-24 06:00:00,84.86832
2012-07-24 07:00:00,251.13532
2012-07-24 08:00:00,393.60966
2012-07-24 09:00:00,205.86088
2012-07-24 10:00:00,113.00384000000001
2012-07-24 11:00:00,134.92401999999998
2012-07-24 12:00:00,159.8841
2012-07-24 13:00:00,148.05458000000002
2012-07-24 14:00:00,130.17722
2012-07-24 15:00:00,141.58174
2012-07-24 16:00:00,216.72304
2012-07-24 17:00:00,453.52040000000005
2012-07-24 18:00:00,443.08176
2012-07-24 19:00:00,304.577
2012-07-24 20:00:00,223.27091999999996
2012-07-24 21:00:00,152.31716
2012-07-24 22:00:00,105.10786
2012-07-24 23:00:00,48.3505
2012-07-25 00:00:00,23.63688
2012-07-25 01:00:00,9.509979999999999
2012-07-25 02:00:00,4.58108
2012-07-25 03:00:00,4.0727
2012-07-25 04:00:00,3.83944
2012-07-25 05:00:00,16.348699999999997
2012-07-25 06:00:00,83.92424
2012-07-25 07:00:00,271.822
2012-07-25 08:00:00,388.47999999999996
2012-07-25 09:00:00,207.45183999999998
2012-07-25 10:00:00,120.21898
2012-07-25 11:00:00,146.30118
2012-07-25 12:00:00,177.22554
2012-07-25 13:00:00,173.66
2012-07-25 14:00:00,150.44036
2012-07-25 15:00:00,155.7749
2012-07-25 16:00:00,230.25688000000002
2012-07-25 17:00:00,473.67024000000004
2012-07-25 18:00:00,448.32807999999994
2012-07-25 19:00:00,299.10236
2012-07-25 20:00:00,213.59142000000003
2012-07-25 21:00:00,164.80180000000001
2012-07-25 22:00:00,125.09942000000001
2012-07-25 23:00:00,58.717020000000005
2012-07-26 00:00:00,26.834319999999998
2012-07-26 01:00:00,12.8955
2012-07-26 02:00:00,4.6858
2012-07-26 03:00:00,4.28406
2012-07-26 04:00:00,3.81394
2012-07-26 05:00:00,16.30656
2012-07-26 06:00:00,84.18773999999999
2012-07-26 07:00:00,273.12146
2012-07-26 08:00:00,383.49684
2012-07-26 09:00:00,192.4753
2012-07-26 10:00:00,110.66194
2012-07-26 11:00:00,136.46988
2012-07-26 12:00:00,164.87462000000002
2012-07-26 13:00:00,155.03404
2012-07-26 14:00:00,132.36906
2012-07-26 15:00:00,142.47358
2012-07-26 16:00:00,227.14274
2012-07-26 17:00:00,410.0457
2012-07-26 18:00:00,433.86905999999993
2012-07-26 19:00:00,315.77824000000004
2012-07-26 20:00:00,231.6289
2012-07-26 21:00:00,152.75976
2012-07-26 22:00:00,108.59219999999999
2012-07-26 23:00:00,78.75368
2012-07-27 00:00:00,33.14464
2012-07-27 01:00:00,20.415860000000002
2012-07-27 02:00:00,10.669780000000001
2012-07-27 03:00:00,5.0105
2012-07-27 04:00:00,4.9051
2012-07-27 05:00:00,16.23184
2012-07-27 06:00:00,82.44234
2012-07-27 07:00:00,252.18112
2012-07-27 08:00:00,324.56167999999997
2012-07-27 09:00:00,192.88230000000001
2012-07-27 10:00:00,128.36526
2012-07-27 11:00:00,150.62704
2012-07-27 12:00:00,169.21376
2012-07-27 13:00:00,169.68541999999997
2012-07-27 14:00:00,163.60564
2012-07-27 15:00:00,172.4185
2012-07-27 16:00:00,246.61685999999997
2012-07-27 17:00:00,421.89256
2012-07-27 18:00:00,432.46028
2012-07-27 19:00:00,275.15132
2012-07-27 20:00:00,191.01506
2012-07-27 21:00:00,144.77084
2012-07-27 22:00:00,140.70174
2012-07-27 23:00:00,99.40254
2012-07-28 00:00:00,71.9021
2012-07-28 01:00:00,50.26134
2012-07-28 02:00:00,37.9944
2012-07-28 03:00:00,16.48266
2012-07-28 04:00:00,5.50826
2012-07-28 05:00:00,7.0765
2012-07-28 06:00:00,17.500780000000002
2012-07-28 07:00:00,46.81338
2012-07-28 08:00:00,99.91964
2012-07-28 09:00:00,175.3857
2012-07-28 10:00:00,222.3712
2012-07-28 11:00:00,283.51002
2012-07-28 12:00:00,288.91086
2012-07-28 13:00:00,288.11586
2012-07-28 14:00:00,294.51168
2012-07-28 15:00:00,291.75406
2012-07-28 16:00:00,291.76376
2012-07-28 17:00:00,351.16202
2012-07-28 18:00:00,323.21926
2012-07-28 19:00:00,182.6989
2012-07-28 20:00:00,135.72374000000002
2012-07-28 21:00:00,137.31106
2012-07-28 22:00:00,137.55653999999998
2012-07-28 23:00:00,109.65342000000001
2012-07-29 00:00:00,69.89842
2012-07-29 01:00:00,52.268319999999996
2012-07-29 02:00:00,42.50767999999999
2012-07-29 03:00:00,18.904239999999998
2012-07-29 04:00:00,5.62624
2012-07-29 05:00:00,5.842980000000001
2012-07-29 06:00:00,15.43766
2012-07-29 07:00:00,36.515679999999996
2012-07-29 08:00:00,82.0446
2012-07-29 09:00:00,147.78226
2012-07-29 10:00:00,200.15414
2012-07-29 11:00:00,259.09069999999997
2012-07-29 12:00:00,269.66798
2012-07-29 13:00:00,280.03174
2012-07-29 14:00:00,277.77836
2012-07-29 15:00:00,283.13048000000003
2012-07-29 16:00:00,287.42296
2012-07-29 17:00:00,348.12082
2012-07-29 18:00:00,319.72808
2012-07-29 19:00:00,259.91695999999996
2012-07-29 20:00:00,202.67293999999998
2012-07-29 21:00:00,102.2458
2012-07-29 22:00:00,84.84836
2012-07-29 23:00:00,50.839740000000006
2012-07-30 00:00:00,21.047420000000002
2012-07-30 01:00:00,11.69112
2012-07-30 02:00:00,5.19808
2012-07-30 03:00:00,3.0135199999999998
2012-07-30 04:00:00,3.5570399999999998
2012-07-30 05:00:00,15.71766
2012-07-30 06:00:00,86.25370000000001
2012-07-30 07:00:00,242.66
2012-07-30 08:00:00,376.02572
2012-07-30 09:00:00,182.90703999999997
2012-07-30 10:00:00,107.78402
2012-07-30 11:00:00,128.99124
2012-07-30 12:00:00,160.77357999999998
2012-07-30 13:00:00,159.62192
2012-07-30 14:00:00,137.07746
2012-07-30 15:00:00,143.41572
2012-07-30 16:00:00,213.09646
2012-07-30 17:00:00,442.47418000000005
2012-07-30 18:00:00,411.43120000000005
2012-07-30 19:00:00,294.734
2012-07-30 20:00:00,230.33865999999998
2012-07-30 21:00:00,146.75194
2012-07-30 22:00:00,94.52588
2012-07-30 23:00:00,51.50866
2012-07-31 00:00:00,16.70766
2012-07-31 01:00:00,7.713619999999999
2012-07-31 02:00:00,4.3982600000000005
2012-07-31 03:00:00,3.7732200000000002
2012-07-31 04:00:00,4.17246
2012-07-31 05:00:00,15.984879999999999
2012-07-31 06:00:00,85.51231999999999
2012-07-31 07:00:00,258.5853
2012-07-31 08:00:00,389.82215999999994
2012-07-31 09:00:00,205.0397
2012-07-31 10:00:00,116.72482000000001
2012-07-31 11:00:00,137.96634
2012-07-31 12:00:00,172.19566
2012-07-31 13:00:00,155.46522
2012-07-31 14:00:00,134.88402
2012-07-31 15:00:00,150.99446
2012-07-31 16:00:00,218.25112000000001
2012-07-31 17:00:00,475.08218
2012-07-31 18:00:00,457.615
2012-07-31 19:00:00,239.21215999999998
2012-07-31 20:00:00,164.90274
2012-07-31 21:00:00,147.39376
2012-07-31 22:00:00,99.67623999999999
2012-07-31 23:00:00,47.52464
2012-08-20 00:00:00,16.31828
2012-08-20 01:00:00,7.021459999999999
2012-08-20 02:00:00,3.5384599999999997
2012-08-20 03:00:00,3.4913
2012-08-20 04:00:00,4.67682
2012-08-20 05:00:00,14.363059999999999
2012-08-20 06:00:00,78.11478
2012-08-20 07:00:00,236.22227999999998
2012-08-20 08:00:00,372.32468
2012-08-20 09:00:00,180.81336
2012-08-20 10:00:00,102.07432
2012-08-20 11:00:00,122.2903
2012-08-20 12:00:00,150.79688
2012-08-20 13:00:00,164.62622
2012-08-20 14:00:00,144.72467999999998
2012-08-20 15:00:00,147.06094000000002
2012-08-20 16:00:00,210.34498
2012-08-20 17:00:00,438.22655999999995
2012-08-20 18:00:00,371.23326
2012-08-20 19:00:00,255.28755999999998
2012-08-20 20:00:00,136.94762
2012-08-20 21:00:00,106.5546
2012-08-20 22:00:00,83.12577999999999
2012-08-20 23:00:00,43.24044
2012-08-21 00:00:00,16.35642
2012-08-21 01:00:00,7.782159999999999
2012-08-21 02:00:00,3.00948
2012-08-21 03:00:00,3.07782
2012-08-21 04:00:00,3.79244
2012-08-21 05:00:00,15.35206
2012-08-21 06:00:00,84.14848
2012-08-21 07:00:00,243.48726
2012-08-21 08:00:00,387.50718
2012-08-21 09:00:00,201.46522000000002
2012-08-21 10:00:00,112.05336
2012-08-21 11:00:00,139.2821
2012-08-21 12:00:00,175.02339999999998
2012-08-21 13:00:00,174.26028000000002
2012-08-21 14:00:00,145.68380000000002
2012-08-21 15:00:00,150.03928
2012-08-21 16:00:00,222.80982
2012-08-21 17:00:00,465.53544
2012-08-21 18:00:00,473.39410000000004
2012-08-21 19:00:00,223.36556000000002
2012-08-21 20:00:00,214.10348
2012-08-21 21:00:00,145.46754
2012-08-21 22:00:00,96.53376
2012-08-21 23:00:00,46.184799999999996
2012-08-22 00:00:00,20.00858
2012-08-22 01:00:00,8.25342
2012-08-22 02:00:00,3.8277799999999997
2012-08-22 03:00:00,3.5176000000000003
2012-08-22 04:00:00,4.1273
2012-08-22 05:00:00,16.62582
2012-08-22 06:00:00,81.52606
2012-08-22 07:00:00,244.65517999999997
2012-08-22 08:00:00,319.8723
2012-08-22 09:00:00,202.55415999999997
2012-08-22 10:00:00,116.94531999999998
2012-08-22 11:00:00,140.17424
2012-08-22 12:00:00,172.69376
2012-08-22 13:00:00,167.28032
2012-08-22 14:00:00,144.35994000000002
2012-08-22 15:00:00,151.57338
2012-08-22 16:00:00,196.2002
2012-08-22 17:00:00,435.67506
2012-08-22 18:00:00,408.79550000000006
2012-08-22 19:00:00,265.25772
2012-08-22 20:00:00,219.5421
2012-08-22 21:00:00,147.97462000000002
2012-08-22 22:00:00,113.98628
2012-08-22 23:00:00,51.02852
2012-08-23 00:00:00,26.62078
2012-08-23 01:00:00,9.63318
2012-08-23 02:00:00,4.60792
2012-08-23 03:00:00,3.69314
2012-08-23 04:00:00,3.8128
2012-08-23 05:00:00,15.680760000000001
2012-08-23 06:00:00,81.51166000000002
2012-08-23 07:00:00,240.43542
2012-08-23 08:00:00,320.86798
2012-08-23 09:00:00,189.91825999999998
2012-08-23 10:00:00,117.74528
2012-08-23 11:00:00,144.39542
2012-08-23 12:00:00,175.57095999999999
2012-08-23 13:00:00,170.23936
2012-08-23 14:00:00,134.67561999999998
2012-08-23 15:00:00,150.93442
2012-08-23 16:00:00,228.31772
2012-08-23 17:00:00,469.86069999999995
2012-08-23 18:00:00,472.8401
2012-08-23 19:00:00,305.72686
2012-08-23 20:00:00,207.20714
2012-08-23 21:00:00,159.87104
2012-08-23 22:00:00,122.93339999999999
2012-08-23 23:00:00,76.7183
2012-08-24 00:00:00,34.53776
2012-08-24 01:00:00,17.96528
2012-08-24 02:00:00,8.87396
2012-08-24 03:00:00,5.2627999999999995
2012-08-24 04:00:00,4.40888
2012-08-24 05:00:00,14.949040000000002
2012-08-24 06:00:00,74.92378000000001
2012-08-24 07:00:00,233.5952
2012-08-24 08:00:00,381.55361999999997
2012-08-24 09:00:00,189.04574000000002
2012-08-24 10:00:00,128.91146
2012-08-24 11:00:00,154.865
2012-08-24 12:00:00,173.93622
2012-08-24 13:00:00,175.2019
2012-08-24 14:00:00,175.88967999999997
2012-08-24 15:00:00,178.43974000000003
2012-08-24 16:00:00,251.21038000000001
2012-08-24 17:00:00,452.69128
2012-08-24 18:00:00,436.32620000000003
2012-08-24 19:00:00,264.9946
2012-08-24 20:00:00,198.8362
2012-08-24 21:00:00,124.97424000000001
2012-08-24 22:00:00,131.10376000000002
2012-08-24 23:00:00,110.18938
2012-08-25 00:00:00,66.20208
2012-08-25 01:00:00,49.13912
2012-08-25 02:00:00,37.98596
2012-08-25 03:00:00,15.98252
2012-08-25 04:00:00,5.66008
2012-08-25 05:00:00,6.6428
2012-08-25 06:00:00,23.07076
2012-08-25 07:00:00,46.943239999999996
2012-08-25 08:00:00,108.69367999999999
2012-08-25 09:00:00,172.49865999999997
2012-08-25 10:00:00,213.72644
2012-08-25 11:00:00,255.84859999999998
2012-08-25 12:00:00,255.76864
2012-08-25 13:00:00,278.22944
2012-08-25 14:00:00,256.05134
2012-08-25 15:00:00,266.67838
2012-08-25 16:00:00,264.87918
2012-08-25 17:00:00,249.86232
2012-08-25 18:00:00,230.21336000000002
2012-08-25 19:00:00,195.06112000000002
2012-08-25 20:00:00,130.54906
2012-08-25 21:00:00,105.73046
2012-08-25 22:00:00,104.05812
2012-08-25 23:00:00,89.32412
2012-08-26 00:00:00,68.14758
2012-08-26 01:00:00,52.70385999999999
2012-08-26 02:00:00,40.52574
2012-08-26 03:00:00,17.31568
2012-08-26 04:00:00,4.11952
2012-08-26 05:00:00,4.34616
2012-08-26 06:00:00,12.218960000000001
2012-08-26 07:00:00,33.253699999999995
2012-08-26 08:00:00,79.78386
2012-08-26 09:00:00,148.80136000000002
2012-08-26 10:00:00,200.50974
2012-08-26 11:00:00,250.18807999999999
2012-08-26 12:00:00,243.58678000000003
2012-08-26 13:00:00,261.91796
2012-08-26 14:00:00,267.14856
2012-08-26 15:00:00,246.42544
2012-08-26 16:00:00,236.46944000000002
2012-08-26 17:00:00,239.11944
2012-08-26 18:00:00,220.30921999999998
2012-08-26 19:00:00,174.82588
2012-08-26 20:00:00,136.32174
2012-08-26 21:00:00,92.8164
2012-08-26 22:00:00,78.9624
2012-08-26 23:00:00,58.038799999999995
2012-08-27 00:00:00,16.98568
2012-08-27 01:00:00,7.4165600000000005
2012-08-27 02:00:00,3.5335
2012-08-27 03:00:00,3.79566
2012-08-27 04:00:00,3.19378
2012-08-27 05:00:00,14.964199999999998
2012-08-27 06:00:00,83.31926000000001
2012-08-27 07:00:00,240.1961
2012-08-27 08:00:00,314.90846
2012-08-27 09:00:00,182.93529999999998
2012-08-27 10:00:00,113.0651
2012-08-27 11:00:00,127.33791999999998
2012-08-27 12:00:00,165.10484
2012-08-27 13:00:00,162.65824
2012-08-27 14:00:00,146.07551999999998
2012-08-27 15:00:00,145.58656
2012-08-27 16:00:00,210.351
2012-08-27 17:00:00,461.07042
2012-08-27 18:00:00,471.47082
2012-08-27 19:00:00,304.03979999999996
2012-08-27 20:00:00,224.69018
2012-08-27 21:00:00,142.9446
2012-08-27 22:00:00,94.65082
2012-08-27 23:00:00,45.95157999999999
2012-08-28 00:00:00,17.35636
2012-08-28 01:00:00,8.51888
2012-08-28 02:00:00,4.11062
2012-08-28 03:00:00,2.16824
2012-08-28 04:00:00,3.1004
2012-08-28 05:00:00,14.6028
2012-08-28 06:00:00,78.05542
2012-08-28 07:00:00,240.06682
2012-08-28 08:00:00,378.72076000000004
2012-08-28 09:00:00,201.09982000000002
2012-08-28 10:00:00,113.69928
2012-08-28 11:00:00,139.40036
2012-08-28 12:00:00,158.93436
2012-08-28 13:00:00,154.24698
2012-08-28 14:00:00,138.26338
2012-08-28 15:00:00,144.13914
2012-08-28 16:00:00,218.72261999999998
2012-08-28 17:00:00,430.88024
2012-08-28 18:00:00,460.15026000000006
2012-08-28 19:00:00,295.83124000000004
2012-08-28 20:00:00,203.0687
2012-08-28 21:00:00,158.61948
2012-08-28 22:00:00,110.68473999999999
2012-08-28 23:00:00,54.275380000000006
2012-08-29 00:00:00,22.207659999999997
2012-08-29 01:00:00,9.68384
2012-08-29 02:00:00,4.718
2012-08-29 03:00:00,4.0216400000000005
2012-08-29 04:00:00,3.94664
2012-08-29 05:00:00,16.25134
2012-08-29 06:00:00,81.73674
2012-08-29 07:00:00,247.63002000000003
2012-08-29 08:00:00,393.9494
2012-08-29 09:00:00,206.17102
2012-08-29 10:00:00,115.44452
2012-08-29 11:00:00,144.27864
2012-08-29 12:00:00,175.7614
2012-08-29 13:00:00,173.92908
2012-08-29 14:00:00,146.73664
2012-08-29 15:00:00,149.30844000000002
2012-08-29 16:00:00,236.02644
2012-08-29 17:00:00,472.47911999999997
2012-08-29 18:00:00,466.18666
2012-08-29 19:00:00,309.02538
2012-08-29 20:00:00,208.18902000000003
2012-08-29 21:00:00,163.43348
2012-08-29 22:00:00,124.55842
2012-08-29 23:00:00,59.17976
2012-08-30 00:00:00,24.68218
2012-08-30 01:00:00,11.210840000000001
2012-08-30 02:00:00,4.6605
2012-08-30 03:00:00,4.19766
2012-08-30 04:00:00,4.37868
2012-08-30 05:00:00,15.73436
2012-08-30 06:00:00,81.72148000000001
2012-08-30 07:00:00,249.30042
2012-08-30 08:00:00,393.30177999999995
2012-08-30 09:00:00,196.00154
2012-08-30 10:00:00,117.64189999999999
2012-08-30 11:00:00,144.6891
2012-08-30 12:00:00,175.26976
2012-08-30 13:00:00,167.60958
2012-08-30 14:00:00,142.96658000000002
2012-08-30 15:00:00,148.71112
2012-08-30 16:00:00,229.11108000000002
2012-08-30 17:00:00,467.5609400000001
2012-08-30 18:00:00,433.00194
2012-08-30 19:00:00,308.74472000000003
2012-08-30 20:00:00,213.4844
2012-08-30 21:00:00,160.20192
2012-08-30 22:00:00,127.03652
2012-08-30 23:00:00,79.61184
2012-08-31 00:00:00,32.68082
2012-08-31 01:00:00,18.14904
2012-08-31 02:00:00,8.34712
2012-08-31 03:00:00,3.73784
2012-08-31 04:00:00,4.0220199999999995
2012-08-31 05:00:00,15.956600000000002
2012-08-31 06:00:00,73.95621999999999
2012-08-31 07:00:00,225.51484
2012-08-31 08:00:00,378.60391999999996
2012-08-31 09:00:00,184.48548
2012-08-31 10:00:00,134.319
2012-08-31 11:00:00,155.84656
2012-08-31 12:00:00,187.46125999999998
2012-08-31 13:00:00,183.00500000000002
2012-08-31 14:00:00,181.17433999999997
2012-08-31 15:00:00,195.6925
2012-08-31 16:00:00,253.85038000000003
2012-08-31 17:00:00,437.77264
2012-08-31 18:00:00,437.0132
2012-08-31 19:00:00,279.0887
2012-08-31 20:00:00,195.31228
2012-08-31 21:00:00,132.84058
2012-08-31 22:00:00,137.24774
2012-08-31 23:00:00,101.00406
2012-09-20 00:00:00,24.813399999999998
2012-09-20 01:00:00,18.911939999999998
2012-09-20 02:00:00,7.66146
2012-09-20 03:00:00,4.8835
2012-09-20 04:00:00,4.90506
2012-09-20 05:00:00,17.28362
2012-09-20 06:00:00,81.23266000000001
2012-09-20 07:00:00,229.77258
2012-09-20 08:00:00,325.38442
2012-09-20 09:00:00,198.38488
2012-09-20 10:00:00,102.59416
2012-09-20 11:00:00,127.99727999999999
2012-09-20 12:00:00,161.06752
2012-09-20 13:00:00,158.17134
2012-09-20 14:00:00,135.73664
2012-09-20 15:00:00,150.63688000000002
2012-09-20 16:00:00,222.49734
2012-09-20 17:00:00,448.82028
2012-09-20 18:00:00,440.59822
2012-09-20 19:00:00,312.47767999999996
2012-09-20 20:00:00,200.84122
2012-09-20 21:00:00,141.54382
2012-09-20 22:00:00,122.14736
2012-09-20 23:00:00,75.23018
2012-09-21 00:00:00,32.66316
2012-09-21 01:00:00,21.22012
2012-09-21 02:00:00,9.36762
2012-09-21 03:00:00,4.66836
2012-09-21 04:00:00,3.9553200000000004
2012-09-21 05:00:00,15.35938
2012-09-21 06:00:00,84.30781999999999
2012-09-21 07:00:00,238.64556000000002
2012-09-21 08:00:00,380.24876
2012-09-21 09:00:00,186.41187999999997
2012-09-21 10:00:00,118.9502
2012-09-21 11:00:00,147.86866
2012-09-21 12:00:00,171.33144
2012-09-21 13:00:00,176.66264
2012-09-21 14:00:00,165.04955999999999
2012-09-21 15:00:00,173.63207999999997
2012-09-21 16:00:00,244.55502
2012-09-21 17:00:00,400.36188
2012-09-21 18:00:00,416.08806000000004
2012-09-21 19:00:00,288.05352000000005
2012-09-21 20:00:00,208.86924000000002
2012-09-21 21:00:00,126.72474
2012-09-21 22:00:00,124.70112
2012-09-21 23:00:00,84.48418
2012-09-22 00:00:00,64.3068
2012-09-22 01:00:00,49.49728
2012-09-22 02:00:00,40.118120000000005
2012-09-22 03:00:00,14.82506
2012-09-22 04:00:00,4.1189599999999995
2012-09-22 05:00:00,5.613040000000001
2012-09-22 06:00:00,14.497919999999999
2012-09-22 07:00:00,43.27476
2012-09-22 08:00:00,97.81533999999999
2012-09-22 09:00:00,169.08901999999998
2012-09-22 10:00:00,214.27246
2012-09-22 11:00:00,264.7942
2012-09-22 12:00:00,272.60068
2012-09-22 13:00:00,276.63704
2012-09-22 14:00:00,275.7996
2012-09-22 15:00:00,272.6961
2012-09-22 16:00:00,275.1029
2012-09-22 17:00:00,290.23304
2012-09-22 18:00:00,259.009
2012-09-22 19:00:00,207.69844
2012-09-22 20:00:00,160.8231
2012-09-22 21:00:00,124.50514
2012-09-22 22:00:00,131.31748
2012-09-22 23:00:00,99.44856000000001
2012-09-23 00:00:00,66.09404
2012-09-23 01:00:00,47.2545
2012-09-23 02:00:00,38.69798
2012-09-23 03:00:00,14.45038
2012-09-23 04:00:00,4.6372599999999995
2012-09-23 05:00:00,4.93008
2012-09-23 06:00:00,11.97838
2012-09-23 07:00:00,28.003999999999998
2012-09-23 08:00:00,65.33498
2012-09-23 09:00:00,134.90074
2012-09-23 10:00:00,194.96058
2012-09-23 11:00:00,248.19330000000002
2012-09-23 12:00:00,269.43754
2012-09-23 13:00:00,310.79898000000003
2012-09-23 14:00:00,304.8231
2012-09-23 15:00:00,298.9937
2012-09-23 16:00:00,294.31214
2012-09-23 17:00:00,253.73824
2012-09-23 18:00:00,224.91700000000003
2012-09-23 19:00:00,167.69478
2012-09-23 20:00:00,120.1836
2012-09-23 21:00:00,76.85661999999999
2012-09-23 22:00:00,68.04335999999999
2012-09-23 23:00:00,45.779799999999994
2012-09-24 00:00:00,30.5361
2012-09-24 01:00:00,19.27748
2012-09-24 02:00:00,7.39122
2012-09-24 03:00:00,2.8525199999999997
2012-09-24 04:00:00,4.309679999999999
2012-09-24 05:00:00,15.75368
2012-09-24 06:00:00,83.12782000000001
2012-09-24 07:00:00,220.34148
2012-09-24 08:00:00,372.84312
2012-09-24 09:00:00,189.32193999999998
2012-09-24 10:00:00,96.63914000000001
2012-09-24 11:00:00,116.49380000000001
2012-09-24 12:00:00,142.97289999999998
2012-09-24 13:00:00,140.97814
2012-09-24 14:00:00,138.28034
2012-09-24 15:00:00,139.46084000000002
2012-09-24 16:00:00,216.25522
2012-09-24 17:00:00,422.17508000000004
2012-09-24 18:00:00,403.01814
2012-09-24 19:00:00,284.79352
2012-09-24 20:00:00,188.19060000000002
2012-09-24 21:00:00,143.27326
2012-09-24 22:00:00,88.60896
2012-09-24 23:00:00,42.7055
2012-09-25 00:00:00,30.956220000000002
2012-09-25 01:00:00,14.380160000000002
2012-09-25 02:00:00,3.67824
2012-09-25 03:00:00,2.9816199999999995
2012-09-25 04:00:00,3.1222800000000004
2012-09-25 05:00:00,14.91
2012-09-25 06:00:00,82.60898
2012-09-25 07:00:00,224.34748
2012-09-25 08:00:00,383.4189
2012-09-25 09:00:00,207.70514
2012-09-25 10:00:00,96.35476000000001
2012-09-25 11:00:00,124.18683999999999
2012-09-25 12:00:00,147.63816
2012-09-25 13:00:00,145.83686
2012-09-25 14:00:00,139.36816
2012-09-25 15:00:00,146.17806000000002
2012-09-25 16:00:00,215.59998000000002
2012-09-25 17:00:00,431.41175999999996
2012-09-25 18:00:00,441.06914
2012-09-25 19:00:00,306.31134
2012-09-25 20:00:00,204.07623999999998
2012-09-25 21:00:00,147.58671999999999
2012-09-25 22:00:00,96.62866
2012-09-25 23:00:00,48.96086
2012-09-26 00:00:00,22.4383
2012-09-26 01:00:00,8.7647
2012-09-26 02:00:00,5.37858
2012-09-26 03:00:00,2.8662600000000005
2012-09-26 04:00:00,3.5309
2012-09-26 05:00:00,16.36956
2012-09-26 06:00:00,82.34608
2012-09-26 07:00:00,242.15895999999998
2012-09-26 08:00:00,382.18611999999996
2012-09-26 09:00:00,205.94586
2012-09-26 10:00:00,101.75370000000001
2012-09-26 11:00:00,128.0682
2012-09-26 12:00:00,158.96769999999998
2012-09-26 13:00:00,160.24048000000002
2012-09-26 14:00:00,133.24164
2012-09-26 15:00:00,141.07362
2012-09-26 16:00:00,218.9363
2012-09-26 17:00:00,457.00573999999995
2012-09-26 18:00:00,477.38566000000003
2012-09-26 19:00:00,309.64714
2012-09-26 20:00:00,234.28152
2012-09-26 21:00:00,151.2619
2012-09-26 22:00:00,95.67963999999999
2012-09-26 23:00:00,47.9225
2012-09-27 00:00:00,24.395639999999997
2012-09-27 01:00:00,10.58338
2012-09-27 02:00:00,7.21336
2012-09-27 03:00:00,4.29926
2012-09-27 04:00:00,3.55964
2012-09-27 05:00:00,16.78404
2012-09-27 06:00:00,87.12612
2012-09-27 07:00:00,242.00348
2012-09-27 08:00:00,322.29524
2012-09-27 09:00:00,193.69814
2012-09-27 10:00:00,108.1604
2012-09-27 11:00:00,139.07914
2012-09-27 12:00:00,165.7851
2012-09-27 13:00:00,158.55075999999997
2012-09-27 14:00:00,142.96496
2012-09-27 15:00:00,146.38103999999998
2012-09-27 16:00:00,221.43944
2012-09-27 17:00:00,421.95889999999997
2012-09-27 18:00:00,431.54334
2012-09-27 19:00:00,309.79304
2012-09-27 20:00:00,191.90337999999997
2012-09-27 21:00:00,75.47676
2012-09-27 22:00:00,82.66966
2012-09-27 23:00:00,49.01651999999999
2012-09-28 00:00:00,26.91982
2012-09-28 01:00:00,16.35834
2012-09-28 02:00:00,6.099019999999999
2012-09-28 03:00:00,4.1511
2012-09-28 04:00:00,3.38706
2012-09-28 05:00:00,15.132639999999999
2012-09-28 06:00:00,75.15056
2012-09-28 07:00:00,207.18242
2012-09-28 08:00:00,314.0105
2012-09-28 09:00:00,176.59972
2012-09-28 10:00:00,114.36768
2012-09-28 11:00:00,139.37452000000002
2012-09-28 12:00:00,166.21184
2012-09-28 13:00:00,166.95656
2012-09-28 14:00:00,160.2361
2012-09-28 15:00:00,169.68025999999998
2012-09-28 16:00:00,244.83074000000002
2012-09-28 17:00:00,395.65930000000003
2012-09-28 18:00:00,420.05406
2012-09-28 19:00:00,234.91044
2012-09-28 20:00:00,153.02218
2012-09-28 21:00:00,104.53622
2012-09-28 22:00:00,116.15412
2012-09-28 23:00:00,88.7234
2012-09-29 00:00:00,68.6969
2012-09-29 01:00:00,52.46174
2012-09-29 02:00:00,34.01676
2012-09-29 03:00:00,17.716340000000002
2012-09-29 04:00:00,4.78772
2012-09-29 05:00:00,5.17334
2012-09-29 06:00:00,12.70502
2012-09-29 07:00:00,35.58744
2012-09-29 08:00:00,92.7842
2012-09-29 09:00:00,167.1224
2012-09-29 10:00:00,212.41304000000002
2012-09-29 11:00:00,261.24228
2012-09-29 12:00:00,300.10408
2012-09-29 13:00:00,307.54086
2012-09-29 14:00:00,306.50368000000003
2012-09-29 15:00:00,293.94259999999997
2012-09-29 16:00:00,290.70952
2012-09-29 17:00:00,270.3089
2012-09-29 18:00:00,238.25892000000002
2012-09-29 19:00:00,176.88464
2012-09-29 20:00:00,125.60594
2012-09-29 21:00:00,116.60101999999999
2012-09-29 22:00:00,127.1154
2012-09-29 23:00:00,99.19529999999999
2012-09-30 00:00:00,65.55905999999999
2012-09-30 01:00:00,50.213420000000006
2012-09-30 02:00:00,40.654599999999995
2012-09-30 03:00:00,17.7213
2012-09-30 04:00:00,5.70828
2012-09-30 05:00:00,6.06686
2012-09-30 06:00:00,15.223479999999999
2012-09-30 07:00:00,28.185139999999997
2012-09-30 08:00:00,67.58174
2012-09-30 09:00:00,136.66578
2012-09-30 10:00:00,205.3696
2012-09-30 11:00:00,276.80258
2012-09-30 12:00:00,295.91964
2012-09-30 13:00:00,307.01534000000004
2012-09-30 14:00:00,301.59556
2012-09-30 15:00:00,309.44800000000004
2012-09-30 16:00:00,304.13742
2012-09-30 17:00:00,270.67674
2012-09-30 18:00:00,229.0879
2012-09-30 19:00:00,144.57113999999999
2012-09-30 20:00:00,106.68943999999999
2012-09-30 21:00:00,77.11044
2012-09-30 22:00:00,66.58274
2012-09-30 23:00:00,49.49594
2012-10-20 00:00:00,65.57126
2012-10-20 01:00:00,46.8773
2012-10-20 02:00:00,33.2149
2012-10-20 03:00:00,15.85614
2012-10-20 04:00:00,4.8715399999999995
2012-10-20 05:00:00,5.74226
2012-10-20 06:00:00,15.11134
2012-10-20 07:00:00,34.533280000000005
2012-10-20 08:00:00,95.30293999999999
2012-10-20 09:00:00,168.17630000000003
2012-10-20 10:00:00,215.14176
2012-10-20 11:00:00,261.6477
2012-10-20 12:00:00,284.73778
2012-10-20 13:00:00,287.55768
2012-10-20 14:00:00,272.71504
2012-10-20 15:00:00,266.60173999999995
2012-10-20 16:00:00,258.07421999999997
2012-10-20 17:00:00,252.92298
2012-10-20 18:00:00,219.47538
2012-10-20 19:00:00,150.06134
2012-10-20 20:00:00,109.3587
2012-10-20 21:00:00,90.50984
2012-10-20 22:00:00,96.17594
2012-10-20 23:00:00,67.23264
2012-10-21 00:00:00,58.08678
2012-10-21 01:00:00,42.17694
2012-10-21 02:00:00,34.05958
2012-10-21 03:00:00,17.72154
2012-10-21 04:00:00,5.3513
2012-10-21 05:00:00,5.632759999999999
2012-10-21 06:00:00,13.22792
2012-10-21 07:00:00,27.493000000000002
2012-10-21 08:00:00,65.64808
2012-10-21 09:00:00,133.0477
2012-10-21 10:00:00,184.40001999999998
2012-10-21 11:00:00,243.86056000000002
2012-10-21 12:00:00,256.89588000000003
2012-10-21 13:00:00,274.147
2012-10-21 14:00:00,270.46508
2012-10-21 15:00:00,259.3888
2012-10-21 16:00:00,257.72468
2012-10-21 17:00:00,254.82145999999997
2012-10-21 18:00:00,220.30448
2012-10-21 19:00:00,148.45038
2012-10-21 20:00:00,100.53787999999999
2012-10-21 21:00:00,73.98788
2012-10-21 22:00:00,63.25428
2012-10-21 23:00:00,46.10282
2012-10-22 00:00:00,17.68884
2012-10-22 01:00:00,10.591660000000001
2012-10-22 02:00:00,3.99094
2012-10-22 03:00:00,2.93646
2012-10-22 04:00:00,3.0639999999999996
2012-10-22 05:00:00,14.276959999999999
2012-10-22 06:00:00,73.21418
2012-10-22 07:00:00,208.72323999999998
2012-10-22 08:00:00,369.39913999999993
2012-10-22 09:00:00,188.61846
2012-10-22 10:00:00,95.54191999999999
2012-10-22 11:00:00,116.99127999999999
2012-10-22 12:00:00,146.72496
2012-10-22 13:00:00,149.82034
2012-10-22 14:00:00,144.47034
2012-10-22 15:00:00,149.8979
2012-10-22 16:00:00,217.13928000000004
2012-10-22 17:00:00,422.15954000000005
2012-10-22 18:00:00,390.37859999999995
2012-10-22 19:00:00,282.84158
2012-10-22 20:00:00,172.67566000000002
2012-10-22 21:00:00,123.67197999999999
2012-10-22 22:00:00,80.91116
2012-10-22 23:00:00,42.32142
2012-10-23 00:00:00,22.821620000000003
2012-10-23 01:00:00,8.02844
2012-10-23 02:00:00,3.09932
2012-10-23 03:00:00,3.8927
2012-10-23 04:00:00,3.9543999999999997
2012-10-23 05:00:00,15.278300000000002
2012-10-23 06:00:00,76.9358
2012-10-23 07:00:00,227.09668
2012-10-23 08:00:00,325.56183999999996
2012-10-23 09:00:00,201.20604000000003
2012-10-23 10:00:00,92.56786
2012-10-23 11:00:00,124.71874
2012-10-23 12:00:00,155.02991999999998
2012-10-23 13:00:00,151.39614
2012-10-23 14:00:00,144.38948
2012-10-23 15:00:00,147.06002
2012-10-23 16:00:00,232.07272
2012-10-23 17:00:00,433.74198
2012-10-23 18:00:00,433.69908
2012-10-23 19:00:00,300.46206
2012-10-23 20:00:00,196.77192000000002
2012-10-23 21:00:00,149.03732
2012-10-23 22:00:00,99.40286000000002
2012-10-23 23:00:00,45.53208
2012-10-24 00:00:00,21.87052
2012-10-24 01:00:00,9.05266
2012-10-24 02:00:00,4.37604
2012-10-24 03:00:00,4.29466
2012-10-24 04:00:00,4.28792
2012-10-24 05:00:00,16.673920000000003
2012-10-24 06:00:00,83.16498
2012-10-24 07:00:00,211.63316
2012-10-24 08:00:00,388.22326
2012-10-24 09:00:00,200.2047
2012-10-24 10:00:00,91.25832
2012-10-24 11:00:00,116.72946
2012-10-24 12:00:00,157.0813
2012-10-24 13:00:00,152.7984
2012-10-24 14:00:00,141.67883999999998
2012-10-24 15:00:00,152.75106
2012-10-24 16:00:00,239.71208
2012-10-24 17:00:00,438.99466
2012-10-24 18:00:00,439.8721
2012-10-24 19:00:00,272.71046
2012-10-24 20:00:00,174.58236
2012-10-24 21:00:00,145.96014
2012-10-24 22:00:00,112.61205999999999
2012-10-24 23:00:00,52.86541999999999
2012-10-25 00:00:00,24.679720000000003
2012-10-25 01:00:00,11.705760000000001
2012-10-25 02:00:00,5.82388
2012-10-25 03:00:00,2.95264
2012-10-25 04:00:00,3.02142
2012-10-25 05:00:00,14.02184
2012-10-25 06:00:00,76.20483999999999
2012-10-25 07:00:00,230.50506
2012-10-25 08:00:00,384.901
2012-10-25 09:00:00,186.83841999999999
2012-10-25 10:00:00,82.04742
2012-10-25 11:00:00,85.68378000000001
2012-10-25 12:00:00,148.41765999999998
2012-10-25 13:00:00,143.24475999999999
2012-10-25 14:00:00,122.65614000000001
2012-10-25 15:00:00,141.56664
2012-10-25 16:00:00,190.3229
2012-10-25 17:00:00,425.21456
2012-10-25 18:00:00,238.62852
2012-10-25 19:00:00,269.99808
2012-10-25 20:00:00,128.59068
2012-10-25 21:00:00,82.41948000000001
2012-10-25 22:00:00,101.08946
2012-10-25 23:00:00,68.34942000000001
2012-10-26 00:00:00,28.363100000000003
2012-10-26 01:00:00,17.73024
2012-10-26 02:00:00,7.54458
2012-10-26 03:00:00,3.9547
2012-10-26 04:00:00,3.8075200000000002
2012-10-26 05:00:00,13.818
2012-10-26 06:00:00,77.03935999999999
2012-10-26 07:00:00,226.96193999999997
2012-10-26 08:00:00,373.07976
2012-10-26 09:00:00,176.88006000000001
2012-10-26 10:00:00,86.71226
2012-10-26 11:00:00,124.392
2012-10-26 12:00:00,153.10474
2012-10-26 13:00:00,156.34852
2012-10-26 14:00:00,165.42656
2012-10-26 15:00:00,175.49627999999998
2012-10-26 16:00:00,204.43432
2012-10-26 17:00:00,344.67816
2012-10-26 18:00:00,339.84904
2012-10-26 19:00:00,224.03148000000002
2012-10-26 20:00:00,131.16536
2012-10-26 21:00:00,120.01368000000001
2012-10-26 22:00:00,103.40429999999999
2012-10-26 23:00:00,87.62814
2012-10-27 00:00:00,66.52637999999999
2012-10-27 01:00:00,47.69422
2012-10-27 02:00:00,32.63892
2012-10-27 03:00:00,15.865559999999999
2012-10-27 04:00:00,4.8678
2012-10-27 05:00:00,5.32728
2012-10-27 06:00:00,19.1894
2012-10-27 07:00:00,38.87916
2012-10-27 08:00:00,92.83116000000001
2012-10-27 09:00:00,161.07798
2012-10-27 10:00:00,210.99976
2012-10-27 11:00:00,264.49598000000003
2012-10-27 12:00:00,287.577
2012-10-27 13:00:00,311.33725999999996
2012-10-27 14:00:00,291.48272
2012-10-27 15:00:00,263.38532
2012-10-27 16:00:00,259.61505999999997
2012-10-27 17:00:00,260.23472
2012-10-27 18:00:00,239.88097999999997
2012-10-27 19:00:00,177.02906000000002
2012-10-27 20:00:00,132.49178
2012-10-27 21:00:00,116.3099
2012-10-27 22:00:00,111.07202
2012-10-27 23:00:00,77.92866000000001
2012-10-28 00:00:00,59.78818
2012-10-28 01:00:00,46.77294
2012-10-28 02:00:00,38.17934
2012-10-28 03:00:00,13.64288
2012-10-28 04:00:00,4.4877199999999995
2012-10-28 05:00:00,4.97088
2012-10-28 06:00:00,16.82676
2012-10-28 07:00:00,27.805439999999997
2012-10-28 08:00:00,64.85278
2012-10-28 09:00:00,137.91866
2012-10-28 10:00:00,187.8895
2012-10-28 11:00:00,235.32988
2012-10-28 12:00:00,247.21024
2012-10-28 13:00:00,250.17556
2012-10-28 14:00:00,252.08376000000004
2012-10-28 15:00:00,255.78384
2012-10-28 16:00:00,231.19060000000002
2012-10-28 17:00:00,180.12032
2012-10-28 18:00:00,99.56966
2012-10-28 19:00:00,69.1809
2012-10-28 20:00:00,57.407700000000006
2012-10-28 21:00:00,53.69042
2012-10-28 22:00:00,45.30146
2012-10-28 23:00:00,35.01236
2012-10-29 00:00:00,19.276960000000003
2012-10-30 13:00:00,50.4981
2012-10-30 14:00:00,49.18008
2012-10-30 15:00:00,50.771060000000006
2012-10-30 16:00:00,64.09916
2012-10-30 17:00:00,130.26006
2012-10-30 18:00:00,160.65622
2012-10-30 19:00:00,236.11034
2012-10-30 20:00:00,103.6602
2012-10-30 21:00:00,76.04864
2012-10-30 22:00:00,69.04628000000001
2012-10-30 23:00:00,31.135379999999998
2012-10-31 00:00:00,13.41606
2012-10-31 01:00:00,5.686540000000001
2012-10-31 02:00:00,2.25658
2012-10-31 03:00:00,2.49004
2012-10-31 04:00:00,2.92426
2012-10-31 05:00:00,13.99814
2012-10-31 06:00:00,61.24586
2012-10-31 07:00:00,192.54942
2012-10-31 08:00:00,388.64449999999994
2012-10-31 09:00:00,179.14056
2012-10-31 10:00:00,81.52435999999999
2012-10-31 11:00:00,84.09431999999998
2012-10-31 12:00:00,91.64448
2012-10-31 13:00:00,107.71176
2012-10-31 14:00:00,90.94128
2012-10-31 15:00:00,92.96552
2012-10-31 16:00:00,145.39468000000002
2012-10-31 17:00:00,314.6959
2012-10-31 18:00:00,312.36798000000005
2012-10-31 19:00:00,207.49586000000002
2012-10-31 20:00:00,144.39028
2012-10-31 21:00:00,90.15364
2012-10-31 22:00:00,76.30418
2012-10-31 23:00:00,38.436499999999995
2012-11-20 00:00:00,15.94744
2012-11-20 01:00:00,6.93746
2012-11-20 02:00:00,2.6631
2012-11-20 03:00:00,2.7256799999999997
2012-11-20 04:00:00,3.1118799999999998
2012-11-20 05:00:00,13.43742
2012-11-20 06:00:00,64.27987999999999
2012-11-20 07:00:00,212.85157999999998
2012-11-20 08:00:00,388.48969999999997
2012-11-20 09:00:00,179.70209999999997
2012-11-20 10:00:00,84.77636
2012-11-20 11:00:00,93.8235
2012-11-20 12:00:00,103.32938000000001
2012-11-20 13:00:00,115.08976
2012-11-20 14:00:00,102.37016000000001
2012-11-20 15:00:00,111.3157
2012-11-20 16:00:00,146.29971999999998
2012-11-20 17:00:00,291.08102
2012-11-20 18:00:00,296.32255999999995
2012-11-20 19:00:00,205.51744
2012-11-20 20:00:00,132.01064
2012-11-20 21:00:00,94.22800000000001
2012-11-20 22:00:00,72.12158
2012-11-20 23:00:00,34.6174
2012-11-21 00:00:00,14.01742
2012-11-21 01:00:00,6.1815
2012-11-21 02:00:00,1.93792
2012-11-21 03:00:00,2.2306
2012-11-21 04:00:00,2.6469099999999997
2012-11-21 05:00:00,14.86997
2012-11-21 06:00:00,61.95478
2012-11-21 07:00:00,186.08038000000002
2012-11-21 08:00:00,336.78906
2012-11-21 09:00:00,180.53736
2012-11-21 10:00:00,81.15352
2012-11-21 11:00:00,91.4472
2012-11-21 12:00:00,130.63116
2012-11-21 13:00:00,145.84611999999998
2012-11-21 14:00:00,136.94104
2012-11-21 15:00:00,133.26906
2012-11-21 16:00:00,190.70618000000002
2012-11-21 17:00:00,317.31306
2012-11-21 18:00:00,335.53674
2012-11-21 19:00:00,206.67081999999996
2012-11-21 20:00:00,131.7716
2012-11-21 21:00:00,91.09782000000001
2012-11-21 22:00:00,73.20948
2012-11-21 23:00:00,36.5869
2012-11-22 00:00:00,27.05776
2012-11-22 01:00:00,25.013939999999998
2012-11-22 02:00:00,10.45918
2012-11-22 03:00:00,4.8949541666666665
2012-11-22 04:00:00,4.565906666666667
2012-11-22 05:00:00,9.799506666666666
2012-11-22 06:00:00,27.976300000000002
2012-11-22 07:00:00,78.90621999999999
2012-11-22 08:00:00,122.90086
2012-11-22 09:00:00,134.74292
2012-11-22 10:00:00,104.62396000000001
2012-11-22 11:00:00,128.45654000000002
2012-11-22 12:00:00,163.483
2012-11-22 13:00:00,168.9606
2012-11-22 14:00:00,141.50137999999998
2012-11-22 15:00:00,142.82346
2012-11-22 16:00:00,202.23588
2012-11-22 17:00:00,197.73368
2012-11-22 18:00:00,149.25804
2012-11-22 19:00:00,115.02602000000002
2012-11-22 20:00:00,84.61172
2012-11-22 21:00:00,75.83958
2012-11-22 22:00:00,72.60284
2012-11-22 23:00:00,54.148379999999996
2012-11-23 00:00:00,22.8445
2012-11-23 01:00:00,9.09184
2012-11-23 02:00:00,6.385800000000001
2012-11-23 03:00:00,2.854496
2012-11-23 04:00:00,2.2811508333333332
2012-11-23 05:00:00,13.492873333333334
2012-11-23 06:00:00,58.02078
2012-11-23 07:00:00,170.87704
2012-11-23 08:00:00,299.79161999999997
2012-11-23 09:00:00,156.86484
2012-11-23 10:00:00,92.83582
2012-11-23 11:00:00,111.30326
2012-11-23 12:00:00,153.81029999999998
2012-11-23 13:00:00,152.53928
2012-11-23 14:00:00,172.52339999999998
2012-11-23 15:00:00,160.17862
2012-11-23 16:00:00,214.57348
2012-11-23 17:00:00,350.99786
2012-11-23 18:00:00,338.93966
2012-11-23 19:00:00,208.88632
2012-11-23 20:00:00,155.45122
2012-11-23 21:00:00,102.82660000000001
2012-11-23 22:00:00,89.47986
2012-11-23 23:00:00,65.37124
2012-11-24 00:00:00,48.49228
2012-11-24 01:00:00,33.67564
2012-11-24 02:00:00,24.06142
2012-11-24 03:00:00,13.58888
2012-11-24 04:00:00,3.6879000000000004
2012-11-24 05:00:00,3.35656
2012-11-24 06:00:00,12.70916
2012-11-24 07:00:00,24.744360000000004
2012-11-24 08:00:00,67.57654
2012-11-24 09:00:00,98.10902
2012-11-24 10:00:00,115.27590000000001
2012-11-24 11:00:00,135.76184
2012-11-24 12:00:00,156.08198
2012-11-24 13:00:00,185.71162
2012-11-24 14:00:00,174.41752000000002
2012-11-24 15:00:00,156.19920000000002
2012-11-24 16:00:00,139.31286
2012-11-24 17:00:00,110.61135999999999
2012-11-24 18:00:00,98.2374
2012-11-24 19:00:00,82.52176
2012-11-24 20:00:00,60.023979999999995
2012-11-24 21:00:00,49.91818000000001
2012-11-24 22:00:00,47.31249999999999
2012-11-24 23:00:00,39.86146
2012-11-25 00:00:00,37.797259999999994
2012-11-25 01:00:00,34.29188
2012-11-25 02:00:00,22.55394
2012-11-25 03:00:00,19.446559999999998
2012-11-25 04:00:00,5.223120000000001
2012-11-25 05:00:00,3.7771600000000003
2012-11-25 06:00:00,23.166040000000002
2012-11-25 07:00:00,22.28448
2012-11-25 08:00:00,50.477239999999995
2012-11-25 09:00:00,80.28772000000001
2012-11-25 10:00:00,105.53775999999999
2012-11-25 11:00:00,131.94746
2012-11-25 12:00:00,153.45002
2012-11-25 13:00:00,158.38124000000002
2012-11-25 14:00:00,172.83855999999997
2012-11-25 15:00:00,173.43936000000002
2012-11-25 16:00:00,164.15676
2012-11-25 17:00:00,105.16064000000001
2012-11-25 18:00:00,92.8392
2012-11-25 19:00:00,86.00488
2012-11-25 20:00:00,59.07191999999999
2012-11-25 21:00:00,64.01786
2012-11-25 22:00:00,69.06748
2012-11-25 23:00:00,27.17292
2012-11-26 00:00:00,11.54706
2012-11-26 01:00:00,5.121180000000001
2012-11-26 02:00:00,2.47772
2012-11-26 03:00:00,2.00804
2012-11-26 04:00:00,2.2674866666666667
2012-11-26 05:00:00,12.904840000000002
2012-11-26 06:00:00,59.75984
2012-11-26 07:00:00,178.47952
2012-11-26 08:00:00,324.67538
2012-11-26 09:00:00,163.39908
2012-11-26 10:00:00,71.12827999999999
2012-11-26 11:00:00,109.74422
2012-11-26 12:00:00,140.89008
2012-11-26 13:00:00,138.79316
2012-11-26 14:00:00,123.17168
2012-11-26 15:00:00,123.99932000000001
2012-11-26 16:00:00,185.93928
2012-11-26 17:00:00,359.18332000000004
2012-11-26 18:00:00,269.80088
2012-11-26 19:00:00,186.76862
2012-11-26 20:00:00,134.2862
2012-11-26 21:00:00,90.7734
2012-11-26 22:00:00,70.73226
2012-11-26 23:00:00,34.8095
2012-11-27 00:00:00,15.066059999999998
2012-11-27 01:00:00,7.426019999999999
2012-11-27 02:00:00,3.07334
2012-11-27 03:00:00,2.05972
2012-11-27 04:00:00,3.00546
2012-11-27 05:00:00,13.657
2012-11-27 06:00:00,60.31988
2012-11-27 07:00:00,139.73222
2012-11-27 08:00:00,308.5103
2012-11-27 09:00:00,176.2735
2012-11-27 10:00:00,48.48647999999999
2012-11-27 11:00:00,52.569
2012-11-27 12:00:00,53.92914
2012-11-27 13:00:00,51.3677
2012-11-27 14:00:00,52.761559999999996
2012-11-27 15:00:00,73.19399999999999
2012-11-27 16:00:00,98.5166
2012-11-27 17:00:00,157.30954
2012-11-27 18:00:00,148.62118
2012-11-27 19:00:00,131.28207999999998
2012-11-27 20:00:00,110.36136
2012-11-27 21:00:00,60.88996
2012-11-27 22:00:00,52.857319999999994
2012-11-27 23:00:00,29.489200000000004
2012-11-28 00:00:00,13.069199999999999
2012-11-28 01:00:00,5.19904
2012-11-28 02:00:00,2.7711
2012-11-28 03:00:00,2.3841200000000002
2012-11-28 04:00:00,2.53061
2012-11-28 05:00:00,13.736659999999999
2012-11-28 06:00:00,59.1769
2012-11-28 07:00:00,183.60744000000003
2012-11-28 08:00:00,310.52564
2012-11-28 09:00:00,159.63852
2012-11-28 10:00:00,72.85276
2012-11-28 11:00:00,83.00807999999999
2012-11-28 12:00:00,97.62692000000001
2012-11-28 13:00:00,95.60123999999999
2012-11-28 14:00:00,96.37311999999999
2012-11-28 15:00:00,101.1307
2012-11-28 16:00:00,147.95018000000002
2012-11-28 17:00:00,269.51168
2012-11-28 18:00:00,235.36062
2012-11-28 19:00:00,161.47075999999998
2012-11-28 20:00:00,127.54060000000001
2012-11-28 21:00:00,87.47041999999999
2012-11-28 22:00:00,65.65956
2012-11-28 23:00:00,33.49944
2012-11-29 00:00:00,15.138119999999999
2012-11-29 01:00:00,5.50196
2012-11-29 02:00:00,2.6561499999999993
2012-11-29 04:00:00,1.9945349999999997
2012-11-29 05:00:00,13.63385
2012-11-29 06:00:00,59.77376
2012-11-29 07:00:00,174.2618
2012-11-29 08:00:00,314.07146
2012-11-29 09:00:00,158.32276
2012-11-29 10:00:00,73.02102000000001
2012-11-29 11:00:00,105.20540000000001
2012-11-29 12:00:00,103.8298
2012-11-29 13:00:00,120.00084
2012-11-29 14:00:00,98.24813999999999
2012-11-29 15:00:00,97.71369999999999
2012-11-29 16:00:00,144.71356
2012-11-29 17:00:00,263.70004
2012-11-29 18:00:00,228.30522000000002
2012-11-29 19:00:00,147.68904
2012-11-29 20:00:00,116.94594
2012-11-29 21:00:00,74.79956
2012-11-29 22:00:00,71.78548
2012-11-29 23:00:00,53.544940000000004
2012-11-30 00:00:00,19.10048
2012-11-30 01:00:00,7.65616
2012-11-30 02:00:00,6.19368
2012-11-30 03:00:00,2.698115333333333
2012-11-30 04:00:00,2.006365
2012-11-30 05:00:00,13.066670333333334
2012-11-30 06:00:00,53.86825999999999
2012-11-30 07:00:00,168.60816
2012-11-30 08:00:00,294.31424000000004
2012-11-30 09:00:00,138.99752
2012-11-30 10:00:00,97.55632
2012-11-30 11:00:00,103.1906
2012-11-30 12:00:00,128.59024
2012-11-30 13:00:00,133.63762
2012-11-30 14:00:00,118.77539999999999
2012-11-30 15:00:00,129.34377999999998
2012-11-30 16:00:00,161.36546
2012-11-30 17:00:00,266.40518
2012-11-30 18:00:00,257.51338
2012-11-30 19:00:00,179.45198
2012-11-30 20:00:00,111.36054000000001
2012-11-30 21:00:00,86.57003999999999
2012-11-30 22:00:00,76.96506000000001
2012-11-30 23:00:00,54.735699999999994
2012-12-20 00:00:00,20.61894
2012-12-20 01:00:00,8.37302
2012-12-20 02:00:00,3.35334
2012-12-20 03:00:00,2.5306849999999996
2012-12-20 04:00:00,2.4087199999999998
2012-12-20 05:00:00,13.400503333333333
2012-12-20 06:00:00,61.50452000000001
2012-12-20 07:00:00,208.27841999999998
2012-12-20 08:00:00,378.70060000000007
2012-12-20 09:00:00,163.2856
2012-12-20 10:00:00,74.95179999999999
2012-12-20 11:00:00,82.30586
2012-12-20 12:00:00,91.36670000000001
2012-12-20 13:00:00,85.4721
2012-12-20 14:00:00,83.38938
2012-12-20 15:00:00,73.45022
2012-12-20 16:00:00,113.67178000000001
2012-12-20 17:00:00,234.74981999999997
2012-12-20 18:00:00,219.94208
2012-12-20 19:00:00,128.07026
2012-12-20 20:00:00,103.54535999999999
2012-12-20 21:00:00,69.5452
2012-12-20 22:00:00,48.56944
2012-12-20 23:00:00,54.0801
2012-12-21 00:00:00,24.10046
2012-12-21 01:00:00,15.93248
2012-12-21 02:00:00,7.232100000000001
2012-12-21 03:00:00,3.0808600000000004
2012-12-21 04:00:00,2.7668999999999997
2012-12-21 05:00:00,13.86798
2012-12-21 06:00:00,57.88406
2012-12-21 07:00:00,180.44738
2012-12-21 08:00:00,340.86114000000003
2012-12-21 09:00:00,151.87928
2012-12-21 10:00:00,103.6268
2012-12-21 11:00:00,105.88674
2012-12-21 12:00:00,108.54184
2012-12-21 13:00:00,107.79223999999999
2012-12-21 14:00:00,98.09838
2012-12-21 15:00:00,101.67056
2012-12-21 16:00:00,130.75001999999998
2012-12-21 17:00:00,209.85048000000003
2012-12-21 18:00:00,203.79779999999997
2012-12-21 19:00:00,138.198
2012-12-21 20:00:00,107.59714
2012-12-21 21:00:00,68.68294
2012-12-21 22:00:00,55.163140000000006
2012-12-21 23:00:00,37.9021
2012-12-22 00:00:00,38.88778000000001
2012-12-22 01:00:00,30.28692
2012-12-22 02:00:00,23.76534
2012-12-22 03:00:00,13.1023
2012-12-22 04:00:00,4.29862
2012-12-22 05:00:00,3.2871400000000004
2012-12-22 06:00:00,10.35492
2012-12-22 07:00:00,22.42698
2012-12-22 08:00:00,63.15912
2012-12-22 09:00:00,93.24818
2012-12-22 10:00:00,112.5764
2012-12-22 11:00:00,134.94324
2012-12-22 12:00:00,157.12671999999998
2012-12-22 13:00:00,176.99674
2012-12-22 14:00:00,173.78746
2012-12-22 15:00:00,160.5067
2012-12-22 16:00:00,146.96756
2012-12-22 17:00:00,104.17324
2012-12-22 18:00:00,93.52308000000001
2012-12-22 19:00:00,76.15074
2012-12-22 20:00:00,58.212160000000004
2012-12-22 21:00:00,43.62288
2012-12-22 22:00:00,39.5603
2012-12-22 23:00:00,36.0671
2012-12-23 00:00:00,40.39308
2012-12-23 01:00:00,34.7492
2012-12-23 02:00:00,27.20308
2012-12-23 03:00:00,21.49002
2012-12-23 04:00:00,5.7530399999999995
2012-12-23 05:00:00,4.14884
2012-12-23 06:00:00,11.344259999999998
2012-12-23 07:00:00,17.44974
2012-12-23 08:00:00,45.912440000000004
2012-12-23 09:00:00,71.47878
2012-12-23 10:00:00,103.80454
2012-12-23 11:00:00,120.60879999999999
2012-12-23 12:00:00,176.35742000000002
2012-12-23 13:00:00,185.58875999999998
2012-12-23 14:00:00,188.6634
2012-12-23 15:00:00,191.79962
2012-12-23 16:00:00,183.69148
2012-12-23 17:00:00,128.47194000000002
2012-12-23 18:00:00,98.91863999999998
2012-12-23 19:00:00,91.1389
2012-12-23 20:00:00,62.33696
2012-12-23 21:00:00,61.27148
2012-12-23 22:00:00,47.09746
2012-12-23 23:00:00,29.41342
2012-12-24 00:00:00,11.238400000000002
2012-12-24 01:00:00,4.07102
2012-12-24 02:00:00,2.17636
2012-12-24 03:00:00,1.61522
2012-12-24 05:00:00,11.85784
2012-12-24 06:00:00,56.098819999999996
2012-12-24 07:00:00,171.56712
2012-12-24 08:00:00,297.35658
2012-12-24 09:00:00,143.75408
2012-12-24 10:00:00,65.87154000000001
2012-12-24 11:00:00,64.82138
2012-12-24 12:00:00,74.08868
2012-12-24 13:00:00,49.11543999999999
2012-12-24 14:00:00,51.57318000000001
2012-12-24 15:00:00,52.8884
2012-12-24 16:00:00,63.5462
2012-12-24 17:00:00,126.29205999999999
2012-12-24 18:00:00,124.20248
2012-12-24 19:00:00,118.65057999999999
2012-12-24 20:00:00,82.76918000000002
2012-12-24 21:00:00,56.055640000000004
2012-12-24 22:00:00,56.97926
2012-12-24 23:00:00,29.369399999999995
2012-12-25 00:00:00,17.344079999999998
2012-12-25 01:00:00,17.733259999999998
2012-12-25 02:00:00,9.746459999999999
2012-12-25 04:00:00,4.206447333333333
2012-12-25 05:00:00,7.09472
2012-12-25 06:00:00,29.402019999999997
2012-12-25 07:00:00,78.20598
2012-12-25 08:00:00,158.4331
2012-12-25 09:00:00,117.10896000000001
2012-12-25 10:00:00,83.82526
2012-12-25 11:00:00,95.32312
2012-12-25 12:00:00,100.21142
2012-12-25 13:00:00,113.81568
2012-12-25 14:00:00,116.70563999999999
2012-12-25 15:00:00,109.74483999999998
2012-12-25 16:00:00,134.87124
2012-12-25 17:00:00,131.0765
2012-12-25 18:00:00,120.58753999999999
2012-12-25 19:00:00,90.06233999999999
2012-12-25 20:00:00,71.05338
2012-12-25 21:00:00,58.92626
2012-12-25 22:00:00,56.60352
2012-12-25 23:00:00,30.395799999999998
2012-12-26 00:00:00,11.366620000000001
2012-12-26 01:00:00,4.33102
2012-12-26 02:00:00,2.9838999999999998
2012-12-26 03:00:00,1.9115000000000002
2012-12-26 04:00:00,1.9733400000000003
2012-12-26 05:00:00,12.49874
2012-12-26 06:00:00,56.609379999999994
2012-12-26 07:00:00,147.64738000000003
2012-12-26 08:00:00,252.80224
2012-12-26 09:00:00,114.36355999999999
2012-12-26 10:00:00,57.16996
2012-12-26 11:00:00,57.07292
2012-12-26 12:00:00,55.3127
2012-12-26 13:00:00,55.372580000000006
2012-12-26 14:00:00,54.193059999999996
2012-12-26 15:00:00,53.40668
2012-12-26 16:00:00,63.504099999999994
2012-12-26 17:00:00,123.93052
2012-12-26 18:00:00,125.91427999999999
2012-12-26 19:00:00,101.35882000000001
2012-12-26 20:00:00,79.49759999999999
2012-12-26 21:00:00,65.9449
2012-12-26 22:00:00,48.042759999999994
2012-12-26 23:00:00,26.083579999999998
2012-12-27 00:00:00,11.08228
2012-12-27 01:00:00,4.155279999999999
2012-12-27 02:00:00,2.97974
2012-12-27 03:00:00,2.47794
2012-12-27 04:00:00,1.91616
2012-12-27 05:00:00,12.615653333333332
2012-12-27 06:00:00,55.71202
2012-12-27 07:00:00,177.74632
2012-12-27 08:00:00,317.89556
2012-12-27 09:00:00,147.94568
2012-12-27 10:00:00,76.2354
2012-12-27 11:00:00,79.18231999999999
2012-12-27 12:00:00,87.7081
2012-12-27 13:00:00,87.16997999999998
2012-12-27 14:00:00,78.56246
2012-12-27 15:00:00,76.75622
2012-12-27 16:00:00,104.21058
2012-12-27 17:00:00,216.56656
2012-12-27 18:00:00,192.46890000000002
2012-12-27 19:00:00,131.87642
2012-12-27 20:00:00,99.11749999999999
2012-12-27 21:00:00,63.769619999999996
2012-12-27 22:00:00,51.45278
2012-12-27 23:00:00,34.91174
2012-12-28 00:00:00,15.61684
2012-12-28 01:00:00,6.60546
2012-12-28 02:00:00,5.64128
2012-12-28 03:00:00,2.5062783333333334
2012-12-28 04:00:00,2.1839199999999996
2012-12-28 05:00:00,13.418099999999999
2012-12-28 06:00:00,54.242439999999995
2012-12-28 07:00:00,162.24566
2012-12-28 08:00:00,300.25028
2012-12-28 09:00:00,133.39813999999998
2012-12-28 10:00:00,78.71188
2012-12-28 11:00:00,95.27005999999999
2012-12-28 12:00:00,103.75206
2012-12-28 13:00:00,103.53854
2012-12-28 14:00:00,93.55908000000001
2012-12-28 15:00:00,90.60097999999999
2012-12-28 16:00:00,128.03548
2012-12-28 17:00:00,184.33968
2012-12-28 18:00:00,181.23232
2012-12-28 19:00:00,123.48228
2012-12-28 20:00:00,93.15098
2012-12-28 21:00:00,59.321780000000004
2012-12-28 22:00:00,51.76690000000001
2012-12-28 23:00:00,39.74366
2012-12-29 00:00:00,41.252539999999996
2012-12-29 01:00:00,38.86078
2012-12-29 02:00:00,29.1428
2012-12-29 03:00:00,18.221020000000003
2012-12-29 04:00:00,4.94292
2012-12-29 05:00:00,4.13852
2012-12-29 06:00:00,15.625779999999999
2012-12-29 07:00:00,19.90782
2012-12-29 08:00:00,59.54638
2012-12-29 09:00:00,103.48792
2012-12-29 10:00:00,99.77082
2012-12-29 11:00:00,104.44472
2012-12-29 12:00:00,126.39399999999999
2012-12-29 13:00:00,128.39002000000002
2012-12-29 14:00:00,142.3583
2012-12-29 15:00:00,138.45416
2012-12-29 16:00:00,137.50552000000002
2012-12-29 17:00:00,93.22412
2012-12-29 18:00:00,87.54354000000001
2012-12-29 19:00:00,76.7979
2012-12-29 20:00:00,62.01526
2012-12-29 21:00:00,49.153600000000004
2012-12-29 22:00:00,51.928020000000004
2012-12-29 23:00:00,37.402280000000005
2012-12-30 00:00:00,42.41896
2012-12-30 01:00:00,30.626559999999998
2012-12-30 02:00:00,30.42642
2012-12-30 03:00:00,16.15892
2012-12-30 04:00:00,3.5625400000000003
2012-12-30 05:00:00,3.24456
2012-12-30 06:00:00,13.753720000000001
2012-12-30 07:00:00,15.70618
2012-12-30 08:00:00,46.2659
2012-12-30 09:00:00,76.18220000000001
2012-12-30 10:00:00,107.73500000000001
2012-12-30 11:00:00,126.62272000000002
2012-12-30 12:00:00,143.98532
2012-12-30 13:00:00,156.02556
2012-12-30 14:00:00,158.75189999999998
2012-12-30 15:00:00,150.90624
2012-12-30 16:00:00,138.69482
2012-12-30 17:00:00,105.8008
2012-12-30 18:00:00,90.01124000000002
2012-12-30 19:00:00,99.82178
2012-12-30 20:00:00,56.238620000000004
2012-12-30 21:00:00,39.482519999999994
2012-12-30 22:00:00,34.4496
2012-12-30 23:00:00,23.80736
2012-12-31 00:00:00,10.09122
2012-12-31 01:00:00,4.01316
2012-12-31 02:00:00,2.9889799999999997
2012-12-31 03:00:00,1.75961
2012-12-31 04:00:00,2.08168
2012-12-31 05:00:00,11.21692
2012-12-31 06:00:00,55.1641
2012-12-31 07:00:00,167.61624
2012-12-31 08:00:00,282.56775999999996
2012-12-31 09:00:00,139.4034
2012-12-31 10:00:00,61.29126
2012-12-31 11:00:00,62.582080000000005
2012-12-31 12:00:00,68.64022
2012-12-31 13:00:00,86.10056
2012-12-31 14:00:00,85.943
2012-12-31 15:00:00,87.45412
2012-12-31 16:00:00,106.3109
2012-12-31 17:00:00,213.39336
2012-12-31 18:00:00,215.53235999999998
2012-12-31 19:00:00,135.76703999999998
2012-12-31 20:00:00,110.26124
2012-12-31 21:00:00,63.1627
2012-12-31 22:00:00,64.0404
2012-12-31 23:00:00,31.184060000000002
