datetime,count
2011-01-20 00:00:00,10.897383189196834
2011-01-20 01:00:00,3.194770578346038
2011-01-20 02:00:00,0.9856992933742084
2011-01-20 03:00:00,0.03101908317305524
2011-01-20 04:00:00,0.03101908317305524
2011-01-20 05:00:00,4.232682687774438
2011-01-20 06:00:00,45.55132284956117
2011-01-20 07:00:00,98.22518122119584
2011-01-20 08:00:00,207.72599783441916
2011-01-20 09:00:00,111.6529107015363
2011-01-20 10:00:00,48.62200504413452
2011-01-20 11:00:00,47.9871745364068
2011-01-20 12:00:00,68.2870940180038
2011-01-20 13:00:00,63.201802365768025
2011-01-20 14:00:00,58.14158964269737
2011-01-20 15:00:00,62.426117382898454
2011-01-20 16:00:00,83.27410177968967
2011-01-20 17:00:00,179.31563470378023
2011-01-20 18:00:00,151.5940550948757
2011-01-20 19:00:00,109.02591502973544
2011-01-20 20:00:00,71.80669050567045
2011-01-20 21:00:00,58.93082786059639
2011-01-20 22:00:00,48.25774097135595
2011-01-20 23:00:00,39.45097304828791
2011-01-21 00:00:00,11.801375434807442
2011-01-21 01:00:00,1.5655210154453107
2011-01-21 02:00:00,0.0
2011-01-21 03:00:00,0.0
2011-01-21 04:00:00,0.0
2011-01-21 05:00:00,1.6325631703799313
2011-01-21 06:00:00,43.641916708882114
2011-01-21 07:00:00,89.60427717251407
2011-01-21 08:00:00,188.90144986349566
2011-01-21 09:00:00,114.56820250911463
2011-01-21 10:00:00,48.61367613204084
2011-01-21 11:00:00,58.2341423020847
2011-01-21 12:00:00,67.28174867757464
2011-01-21 13:00:00,62.568035094095954
2011-01-21 14:00:00,66.45852464020653
2011-01-21 15:00:00,67.3703089856056
2011-01-21 16:00:00,87.79020091903777
2011-01-21 17:00:00,138.55286490728668
2011-01-21 18:00:00,120.36959449095909
2011-01-21 19:00:00,87.7549573473922
2011-01-21 20:00:00,57.03720352955554
2011-01-21 21:00:00,48.40719922802458
2011-01-21 22:00:00,42.55558001932347
2011-01-21 23:00:00,40.13133586165477
2011-01-22 00:00:00,27.959767684806735
2011-01-22 01:00:00,20.38276650052236
2011-01-22 02:00:00,16.06781432945527
2011-01-22 03:00:00,3.0347399265514903
2011-01-22 04:00:00,0.0
2011-01-22 06:00:00,0.0
2011-01-22 07:00:00,15.494810132044755
2011-01-22 08:00:00,17.493831028638255
2011-01-22 09:00:00,50.4699449885268
2011-01-22 10:00:00,74.46613073719996
2011-01-22 11:00:00,90.3649652308408
2011-01-22 12:00:00,98.57775673846209
2011-01-22 13:00:00,98.5206085941029
2011-01-22 14:00:00,92.0078133488968
2011-01-22 15:00:00,92.67560137638549
2011-01-22 16:00:00,91.19414799158204
2011-01-22 17:00:00,82.32786273367603
2011-01-22 18:00:00,63.15343392136133
2011-01-22 19:00:00,52.83132421104057
2011-01-22 20:00:00,38.05788826745473
2011-01-22 21:00:00,38.26286014301121
2011-01-22 22:00:00,36.88635482396846
2011-01-22 23:00:00,36.02993792684071
2011-01-23 00:00:00,29.00482643871098
2011-01-23 01:00:00,21.491327997198862
2011-01-23 02:00:00,17.422999165938226
2011-01-23 03:00:00,4.295259736735696
2011-01-23 05:00:00,0.0
2011-01-23 06:00:00,0.0
2011-01-23 07:00:00,0.0
2011-01-23 08:00:00,0.0
2011-01-23 09:00:00,31.697442469012
2011-01-23 10:00:00,65.43359286572054
2011-01-23 11:00:00,85.84379881268208
2011-01-23 12:00:00,86.63957902271947
2011-01-23 13:00:00,90.19035369329119
2011-01-23 14:00:00,72.98790115059677
2011-01-23 15:00:00,72.17879893435764
2011-01-23 16:00:00,72.42050381919348
2011-01-23 17:00:00,56.807857627736574
2011-01-23 18:00:00,61.84878497171593
2011-01-23 19:00:00,50.66570824624596
2011-01-23 20:00:00,34.081102575934025
2011-01-23 21:00:00,31.972103656292788
2011-01-23 22:00:00,29.291089254280884
2011-01-23 23:00:00,23.23033328014182
2011-01-24 00:00:00,8.69085648933654
2011-01-24 01:00:00,0.0
2011-01-24 03:00:00,0.0
2011-01-24 04:00:00,0.0
2011-01-24 05:00:00,0.0
2011-01-24 06:00:00,41.626560627657
2011-01-24 07:00:00,86.3028773266056
2011-01-24 08:00:00,175.15989364212615
2011-01-24 09:00:00,105.67371532737123
2011-01-24 10:00:00,44.759291228501624
2011-01-24 11:00:00,46.087218353911496
2011-01-24 12:00:00,57.384193521492094
2011-01-24 13:00:00,55.72956398372431
2011-01-24 14:00:00,49.11145677659303
2011-01-24 15:00:00,57.489332657007814
2011-01-24 16:00:00,76.38084127067101
2011-01-24 17:00:00,139.1971383456432
2011-01-24 18:00:00,133.95837372573874
2011-01-24 19:00:00,96.24526652954188
2011-01-24 20:00:00,65.32091836833793
2011-01-24 21:00:00,55.3504133671897
2011-01-24 22:00:00,33.812741318399034
2011-01-24 23:00:00,20.649866115755977
2011-01-25 00:00:00,7.3717084995390785
2011-01-25 01:00:00,1.4419188244307892
2011-01-25 02:00:00,0.0
2011-01-25 04:00:00,0.0
2011-01-25 05:00:00,0.6874554214340242
2011-01-25 06:00:00,43.74041181312251
2011-01-25 07:00:00,93.36014809986148
2011-01-25 08:00:00,184.5262616640126
2011-01-25 09:00:00,111.69277829693173
2011-01-25 10:00:00,41.25978790985339
2011-01-25 11:00:00,50.61708760227608
2011-01-25 12:00:00,63.002348368037545
2011-01-25 13:00:00,58.572733484291604
2011-01-25 14:00:00,58.803462423060694
2011-01-25 15:00:00,67.81175241820652
2011-01-25 16:00:00,91.3434957386372
2011-01-25 17:00:00,206.3535764015489
2011-01-25 18:00:00,183.73047864559018
2011-01-25 19:00:00,105.05905553482934
2011-01-25 20:00:00,74.72942081235266
2011-01-25 21:00:00,65.28546815935772
2011-01-25 22:00:00,45.312892004954655
2011-01-25 23:00:00,26.045833105655575
2011-01-26 00:00:00,9.48866514487302
2011-01-26 01:00:00,2.560699011853229
2011-01-26 02:00:00,0.0
2011-01-26 05:00:00,0.0
2011-01-26 06:00:00,39.30143437955062
2011-01-26 07:00:00,71.25749147622572
2011-01-26 08:00:00,150.6453700748699
2011-01-26 09:00:00,81.58710123149764
2011-01-26 10:00:00,25.822683223307006
2011-01-26 11:00:00,29.138043604903224
2011-01-26 12:00:00,31.164750947663286
2011-01-26 13:00:00,30.774280974806945
2011-01-26 14:00:00,28.10832018851251
2011-01-26 15:00:00,26.02800674788652
2011-01-26 16:00:00,42.54761502769532
2011-01-26 17:00:00,95.82270142901473
2011-01-27 16:00:00,77.49872257637159
2011-01-27 17:00:00,139.41142216494686
2011-01-27 18:00:00,137.2519078586331
2011-01-27 19:00:00,100.77446054128038
2011-01-27 20:00:00,69.01137466914236
2011-01-27 21:00:00,59.567422016147404
2011-01-27 22:00:00,45.801182028319694
2011-01-27 23:00:00,33.51747049261598
2011-01-28 00:00:00,9.721424495222598
2011-01-28 01:00:00,0.0
2011-01-28 02:00:00,0.0
2011-01-28 03:00:00,0.0
2011-01-28 05:00:00,0.0
2011-01-28 06:00:00,41.941272832760134
2011-01-28 07:00:00,90.58008520271817
2011-01-28 08:00:00,199.38527150638035
2011-01-28 09:00:00,99.14826061887926
2011-01-28 10:00:00,30.660689715899593
2011-01-28 11:00:00,37.04472099300762
2011-01-28 12:00:00,56.765255875246964
2011-01-28 13:00:00,56.37478590239063
2011-01-28 14:00:00,43.62546031084412
2011-01-28 15:00:00,70.21993970669557
2011-01-28 16:00:00,89.90826535634281
2011-01-28 17:00:00,148.18539877385416
2011-01-28 18:00:00,131.73958272488494
2011-01-28 19:00:00,95.17369321578444
2011-01-28 20:00:00,63.416983408325144
2011-01-28 21:00:00,49.49409727928938
2011-01-28 22:00:00,53.42080399073276
2011-01-28 23:00:00,48.31796859024998
2011-01-29 00:00:00,28.35881011180875
2011-01-29 01:00:00,19.888866446404286
2011-01-29 02:00:00,14.824733280409442
2011-01-29 03:00:00,2.540839872433428
2011-01-29 04:00:00,0.0
2011-01-29 06:00:00,0.0
2011-01-29 07:00:00,12.51233487069974
2011-01-29 08:00:00,16.270786769089092
2011-01-29 09:00:00,49.98583923105512
2011-01-29 10:00:00,74.72081116011726
2011-01-29 11:00:00,84.97027134810472
2011-01-29 12:00:00,94.12590580406494
2011-01-29 13:00:00,93.7354358312086
2011-01-29 14:00:00,88.4023031858346
2011-01-29 15:00:00,83.43818182420152
2011-01-29 16:00:00,91.31703682437762
2011-01-29 17:00:00,87.36425386876613
2011-01-29 18:00:00,66.51366994091559
2011-01-29 19:00:00,54.18376315289947
2011-01-29 20:00:00,41.848042932431206
2011-01-29 21:00:00,39.73904401278997
2011-01-29 22:00:00,41.24925053883363
2011-01-29 23:00:00,40.012016908813244
2011-01-30 00:00:00,29.158991331572274
2011-01-30 01:00:00,21.64549289006015
2011-01-30 02:00:00,17.577164058799525
2011-01-30 03:00:00,4.489291400151514
2011-01-30 04:00:00,0.0
2011-01-30 05:00:00,1.4236930761746367
2011-01-30 07:00:00,0.0
2011-01-30 08:00:00,0.0
2011-01-30 09:00:00,29.538632014742376
2011-01-30 10:00:00,46.63059047777052
2011-01-30 11:00:00,64.09739299855947
2011-01-30 12:00:00,105.62809178523185
2011-01-30 13:00:00,103.61271298232283
2011-01-30 14:00:00,103.65541850291206
2011-01-30 15:00:00,117.12191166803836
2011-01-30 16:00:00,109.29973689330706
2011-01-30 17:00:00,75.58097491813558
2011-01-30 18:00:00,60.78968806367932
2011-01-30 19:00:00,49.018781983172616
2011-01-30 20:00:00,27.499716167635864
2011-01-30 21:00:00,26.596456991216503
2011-01-30 22:00:00,19.96044743393347
2011-01-30 23:00:00,14.958732254659058
2011-01-31 00:00:00,8.671081487317297
2011-01-31 01:00:00,0.12725163869193018
2011-01-31 02:00:00,0.0
2011-01-31 03:00:00,0.0
2011-01-31 04:00:00,0.0
2011-01-31 05:00:00,0.0
2011-01-31 06:00:00,42.59029532421163
2011-01-31 07:00:00,83.697870305062
2011-01-31 08:00:00,172.11565833953054
2011-01-31 09:00:00,100.8565492342857
2011-01-31 10:00:00,39.824954591750334
2011-01-31 11:00:00,45.27511917740138
2011-01-31 12:00:00,58.2624958516518
2011-01-31 13:00:00,57.87202587879546
2011-01-31 14:00:00,51.757245249597176
2011-01-31 15:00:00,54.75232250562577
2011-01-31 16:00:00,74.03993692386821
2011-01-31 17:00:00,141.42115879027747
2011-01-31 18:00:00,134.52166045042944
2011-01-31 19:00:00,122.29976515357376
2011-01-31 20:00:00,57.325511339569395
2011-01-31 21:00:00,48.43853490846278
2011-01-31 22:00:00,36.9446732419715
2011-01-31 23:00:00,21.370366747349586
2011-02-20 00:00:00,39.98969549779033
2011-02-20 01:00:00,34.15193551313598
2011-02-20 02:00:00,28.788615371552506
2011-02-20 03:00:00,11.513228339068128
2011-02-20 04:00:00,3.5314536919143866
2011-02-20 06:00:00,6.631411402668784
2011-02-20 07:00:00,0.0
2011-02-20 08:00:00,5.352031178953201
2011-02-20 09:00:00,44.306961553453874
2011-02-20 10:00:00,101.0494102204579
2011-02-20 11:00:00,132.9131901824164
2011-02-20 12:00:00,147.9283580211911
2011-02-20 13:00:00,161.22757560890096
2011-02-20 14:00:00,140.28756678114365
2011-02-20 15:00:00,139.1018906517367
2011-02-20 16:00:00,163.5791133942932
2011-02-20 17:00:00,131.0379898176145
2011-02-20 18:00:00,94.38698923117354
2011-02-20 19:00:00,72.4258549440346
2011-02-20 20:00:00,46.65539891478775
2011-02-20 21:00:00,42.528984893286705
2011-02-20 22:00:00,34.55708514351297
2011-02-20 23:00:00,17.262088125791465
2011-02-21 00:00:00,25.37866399774521
2011-02-21 01:00:00,18.3681506206008
2011-02-21 02:00:00,8.352778149529955
2011-02-21 03:00:00,4.672330660425405
2011-02-21 04:00:00,1.4135891827412623
2011-02-21 05:00:00,2.9683967028935756
2011-02-21 06:00:00,21.14760141267293
2011-02-21 07:00:00,72.15058591112988
2011-02-21 08:00:00,77.22011420037953
2011-02-21 09:00:00,89.81083561968973
2011-02-21 10:00:00,84.81624583513913
2011-02-21 11:00:00,106.24560091830413
2011-02-21 12:00:00,119.3046849515309
2011-02-21 13:00:00,50.64338072364315
2011-02-21 14:00:00,100.02010742765444
2011-02-21 15:00:00,87.74410192180969
2011-02-21 16:00:00,64.8134100071502
2011-02-21 17:00:00,114.46206369370383
2011-02-21 18:00:00,86.48584269970324
2011-02-21 19:00:00,66.14713786583685
2011-02-21 20:00:00,38.21657672504863
2011-02-21 21:00:00,37.71816607965779
2011-02-21 22:00:00,21.52663996571074
2011-02-21 23:00:00,0.5042020550426267
2011-02-22 06:00:00,46.02406029956653
2011-02-22 07:00:00,92.78376047739569
2011-02-22 08:00:00,187.48172218587203
2011-02-22 09:00:00,113.04760068324796
2011-02-22 10:00:00,44.44632603492326
2011-02-22 11:00:00,51.843061152409035
2011-02-22 12:00:00,62.11401678015478
2011-02-22 13:00:00,61.72354680729844
2011-02-22 14:00:00,56.18196028572814
2011-02-22 15:00:00,63.864706919585494
2011-02-22 16:00:00,83.31287958979155
2011-02-22 17:00:00,166.21854880105573
2011-02-22 18:00:00,158.97466483979744
2011-02-22 19:00:00,103.43830787072642
2011-02-22 20:00:00,75.15280901521731
2011-02-22 21:00:00,64.46146220989876
2011-02-22 22:00:00,46.05286465880785
2011-02-22 23:00:00,23.886346420041292
2011-02-23 00:00:00,11.217944380334158
2011-02-23 01:00:00,3.786734102371237
2011-02-23 02:00:00,0.0
2011-02-23 03:00:00,0.0
2011-02-23 05:00:00,3.690447340382023
2011-02-23 06:00:00,49.8677446394244
2011-02-23 07:00:00,104.5085736188423
2011-02-23 08:00:00,199.9611301289357
2011-02-23 09:00:00,122.85464206159267
2011-02-23 10:00:00,45.005297967550014
2011-02-23 11:00:00,56.10087434778218
2011-02-23 12:00:00,72.80789964305124
2011-02-23 13:00:00,75.40671056327153
2011-02-23 14:00:00,72.16132610537784
2011-02-23 15:00:00,75.7776557971967
2011-02-23 16:00:00,100.27876698353482
2011-02-23 17:00:00,213.20801905913066
2011-02-23 18:00:00,216.75054159027667
2011-02-23 19:00:00,136.4156390585242
2011-02-23 20:00:00,79.05994412198896
2011-02-23 21:00:00,69.61599146899403
2011-02-23 22:00:00,52.259056632677506
2011-02-23 23:00:00,24.067513979775264
2011-02-24 00:00:00,12.258644738518948
2011-02-24 01:00:00,4.2118984180767125
2011-02-24 02:00:00,0.0
2011-02-24 03:00:00,0.0
2011-02-24 05:00:00,4.115611656087499
2011-02-24 06:00:00,50.292908955129874
2011-02-24 07:00:00,106.58729643962367
2011-02-24 08:00:00,218.50601078322208
2011-02-24 09:00:00,115.44327033945832
2011-02-24 10:00:00,48.24865267346157
2011-02-24 11:00:00,58.12442427117903
2011-02-24 12:00:00,70.76576034103499
2011-02-24 13:00:00,72.58250377155929
2011-02-24 14:00:00,64.20437122225064
2011-02-24 15:00:00,50.522796579973395
2011-02-24 16:00:00,61.10764500153008
2011-02-24 17:00:00,143.8752565688576
2011-02-24 18:00:00,121.22788551601442
2011-02-24 19:00:00,56.668319849718316
2011-02-24 20:00:00,45.402191843354544
2011-02-24 21:00:00,45.62514376050485
2011-02-24 22:00:00,25.562236076125004
2011-02-24 23:00:00,32.4002742698517
2011-02-25 00:00:00,12.991689005495221
2011-02-25 01:00:00,1.8470851536123258
2011-02-25 02:00:00,1.9522059906142064
2011-02-25 03:00:00,1.0407199511768197
2011-02-25 05:00:00,3.2034378680345212
2011-02-25 06:00:00,47.97522211553953
2011-02-25 07:00:00,84.1348084546664
2011-02-25 08:00:00,158.8612615018711
2011-02-25 09:00:00,69.54070860902617
2011-02-25 10:00:00,13.682157761050453
2011-02-25 11:00:00,95.50555476012042
2011-02-25 12:00:00,96.50853491246835
2011-02-25 13:00:00,95.98564486623148
2011-02-25 14:00:00,88.16997828189429
2011-02-25 15:00:00,119.901518049308
2011-02-25 16:00:00,105.45423040994089
2011-02-25 17:00:00,167.10445553448454
2011-02-25 18:00:00,171.5771115798705
2011-02-25 19:00:00,96.9672361195424
2011-02-25 20:00:00,54.56471403545104
2011-02-25 21:00:00,59.398188195567776
2011-02-25 22:00:00,53.98184480923223
2011-02-25 23:00:00,42.92602419889952
2011-02-26 00:00:00,37.96644150561658
2011-02-26 01:00:00,28.037142218892495
2011-02-26 02:00:00,20.559237555152375
2011-02-26 03:00:00,5.877722154679079
2011-02-26 04:00:00,0.0
2011-02-26 05:00:00,0.7893220139591336
2011-02-26 06:00:00,1.617823862421763
2011-02-26 07:00:00,7.003046549776278
2011-02-26 08:00:00,21.342408187239748
2011-02-26 09:00:00,59.479627656442474
2011-02-26 10:00:00,106.86660306148562
2011-02-26 11:00:00,133.8311378037937
2011-02-26 12:00:00,139.68507682100986
2011-02-26 13:00:00,134.569834485888
2011-02-26 14:00:00,131.85539835173375
2011-02-26 15:00:00,134.27370544580697
2011-02-26 16:00:00,145.02461999012482
2011-02-26 17:00:00,119.44622650370185
2011-02-26 18:00:00,95.91571160195629
2011-02-26 19:00:00,74.43150784727536
2011-02-26 20:00:00,60.07194239243921
2011-02-26 21:00:00,51.13538646621916
2011-02-26 22:00:00,49.7210480972653
2011-02-26 23:00:00,40.31553586678493
2011-02-27 00:00:00,35.35472318086142
2011-02-27 01:00:00,31.341362017410347
2011-02-27 02:00:00,25.978041875826882
2011-02-27 03:00:00,9.723002643467263
2011-02-27 04:00:00,1.7412279963135242
2011-02-27 06:00:00,6.92926870224679
2011-02-27 07:00:00,0.0
2011-02-27 08:00:00,19.976207447163628
2011-02-27 09:00:00,65.48458806725749
2011-02-27 10:00:00,97.6059117069573
2011-02-27 11:00:00,139.66105363058222
2011-02-27 12:00:00,169.32784292150308
2011-02-27 13:00:00,196.94923382821986
2011-02-27 14:00:00,213.0844799752096
2011-02-27 15:00:00,215.21275723073248
2011-02-27 16:00:00,247.2616872717064
2011-02-27 17:00:00,169.46365526353827
2011-02-27 18:00:00,97.28533305664435
2011-02-27 19:00:00,75.10642246680808
2011-02-27 20:00:00,53.036246792655554
2011-02-27 21:00:00,45.309546867227915
2011-02-27 22:00:00,47.787839945548065
2011-02-27 23:00:00,25.70638958520808
2011-02-28 00:00:00,10.984691238443094
2011-02-28 01:00:00,0.0
2011-02-28 03:00:00,0.5323534336076188
2011-02-28 05:00:00,2.670948053583005
2011-02-28 06:00:00,65.23932288602794
2011-02-28 07:00:00,113.72021766515087
2011-02-28 08:00:00,186.70021524922998
2011-02-28 09:00:00,141.95330483457207
2011-02-28 10:00:00,84.33676454377701
2011-02-28 11:00:00,108.14186709072276
2011-02-28 12:00:00,127.93959142024576
2011-02-28 13:00:00,19.504309743453923
2011-02-28 14:00:00,7.448238147647792
2011-02-28 15:00:00,10.443315403676388
2011-02-28 16:00:00,73.09851022631595
2011-02-28 17:00:00,63.28380986079905
2011-02-28 18:00:00,106.42484900418597
2011-02-28 19:00:00,69.263422653895
2011-02-28 20:00:00,29.225331140033074
2011-02-28 21:00:00,39.29510283149522
2011-02-28 22:00:00,6.233382893467961
2011-02-28 23:00:00,10.837992929519652
2011-03-20 00:00:00,44.30183687278845
2011-03-20 01:00:00,32.82445726672028
2011-03-20 02:00:00,27.003053723578955
2011-03-20 03:00:00,11.161129301190307
2011-03-20 04:00:00,2.2601896743556185
2011-03-20 05:00:00,3.547063650992914
2011-03-20 06:00:00,7.448230380288886
2011-03-20 07:00:00,0.0
2011-03-20 08:00:00,15.553754209075702
2011-03-20 09:00:00,77.82408004773754
2011-03-20 10:00:00,126.66172024438737
2011-03-20 11:00:00,158.70783467626006
2011-03-20 12:00:00,205.90219606442938
2011-03-20 13:00:00,200.2621820473762
2011-03-20 14:00:00,200.08497379595755
2011-03-20 15:00:00,213.78324635104946
2011-03-20 16:00:00,235.30360049812145
2011-03-20 17:00:00,147.41456104239487
2011-03-20 18:00:00,111.80241807824791
2011-03-20 19:00:00,80.78473089007711
2011-03-20 20:00:00,55.943618860799
2011-03-20 21:00:00,37.498545012975065
2011-03-20 22:00:00,33.95600912174627
2011-03-20 23:00:00,7.364013251062
2011-03-21 00:00:00,18.941195136125618
2011-03-21 01:00:00,6.279303713547789
2011-03-21 02:00:00,0.511375600448449
2011-03-21 03:00:00,0.0
2011-03-21 05:00:00,5.9655380846434385
2011-03-21 06:00:00,55.81550349873879
2011-03-21 07:00:00,79.10228844537384
2011-03-21 08:00:00,233.92104059070306
2011-03-21 09:00:00,140.7404910681074
2011-03-21 10:00:00,62.26149767246723
2011-03-21 11:00:00,82.74814545716406
2011-03-21 12:00:00,103.6273709935999
2011-03-21 13:00:00,124.15018032061371
2011-03-21 14:00:00,123.34694990056732
2011-03-21 15:00:00,147.2436095848632
2011-03-21 16:00:00,191.24027155149182
2011-03-21 17:00:00,355.19123207376487
2011-03-21 18:00:00,344.9468616060261
2011-03-21 19:00:00,296.24750459138
2011-03-21 20:00:00,233.82673618494567
2011-03-21 21:00:00,78.77398026793797
2011-03-21 22:00:00,71.37434013173656
2011-03-21 23:00:00,35.404451363961435
2011-03-22 00:00:00,26.639354664239583
2011-03-22 01:00:00,6.821474971625375
2011-03-22 02:00:00,6.692979452426853
2011-03-22 03:00:00,3.756658693278524
2011-03-22 04:00:00,3.804782833552608
2011-03-22 05:00:00,15.02546312819568
2011-03-22 06:00:00,79.41632652578322
2011-03-22 07:00:00,162.30629119495492
2011-03-22 08:00:00,267.7948545239546
2011-03-22 09:00:00,160.05829244483138
2011-03-22 10:00:00,85.36983342672612
2011-03-22 11:00:00,95.75657096952905
2011-03-22 12:00:00,126.12460678647379
2011-03-22 13:00:00,132.98719939037636
2011-03-22 14:00:00,119.1831805066894
2011-03-22 15:00:00,126.67150349513422
2011-03-22 16:00:00,200.55981036325454
2011-03-22 17:00:00,363.35972486539913
2011-03-22 18:00:00,341.33359210204867
2011-03-22 19:00:00,213.94813146972294
2011-03-22 20:00:00,134.785146603853
2011-03-22 21:00:00,101.26626947819001
2011-03-22 22:00:00,76.45755669500439
2011-03-22 23:00:00,36.56520812332442
2011-03-23 00:00:00,20.469751393305373
2011-03-23 01:00:00,5.519945391777809
2011-03-23 02:00:00,0.0
2011-03-23 03:00:00,0.0
2011-03-23 05:00:00,10.03012370326199
2011-03-23 06:00:00,71.96504663162807
2011-03-23 07:00:00,135.02940500529562
2011-03-23 08:00:00,293.98724320434286
2011-03-23 09:00:00,157.66621616650568
2011-03-23 10:00:00,45.633078889335536
2011-03-23 11:00:00,67.9283762292521
2011-03-23 12:00:00,67.97114938869086
2011-03-23 13:00:00,63.02800908566508
2011-03-23 14:00:00,78.35161369602275
2011-03-23 15:00:00,74.62389363545392
2011-03-23 16:00:00,119.64130568187142
2011-03-23 17:00:00,286.0352194185337
2011-03-23 18:00:00,157.45852053837967
2011-03-23 19:00:00,106.2962207429392
2011-03-23 20:00:00,13.834243131642975
2011-03-23 21:00:00,26.31303572094455
2011-03-23 22:00:00,56.01628011048535
2011-03-23 23:00:00,28.432165692330734
2011-03-24 00:00:00,10.515805939540417
2011-03-24 01:00:00,0.2885961825681146
2011-03-24 02:00:00,0.0
2011-03-24 03:00:00,1.8657955302079843
2011-03-24 04:00:00,1.8657955302079843
2011-03-24 05:00:00,3.701437603125513
2011-03-24 06:00:00,58.830546595933356
2011-03-24 07:00:00,82.61361878379846
2011-03-24 08:00:00,172.88210123505968
2011-03-24 09:00:00,125.59026711196888
2011-03-24 10:00:00,45.34544399776966
2011-03-24 11:00:00,57.77962867912072
2011-03-24 12:00:00,77.96128218752818
2011-03-24 13:00:00,88.42037462366349
2011-03-24 14:00:00,77.98976313487094
2011-03-24 15:00:00,77.26901391913576
2011-03-24 16:00:00,114.92714170685822
2011-03-24 17:00:00,275.3337368196267
2011-03-24 18:00:00,220.92434047516625
2011-03-24 19:00:00,150.0987881414095
2011-03-24 20:00:00,100.27456822256082
2011-03-24 21:00:00,88.21102586793045
2011-03-24 22:00:00,73.65826227418579
2011-03-24 23:00:00,45.47039071599479
2011-03-25 00:00:00,21.695439495938036
2011-03-25 01:00:00,5.794721107107344
2011-03-25 02:00:00,2.0666491138233907
2011-03-25 03:00:00,0.11820123188660672
2011-03-25 04:00:00,0.0
2011-03-25 05:00:00,5.018609211226795
2011-03-25 06:00:00,57.33775605398863
2011-03-25 07:00:00,124.41286800199467
2011-03-25 08:00:00,251.93450970355468
2011-03-25 09:00:00,162.78153903151266
2011-03-25 10:00:00,78.15080590913387
2011-03-25 11:00:00,98.36204191557925
2011-03-25 12:00:00,119.42598412433264
2011-03-25 13:00:00,121.93947418483499
2011-03-25 14:00:00,126.36250478066907
2011-03-25 15:00:00,111.8200183918095
2011-03-25 16:00:00,139.41490177631258
2011-03-25 17:00:00,266.7317682150233
2011-03-25 18:00:00,237.8803923744359
2011-03-25 19:00:00,152.08350227484362
2011-03-25 20:00:00,94.81988957591857
2011-03-25 21:00:00,79.78907931609147
2011-03-25 22:00:00,63.075193175391554
2011-03-25 23:00:00,49.72945167263067
2011-03-26 00:00:00,44.34134352357952
2011-03-26 01:00:00,35.696208442208864
2011-03-26 02:00:00,28.025069365062667
2011-03-26 03:00:00,13.98925502642237
2011-03-26 04:00:00,5.802574074098592
2011-03-26 05:00:00,4.320756051474101
2011-03-26 06:00:00,7.428167165197138
2011-03-26 07:00:00,28.23441372178097
2011-03-26 08:00:00,50.69132276415541
2011-03-26 09:00:00,89.65040768834014
2011-03-26 10:00:00,122.11255525317632
2011-03-26 11:00:00,148.0392157474958
2011-03-26 12:00:00,190.28737922290802
2011-03-26 13:00:00,194.68279587915032
2011-03-26 14:00:00,202.066657475135
2011-03-26 15:00:00,213.2151409869259
2011-03-26 16:00:00,213.53057497647944
2011-03-26 17:00:00,160.72113518517787
2011-03-26 18:00:00,142.57337752489272
2011-03-26 19:00:00,90.18056869175787
2011-03-26 20:00:00,70.34343911791125
2011-03-26 21:00:00,61.9807161623512
2011-03-26 22:00:00,59.157841565434346
2011-03-26 23:00:00,44.891655234449075
2011-03-27 00:00:00,46.398109712245656
2011-03-27 01:00:00,40.25999014322636
2011-03-27 02:00:00,36.81684014844723
2011-03-27 03:00:00,15.07453482332369
2011-03-27 04:00:00,4.604350855932713
2011-03-27 06:00:00,7.007751936375802
2011-03-27 07:00:00,0.7125899515476969
2011-03-27 08:00:00,20.156314014290253
2011-03-27 09:00:00,66.91250847079961
2011-03-27 10:00:00,135.5410857914492
2011-03-27 11:00:00,155.97722716803528
2011-03-27 12:00:00,188.52729229422042
2011-03-27 13:00:00,211.17732559053266
2011-03-27 14:00:00,219.13635579413676
2011-03-27 15:00:00,214.49204363907498
2011-03-27 16:00:00,235.18803782042121
2011-03-27 17:00:00,175.29972584108194
2011-03-27 18:00:00,134.38044052779065
2011-03-27 19:00:00,88.58555901584668
2011-03-27 20:00:00,52.382249694608035
2011-03-27 21:00:00,42.110752560500266
2011-03-27 22:00:00,37.63968800123281
2011-03-27 23:00:00,22.92723307964977
2011-03-28 00:00:00,17.355361358379156
2011-03-28 01:00:00,8.887451010369944
2011-03-28 02:00:00,4.253993168919105
2011-03-28 03:00:00,3.299312958717952
2011-03-28 05:00:00,7.749790872162172
2011-03-28 06:00:00,48.453594926575114
2011-03-28 07:00:00,108.67327518449613
2011-03-28 08:00:00,231.70300310897775
2011-03-28 09:00:00,138.19097988064786
2011-03-28 10:00:00,60.94579504567778
2011-03-28 11:00:00,68.51975098029953
2011-03-28 12:00:00,86.79907480044857
2011-03-28 13:00:00,90.06096915302211
2011-03-28 14:00:00,88.44663699432793
2011-03-28 15:00:00,91.89728794450131
2011-03-28 16:00:00,125.4665172093171
2011-03-28 17:00:00,263.5521879495656
2011-03-28 18:00:00,250.2052101814503
2011-03-28 19:00:00,170.31219020411757
2011-03-28 20:00:00,117.75526159373531
2011-03-28 21:00:00,90.4381312593685
2011-03-28 22:00:00,64.39471998884027
2011-03-28 23:00:00,18.983227215875182
2011-03-29 00:00:00,18.884716466154774
2011-03-29 01:00:00,10.837970145712545
2011-03-29 02:00:00,5.66981307976473
2011-03-29 03:00:00,4.715132869563577
2011-03-29 04:00:00,4.713352486452644
2011-03-29 05:00:00,10.561416259177895
2011-03-29 06:00:00,55.6595847110372
2011-03-29 07:00:00,128.5977622394011
2011-03-29 08:00:00,259.74133363694165
2011-03-29 09:00:00,163.15174649828995
2011-03-29 10:00:00,68.63277954278071
2011-03-29 11:00:00,76.8783573332004
2011-03-29 12:00:00,105.31717033900269
2011-03-29 13:00:00,106.25979347481523
2011-03-29 14:00:00,97.1827418303971
2011-03-29 15:00:00,106.10909925179746
2011-03-29 16:00:00,127.9777329460056
2011-03-29 17:00:00,301.8027261812939
2011-03-29 18:00:00,294.0286697462123
2011-03-29 19:00:00,187.22051833894938
2011-03-29 20:00:00,125.86201351634884
2011-03-29 21:00:00,95.42486436910649
2011-03-29 22:00:00,82.28465738219656
2011-03-29 23:00:00,32.78959187041315
2011-03-30 00:00:00,21.756960619057633
2011-03-30 01:00:00,13.773121241727258
2011-03-30 02:00:00,5.0444263829641525
2011-03-30 03:00:00,4.285192200874463
2011-03-30 04:00:00,4.089746172762999
2011-03-30 05:00:00,11.379437159075847
2011-03-30 06:00:00,72.3095596290718
2011-03-30 07:00:00,154.32214702802207
2011-03-30 08:00:00,279.05541953686003
2011-03-30 09:00:00,163.93640127767426
2011-03-30 10:00:00,72.51215163275374
2011-03-30 11:00:00,76.03715754564362
2011-03-30 12:00:00,97.4558516823847
2011-03-30 13:00:00,98.15965534891143
2011-03-30 14:00:00,81.33762125717818
2011-03-30 15:00:00,36.60280139624574
2011-03-30 16:00:00,48.89880830711082
2011-03-30 17:00:00,125.32946498213208
2011-03-30 18:00:00,153.15366101688593
2011-03-30 19:00:00,115.25809306733002
2011-03-30 20:00:00,41.176684109611095
2011-03-30 21:00:00,47.50379795565141
2011-03-30 22:00:00,34.849363536820995
2011-03-30 23:00:00,11.783459701116067
2011-03-31 00:00:00,8.991995208927987
2011-03-31 01:00:00,4.5426981372679425
2011-03-31 02:00:00,2.333626852296112
2011-03-31 03:00:00,0.0
2011-03-31 04:00:00,0.0
2011-03-31 05:00:00,2.1776268725130916
2011-03-31 06:00:00,30.525177251088333
2011-03-31 07:00:00,79.5631810009192
2011-03-31 08:00:00,230.22698858772097
2011-03-31 09:00:00,99.2185707808517
2011-03-31 10:00:00,36.172256512021896
2011-03-31 11:00:00,51.05421952919796
2011-03-31 12:00:00,61.15637729460656
2011-03-31 13:00:00,73.124221545661
2011-03-31 14:00:00,59.745160980124865
2011-03-31 15:00:00,32.95237054124926
2011-03-31 16:00:00,83.20334335062412
2011-03-31 17:00:00,220.96806893873867
2011-03-31 18:00:00,242.45779090049854
2011-03-31 19:00:00,157.72894740281978
2011-03-31 20:00:00,41.57327529878195
2011-03-31 21:00:00,63.35479663720378
2011-03-31 22:00:00,33.771774606982724
2011-03-31 23:00:00,34.07593408896872
2011-04-20 00:00:00,26.75172220120127
2011-04-20 01:00:00,7.858436814124774
2011-04-20 02:00:00,5.5081946993966024
2011-04-20 03:00:00,4.553514489195449
2011-04-20 04:00:00,3.6722231122421904
2011-04-20 05:00:00,11.277282383494327
2011-04-20 06:00:00,79.84045266601909
2011-04-20 07:00:00,172.46588236128
2011-04-20 08:00:00,403.04775047300444
2011-04-20 09:00:00,173.2256043461234
2011-04-20 10:00:00,106.69226593618772
2011-04-20 11:00:00,119.72959559695505
2011-04-20 12:00:00,150.32729551295128
2011-04-20 13:00:00,148.157539685879
2011-04-20 14:00:00,135.51520597119227
2011-04-20 15:00:00,138.8151108392322
2011-04-20 16:00:00,220.0403704597865
2011-04-20 17:00:00,375.8468758929155
2011-04-20 18:00:00,386.49443209342206
2011-04-20 19:00:00,298.56064073045656
2011-04-20 20:00:00,239.22097075456867
2011-04-20 21:00:00,165.90993086118107
2011-04-20 22:00:00,119.19796933732546
2011-04-20 23:00:00,52.79229987508703
2011-04-21 00:00:00,27.89095360943621
2011-04-21 01:00:00,13.62570559249145
2011-04-21 02:00:00,5.769908207138923
2011-04-21 03:00:00,0.0
2011-04-21 04:00:00,3.489177471676934
2011-04-21 05:00:00,0.9163275569177781
2011-04-21 06:00:00,52.169313963177444
2011-04-21 07:00:00,195.351527889703
2011-04-21 08:00:00,264.3690082194705
2011-04-21 09:00:00,174.89262190775474
2011-04-21 10:00:00,92.50597687980822
2011-04-21 11:00:00,104.75874398927176
2011-04-21 12:00:00,129.89390863314722
2011-04-21 13:00:00,122.87877865269058
2011-04-21 14:00:00,118.95403516108027
2011-04-21 15:00:00,131.0028445367688
2011-04-21 16:00:00,199.51090572850154
2011-04-21 17:00:00,368.00945565533607
2011-04-21 18:00:00,330.19225099339786
2011-04-21 19:00:00,225.7240345439308
2011-04-21 20:00:00,162.64107879656703
2011-04-21 21:00:00,124.74977928782094
2011-04-21 22:00:00,101.04156688174527
2011-04-21 23:00:00,53.88143755088513
2011-04-22 00:00:00,28.52656478847685
2011-04-22 01:00:00,10.10736654055441
2011-04-22 02:00:00,7.462215994975241
2011-04-22 03:00:00,5.51376811303846
2011-04-22 04:00:00,5.51376811303846
2011-04-22 05:00:00,9.69266613156856
2011-04-22 06:00:00,78.19814697232451
2011-04-22 07:00:00,146.28793308892946
2011-04-22 08:00:00,266.4822830008002
2011-04-22 09:00:00,131.64088216294448
2011-04-22 10:00:00,85.68992961492482
2011-04-22 11:00:00,75.235543885394
2011-04-22 12:00:00,90.53357768551027
2011-04-22 13:00:00,80.92822908378378
2011-04-22 14:00:00,52.860219566570954
2011-04-22 15:00:00,73.3909778772325
2011-04-22 16:00:00,101.47794083194782
2011-04-22 17:00:00,120.18203946979885
2011-04-22 18:00:00,100.29288224379664
2011-04-22 19:00:00,93.71550135459051
2011-04-22 20:00:00,45.37977743403224
2011-04-22 21:00:00,51.547186866584504
2011-04-22 22:00:00,41.52325454018266
2011-04-22 23:00:00,41.11965421937122
2011-04-23 00:00:00,44.055937724743785
2011-04-23 01:00:00,33.03850148270191
2011-04-23 02:00:00,27.369722565775607
2011-04-23 03:00:00,8.014396003350072
2011-04-23 04:00:00,3.8085044349360433
2011-04-23 05:00:00,4.028312062333164
2011-04-23 06:00:00,1.2015866898465692
2011-04-23 07:00:00,25.54163677387968
2011-04-23 08:00:00,29.713138064456864
2011-04-23 09:00:00,71.67077147445643
2011-04-23 10:00:00,132.04149675651757
2011-04-23 11:00:00,158.5675589554897
2011-04-23 12:00:00,237.59748646144135
2011-04-23 13:00:00,237.0745964152045
2011-04-23 14:00:00,291.9102508397589
2011-04-23 15:00:00,300.33693910857164
2011-04-23 16:00:00,289.7717949610027
2011-04-23 17:00:00,279.641284110625
2011-04-23 18:00:00,234.4313921148962
2011-04-23 19:00:00,201.95186062053384
2011-04-23 20:00:00,133.56149875633125
2011-04-23 21:00:00,126.89535306876809
2011-04-23 22:00:00,116.74236127325757
2011-04-23 23:00:00,88.29003512668116
2011-04-24 00:00:00,79.99378795999084
2011-04-24 01:00:00,55.04990209605185
2011-04-24 02:00:00,41.04446563767256
2011-04-24 03:00:00,6.887677450181771
2011-04-24 04:00:00,0.05973881578094467
2011-04-24 05:00:00,0.3589508985983559
2011-04-24 06:00:00,0.0
2011-04-24 07:00:00,15.680739834953016
2011-04-24 08:00:00,33.32073219215298
2011-04-24 09:00:00,136.52026890051584
2011-04-24 10:00:00,238.024039974272
2011-04-24 11:00:00,322.94777575467486
2011-04-24 12:00:00,368.8392389289777
2011-04-24 13:00:00,347.307514684848
2011-04-24 14:00:00,348.0084968147108
2011-04-24 15:00:00,372.3291539170166
2011-04-24 16:00:00,344.2719933296922
2011-04-24 17:00:00,321.73599001978863
2011-04-24 18:00:00,267.5748230530449
2011-04-24 19:00:00,168.79775402117798
2011-04-24 20:00:00,122.88264117809601
2011-04-24 21:00:00,76.4961585943174
2011-04-24 22:00:00,69.7452493274178
2011-04-24 23:00:00,43.049270496851925
2011-04-25 00:00:00,4.749841523949268
2011-04-25 01:00:00,0.0
2011-04-25 02:00:00,0.0
2011-04-25 03:00:00,0.0
2011-04-25 04:00:00,0.0
2011-04-25 05:00:00,11.60832714916508
2011-04-25 06:00:00,68.59215937971655
2011-04-25 07:00:00,183.8328001599887
2011-04-25 08:00:00,353.59231622002756
2011-04-25 09:00:00,172.0374275023064
2011-04-25 10:00:00,106.392928570446
2011-04-25 11:00:00,118.8660673966424
2011-04-25 12:00:00,142.5058731247002
2011-04-25 13:00:00,150.80053224653307
2011-04-25 14:00:00,136.32256543107397
2011-04-25 15:00:00,141.12839823444796
2011-04-25 16:00:00,227.87083407800708
2011-04-25 17:00:00,402.30902521139205
2011-04-25 18:00:00,387.01450994962363
2011-04-25 19:00:00,296.11420433450934
2011-04-25 20:00:00,233.94638795879715
2011-04-25 21:00:00,159.93735910831228
2011-04-25 22:00:00,96.82558602536795
2011-04-25 23:00:00,45.93104531888711
2011-04-26 00:00:00,27.236050676741236
2011-04-26 01:00:00,8.914616838817848
2011-04-26 02:00:00,0.0
2011-04-26 03:00:00,0.0
2011-04-26 04:00:00,0.0
2011-04-26 05:00:00,3.06499102260076
2011-04-26 06:00:00,72.65841065280132
2011-04-26 07:00:00,249.93450352526287
2011-04-26 08:00:00,388.06290713687497
2011-04-26 09:00:00,170.95297267264212
2011-04-26 10:00:00,105.1863020760683
2011-04-26 11:00:00,124.6507529404482
2011-04-26 12:00:00,150.3405104932766
2011-04-26 13:00:00,137.63307268284365
2011-04-26 14:00:00,134.71948969772146
2011-04-26 15:00:00,143.17507209074495
2011-04-26 16:00:00,226.11994058246898
2011-04-26 17:00:00,389.7208959571521
2011-04-26 18:00:00,365.5043329445735
2011-04-26 19:00:00,282.2084713659193
2011-04-26 20:00:00,217.95336960733633
2011-04-26 21:00:00,155.04371681743805
2011-04-26 22:00:00,109.69607324985081
2011-04-26 23:00:00,61.699017392927274
2011-04-27 00:00:00,22.605652112884414
2011-04-27 01:00:00,3.929081216698134
2011-04-27 02:00:00,0.0
2011-04-27 03:00:00,0.0
2011-04-27 04:00:00,0.0
2011-04-27 05:00:00,0.0
2011-04-27 06:00:00,63.54192355897678
2011-04-27 07:00:00,231.22126714607208
2011-04-27 08:00:00,361.5715180707212
2011-04-27 09:00:00,146.51824972192134
2011-04-27 10:00:00,87.23478114682328
2011-04-27 11:00:00,100.12674587820331
2011-04-27 12:00:00,130.18520133947115
2011-04-27 13:00:00,133.7576328856636
2011-04-27 14:00:00,131.93049622592812
2011-04-27 15:00:00,135.8914020122236
2011-04-27 16:00:00,216.57136478326237
2011-04-27 17:00:00,299.5654964625152
2011-04-27 18:00:00,289.1306200116435
2011-04-27 19:00:00,273.78032550969175
2011-04-27 20:00:00,175.4094350587136
2011-04-27 21:00:00,135.9185760145731
2011-04-27 22:00:00,85.29656267636109
2011-04-27 23:00:00,38.61514640754456
2011-04-28 00:00:00,18.876448540962496
2011-04-28 01:00:00,3.256771645847167
2011-04-28 02:00:00,0.0
2011-04-28 03:00:00,0.0
2011-04-28 04:00:00,0.0
2011-04-28 05:00:00,3.0941257443053547
2011-04-28 06:00:00,70.12058982057764
2011-04-28 07:00:00,239.08637879068687
2011-04-28 08:00:00,371.3325663759374
2011-04-28 09:00:00,118.32540861023148
2011-04-28 10:00:00,75.72913661766846
2011-04-28 11:00:00,97.14857743328679
2011-04-28 12:00:00,128.36075314865636
2011-04-28 13:00:00,122.90640874044695
2011-04-28 14:00:00,116.70767586093378
2011-04-28 15:00:00,132.97833449474152
2011-04-28 16:00:00,176.41386073650398
2011-04-28 17:00:00,379.4620012440223
2011-04-28 18:00:00,349.262551512286
2011-04-28 19:00:00,281.3939079633593
2011-04-28 20:00:00,233.68120280449446
2011-04-28 21:00:00,171.40255217747438
2011-04-28 22:00:00,106.23571507400598
2011-04-28 23:00:00,63.704873890122066
2011-04-29 00:00:00,48.06939825966219
2011-04-29 01:00:00,15.845306058568386
2011-04-29 02:00:00,7.634799643384412
2011-04-29 03:00:00,4.2960647510661065
2011-04-29 04:00:00,4.2960647510661065
2011-04-29 05:00:00,11.050958223704106
2011-04-29 06:00:00,91.40861282270762
2011-04-29 07:00:00,216.14595629218732
2011-04-29 08:00:00,365.1018579596962
2011-04-29 09:00:00,199.88040414450543
2011-04-29 10:00:00,148.0555868561171
2011-04-29 11:00:00,163.05735937541357
2011-04-29 12:00:00,205.7287262196428
2011-04-29 13:00:00,205.8198626392405
2011-04-29 14:00:00,204.82544083724807
2011-04-29 15:00:00,199.2694001163612
2011-04-29 16:00:00,239.91333078870673
2011-04-29 17:00:00,338.90540271961294
2011-04-29 18:00:00,305.81993214707126
2011-04-29 19:00:00,190.33555018148118
2011-04-29 20:00:00,164.28267556294495
2011-04-29 21:00:00,121.01879945362046
2011-04-29 22:00:00,106.79045357678405
2011-04-29 23:00:00,80.7591889619039
2011-04-30 00:00:00,65.06610808261951
2011-04-30 01:00:00,50.451429079602455
2011-04-30 02:00:00,43.89685857517332
2011-04-30 03:00:00,19.298315809963352
2011-04-30 04:00:00,7.881801852849914
2011-04-30 05:00:00,11.585246672658336
2011-04-30 06:00:00,13.476844838264984
2011-04-30 07:00:00,51.91979751924765
2011-04-30 08:00:00,72.95138418961949
2011-04-30 09:00:00,124.05371365388561
2011-04-30 10:00:00,217.480649898009
2011-04-30 11:00:00,267.41132865493904
2011-04-30 12:00:00,321.076857016955
2011-04-30 13:00:00,322.64174252526067
2011-04-30 14:00:00,311.0318182943363
2011-04-30 15:00:00,361.75932703483386
2011-04-30 16:00:00,340.450308938693
2011-04-30 17:00:00,303.31534598436235
2011-04-30 18:00:00,251.20877964281559
2011-04-30 19:00:00,210.56337850455296
2011-04-30 20:00:00,128.41821797275895
2011-04-30 21:00:00,111.39087426648234
2011-04-30 22:00:00,103.15159451871757
2011-04-30 23:00:00,77.75387913742242
2011-05-20 00:00:00,42.382476405158634
2011-05-20 01:00:00,17.614546792833888
2011-05-20 02:00:00,10.048900207250199
2011-05-20 03:00:00,8.100452325313414
2011-05-20 04:00:00,9.137414167812812
2011-05-20 05:00:00,14.667355029683822
2011-05-20 06:00:00,97.76049706054715
2011-05-20 07:00:00,270.80847873679534
2011-05-20 08:00:00,400.24966089080925
2011-05-20 09:00:00,227.09761794266913
2011-05-20 10:00:00,150.0750261961191
2011-05-20 11:00:00,169.63979659679148
2011-05-20 12:00:00,228.02406059551126
2011-05-20 13:00:00,211.25894564590703
2011-05-20 14:00:00,229.56791497291167
2011-05-20 15:00:00,226.7333399099516
2011-05-20 16:00:00,335.2735496673871
2011-05-20 17:00:00,538.3340258125743
2011-05-20 18:00:00,501.9115708380805
2011-05-20 19:00:00,338.3534778852919
2011-05-20 20:00:00,249.85117351462802
2011-05-20 21:00:00,193.76837441408506
2011-05-20 22:00:00,152.5624386248914
2011-05-20 23:00:00,116.17802211619028
2011-05-21 00:00:00,98.10334489905985
2011-05-21 01:00:00,72.33484342711172
2011-05-21 02:00:00,54.01037914548565
2011-05-21 03:00:00,23.372119924869313
2011-05-21 04:00:00,12.838027475736062
2011-05-21 05:00:00,15.55140870141529
2011-05-21 06:00:00,11.838756096061385
2011-05-21 07:00:00,67.41838027865285
2011-05-21 08:00:00,97.94503220466608
2011-05-21 09:00:00,207.4936333521237
2011-05-21 10:00:00,282.55550512272396
2011-05-21 11:00:00,353.13829855359023
2011-05-21 12:00:00,417.3673961894225
2011-05-21 13:00:00,423.7879890559307
2011-05-21 14:00:00,417.27480741383704
2011-05-21 15:00:00,408.08493862181683
2011-05-21 16:00:00,398.48972563678126
2011-05-21 17:00:00,386.6102498266571
2011-05-21 18:00:00,354.3267086726267
2011-05-21 19:00:00,323.2268583834399
2011-05-21 20:00:00,260.54163730171024
2011-05-21 21:00:00,208.1709134933761
2011-05-21 22:00:00,158.47676130150901
2011-05-21 23:00:00,127.71488316330466
2011-05-22 00:00:00,101.7520547407259
2011-05-22 01:00:00,64.62065934956762
2011-05-22 02:00:00,51.1322186434077
2011-05-22 03:00:00,19.616199873543955
2011-05-22 04:00:00,11.304068985242953
2011-05-22 05:00:00,11.569801068521464
2011-05-22 06:00:00,7.885712116628653
2011-05-22 07:00:00,58.08675904705373
2011-05-22 08:00:00,78.8736880648112
2011-05-22 09:00:00,170.84116838416344
2011-05-22 10:00:00,282.5061678946964
2011-05-22 11:00:00,344.96024029823593
2011-05-22 12:00:00,388.4884830541461
2011-05-22 13:00:00,402.23858424005806
2011-05-22 14:00:00,315.61057956517027
2011-05-22 15:00:00,394.8605618318146
2011-05-22 16:00:00,386.2861929945624
2011-05-22 17:00:00,385.6797929376915
2011-05-22 18:00:00,338.8583689016432
2011-05-22 19:00:00,307.45518310243955
2011-05-22 20:00:00,234.07755541866834
2011-05-22 21:00:00,166.18927149581793
2011-05-22 22:00:00,122.02028615941495
2011-05-22 23:00:00,83.79170376903481
2011-05-23 00:00:00,29.577770191941923
2011-05-23 01:00:00,12.49630087171743
2011-05-23 02:00:00,9.980156490997754
2011-05-23 03:00:00,6.32416404558221
2011-05-23 04:00:00,5.030461272898016
2011-05-23 05:00:00,10.382287953709907
2011-05-23 06:00:00,80.55646753630786
2011-05-23 07:00:00,239.3200701877854
2011-05-23 08:00:00,389.005276101441
2011-05-23 09:00:00,175.12064281649663
2011-05-23 10:00:00,127.44724180623224
2011-05-23 11:00:00,135.51668178059825
2011-05-23 12:00:00,170.80087429869278
2011-05-23 13:00:00,177.23770788974025
2011-05-23 14:00:00,159.3431635901538
2011-05-23 15:00:00,170.44107485127537
2011-05-23 16:00:00,294.74696006050374
2011-05-23 17:00:00,473.30442215712617
2011-05-23 18:00:00,442.67384718588784
2011-05-23 19:00:00,335.1454662414619
2011-05-23 20:00:00,223.6760857884516
2011-05-23 21:00:00,135.4795344561237
2011-05-23 22:00:00,92.19865401269003
2011-05-23 23:00:00,68.40094191975568
2011-05-24 00:00:00,23.10782274542843
2011-05-24 01:00:00,9.153081148301226
2011-05-24 02:00:00,6.944009863329394
2011-05-24 03:00:00,7.041422855110788
2011-05-24 04:00:00,8.175872083949196
2011-05-24 05:00:00,8.150014557215359
2011-05-24 06:00:00,84.10900790427121
2011-05-24 07:00:00,215.337943654098
2011-05-24 08:00:00,312.5751984648422
2011-05-24 09:00:00,205.82074643527778
2011-05-24 10:00:00,138.8750506370857
2011-05-24 11:00:00,147.0133542564298
2011-05-24 12:00:00,191.85947081776115
2011-05-24 13:00:00,182.10096565129948
2011-05-24 14:00:00,167.790908729251
2011-05-24 15:00:00,158.570826485369
2011-05-24 16:00:00,282.84058777109067
2011-05-24 17:00:00,535.1656956673372
2011-05-24 18:00:00,534.0934832854037
2011-05-24 19:00:00,341.1541728271889
2011-05-24 20:00:00,266.27847260494
2011-05-24 21:00:00,211.68946870636194
2011-05-24 22:00:00,114.83671988411503
2011-05-24 23:00:00,92.88235748660584
2011-05-25 00:00:00,37.43554635758072
2011-05-25 01:00:00,18.828023332160946
2011-05-25 02:00:00,11.771185484355614
2011-05-25 03:00:00,10.06656515651087
2011-05-25 04:00:00,9.278706239123553
2011-05-25 05:00:00,23.688112374714727
2011-05-25 06:00:00,90.83335023293122
2011-05-25 07:00:00,309.6118245073149
2011-05-25 08:00:00,442.71150820534234
2011-05-25 09:00:00,209.53219541418798
2011-05-25 10:00:00,139.0903091055217
2011-05-25 11:00:00,145.3158468440889
2011-05-25 12:00:00,188.89997303187528
2011-05-25 13:00:00,188.50950305901895
2011-05-25 14:00:00,178.73665896120391
2011-05-25 15:00:00,177.00551767580956
2011-05-25 16:00:00,299.1225483468201
2011-05-25 17:00:00,557.6761654278392
2011-05-25 18:00:00,538.670295404975
2011-05-25 19:00:00,386.8670324021791
2011-05-25 20:00:00,291.81255653948284
2011-05-25 21:00:00,211.29023499416192
2011-05-25 22:00:00,159.35317332891597
2011-05-25 23:00:00,96.8926028737858
2011-05-26 00:00:00,40.90116194729678
2011-05-26 01:00:00,18.69128676637391
2011-05-26 02:00:00,9.966151976128716
2011-05-26 03:00:00,10.916689740166225
2011-05-26 04:00:00,10.916689740166225
2011-05-26 05:00:00,24.549263634667096
2011-05-26 06:00:00,87.03788095278944
2011-05-26 07:00:00,241.85259835586982
2011-05-26 08:00:00,418.4355770112134
2011-05-26 09:00:00,203.439774649584
2011-05-26 10:00:00,134.3709085001444
2011-05-26 11:00:00,140.22850445790496
2011-05-26 12:00:00,176.37879666203014
2011-05-26 13:00:00,168.0601092657948
2011-05-26 14:00:00,156.426901811526
2011-05-26 15:00:00,156.64445881531591
2011-05-26 16:00:00,274.03272379534144
2011-05-26 17:00:00,519.0586135472548
2011-05-26 18:00:00,495.4074990391603
2011-05-26 19:00:00,364.6634127981086
2011-05-26 20:00:00,286.83762199644525
2011-05-26 21:00:00,225.74559649163635
2011-05-26 22:00:00,171.94802451122348
2011-05-26 23:00:00,121.00677509073635
2011-05-27 00:00:00,53.25891988028305
2011-05-27 01:00:00,25.226071922347284
2011-05-27 02:00:00,17.65894671581853
2011-05-27 03:00:00,10.569154845844213
2011-05-27 04:00:00,12.278741786538728
2011-05-27 05:00:00,24.213462752051228
2011-05-27 06:00:00,100.69782725540013
2011-05-27 07:00:00,282.96526874871586
2011-05-27 08:00:00,413.3747336990045
2011-05-27 09:00:00,231.9787097790015
2011-05-27 10:00:00,160.75143645433644
2011-05-27 11:00:00,167.577609406846
2011-05-27 12:00:00,212.77974039966188
2011-05-27 13:00:00,223.31294533285185
2011-05-27 14:00:00,213.1171886433442
2011-05-27 15:00:00,214.0135607598032
2011-05-27 16:00:00,302.2788910186356
2011-05-27 17:00:00,522.8796564565849
2011-05-27 18:00:00,469.45029789495
2011-05-27 19:00:00,283.61862499282597
2011-05-27 20:00:00,235.58247235230002
2011-05-27 21:00:00,189.0380921241791
2011-05-27 22:00:00,162.0412486661286
2011-05-27 23:00:00,128.1478154134453
2011-05-28 00:00:00,99.97724691762875
2011-05-28 01:00:00,76.48853345060512
2011-05-28 02:00:00,50.84930083978127
2011-05-28 03:00:00,23.455138236130686
2011-05-28 04:00:00,11.99268303027171
2011-05-28 05:00:00,15.392449575694968
2011-05-28 06:00:00,17.257126912061327
2011-05-28 07:00:00,49.02530071248935
2011-05-28 08:00:00,97.92664617538274
2011-05-28 09:00:00,194.6322442827409
2011-05-28 10:00:00,288.02729413743833
2011-05-28 11:00:00,356.22604807489444
2011-05-28 12:00:00,381.9984553537214
2011-05-28 13:00:00,391.59994007725317
2011-05-28 14:00:00,385.9949089202567
2011-05-28 15:00:00,395.06679070865425
2011-05-28 16:00:00,364.51200308101596
2011-05-28 17:00:00,388.5588221868928
2011-05-28 18:00:00,354.4476993367413
2011-05-28 19:00:00,316.52095452651645
2011-05-28 20:00:00,260.6256384930514
2011-05-28 21:00:00,194.570461961685
2011-05-28 22:00:00,170.87838733396455
2011-05-28 23:00:00,128.36066968468367
2011-05-29 00:00:00,105.82565647593518
2011-05-29 01:00:00,79.94946430825443
2011-05-29 02:00:00,60.72380918206749
2011-05-29 03:00:00,27.59403235830045
2011-05-29 04:00:00,14.961104585118672
2011-05-29 05:00:00,11.680280378119964
2011-05-29 06:00:00,15.634975084210048
2011-05-29 07:00:00,31.463052961883026
2011-05-29 08:00:00,71.13802063748726
2011-05-29 09:00:00,101.0779996003486
2011-05-29 10:00:00,242.25803489643175
2011-05-29 11:00:00,300.4275064758003
2011-05-29 12:00:00,349.628189251551
2011-05-29 13:00:00,369.9572361865046
2011-05-29 14:00:00,358.5871734610459
2011-05-29 15:00:00,358.5288229761192
2011-05-29 16:00:00,352.8699894067873
2011-05-29 17:00:00,362.1588908571052
2011-05-29 18:00:00,288.78094692596534
2011-05-29 19:00:00,267.0398170092394
2011-05-29 20:00:00,198.87466540493375
2011-05-29 21:00:00,164.10096908394863
2011-05-29 22:00:00,124.69483501922633
2011-05-29 23:00:00,93.36477721807232
2011-05-30 00:00:00,50.328547790890774
2011-05-30 01:00:00,37.93353584325373
2011-05-30 02:00:00,19.18412383823931
2011-05-30 03:00:00,3.614862532715555
2011-05-30 04:00:00,9.058661105479874
2011-05-30 05:00:00,23.42788837543703
2011-05-30 06:00:00,43.78353467479339
2011-05-30 07:00:00,107.8275650945506
2011-05-30 08:00:00,166.29003295722242
2011-05-30 09:00:00,192.4314362101212
2011-05-30 10:00:00,236.91460221341356
2011-05-30 11:00:00,292.4697421697765
2011-05-30 12:00:00,316.43866390179795
2011-05-30 13:00:00,312.33404137117094
2011-05-30 14:00:00,303.92539150631274
2011-05-30 15:00:00,302.1241179294423
2011-05-30 16:00:00,312.57406324858835
2011-05-30 17:00:00,430.0866583782029
2011-05-30 18:00:00,436.25305276724964
2011-05-30 19:00:00,325.0738468245302
2011-05-30 20:00:00,303.24545216371416
2011-05-30 21:00:00,217.63433159710266
2011-05-30 22:00:00,158.74635404377565
2011-05-30 23:00:00,83.87703801897644
2011-05-31 00:00:00,34.60248143851463
2011-05-31 01:00:00,14.779159754716106
2011-05-31 02:00:00,8.330949143673344
2011-05-31 03:00:00,5.577341244559123
2011-05-31 04:00:00,9.66926462971894
2011-05-31 05:00:00,22.717899205753465
2011-05-31 06:00:00,103.82632239425111
2011-05-31 07:00:00,296.2795160886847
2011-05-31 08:00:00,433.82739119789744
2011-05-31 09:00:00,193.93287145454897
2011-05-31 10:00:00,119.01178588566574
2011-05-31 11:00:00,125.84386469641508
2011-05-31 12:00:00,154.3936796232796
2011-05-31 13:00:00,143.13113652107566
2011-05-31 14:00:00,135.09064980634417
2011-05-31 15:00:00,138.08572706237277
2011-05-31 16:00:00,249.44868922040393
2011-05-31 17:00:00,510.03097594119725
2011-05-31 18:00:00,500.36073441844434
2011-05-31 19:00:00,378.404365010765
2011-05-31 20:00:00,288.8737160462954
2011-05-31 21:00:00,208.32785719506387
2011-05-31 22:00:00,155.7147994285554
2011-05-31 23:00:00,86.89982936003531
2011-06-20 00:00:00,36.03887534212401
2011-06-20 01:00:00,12.0611029097502
2011-06-20 02:00:00,6.2931747966508675
2011-06-20 03:00:00,10.169266289319284
2011-06-20 04:00:00,9.025476280796601
2011-06-20 05:00:00,28.462447130233837
2011-06-20 06:00:00,97.45636297666574
2011-06-20 07:00:00,179.99683359988174
2011-06-20 08:00:00,306.10251009610346
2011-06-20 09:00:00,199.32401438738563
2011-06-20 10:00:00,120.91262233965257
2011-06-20 11:00:00,136.83963254593422
2011-06-20 12:00:00,173.10529446853536
2011-06-20 13:00:00,182.11600027994612
2011-06-20 14:00:00,178.44631049650582
2011-06-20 15:00:00,183.66158591954562
2011-06-20 16:00:00,301.34114819992027
2011-06-20 17:00:00,561.6816183759576
2011-06-20 18:00:00,540.9333578788418
2011-06-20 19:00:00,382.7925494858788
2011-06-20 20:00:00,274.6798476521737
2011-06-20 21:00:00,200.71387796276764
2011-06-20 22:00:00,142.645001533058
2011-06-20 23:00:00,73.23389199661739
2011-06-21 00:00:00,38.39974721595358
2011-06-21 01:00:00,20.964187974033543
2011-06-21 02:00:00,15.86325725543143
2011-06-21 03:00:00,14.908577045230277
2011-06-21 04:00:00,9.022904609583366
2011-06-21 05:00:00,24.2879312517545
2011-06-21 06:00:00,102.88500943158425
2011-06-21 07:00:00,235.60504545787262
2011-06-21 08:00:00,417.4649916014432
2011-06-21 09:00:00,184.43664511918908
2011-06-21 10:00:00,121.7937921993954
2011-06-21 11:00:00,135.67651543348342
2011-06-21 12:00:00,179.32927401243975
2011-06-21 13:00:00,184.59456633534762
2011-06-21 14:00:00,180.26625070746914
2011-06-21 15:00:00,184.15699336307452
2011-06-21 16:00:00,293.1215678370212
2011-06-21 17:00:00,537.9694011077729
2011-06-21 18:00:00,515.5336283522327
2011-06-21 19:00:00,338.6596057991217
2011-06-21 20:00:00,242.94123274612244
2011-06-21 21:00:00,219.00794878338732
2011-06-21 22:00:00,162.4216324546866
2011-06-21 23:00:00,97.23354115845913
2011-06-22 00:00:00,40.14014436519311
2011-06-22 01:00:00,20.04999009817991
2011-06-22 02:00:00,15.435882465647056
2011-06-22 03:00:00,14.481202255445902
2011-06-22 04:00:00,12.26717027702863
2011-06-22 05:00:00,23.095412299982033
2011-06-22 06:00:00,114.32864703661248
2011-06-22 07:00:00,304.8344549245004
2011-06-22 08:00:00,431.46811956056814
2011-06-22 09:00:00,210.78528217329986
2011-06-22 10:00:00,133.41918369097866
2011-06-22 11:00:00,146.2316818803652
2011-06-22 12:00:00,179.22913993472125
2011-06-22 13:00:00,158.84648689016555
2011-06-22 14:00:00,159.39793554552847
2011-06-22 15:00:00,145.45024738231007
2011-06-22 16:00:00,257.2905328178762
2011-06-22 17:00:00,499.85181426961236
2011-06-22 18:00:00,506.4800690382245
2011-06-22 19:00:00,370.8725736996803
2011-06-22 20:00:00,276.3733760951084
2011-06-22 21:00:00,216.29032764356802
2011-06-22 22:00:00,151.53386999131746
2011-06-22 23:00:00,88.50300559954702
2011-06-23 00:00:00,44.64062544276682
2011-06-23 01:00:00,22.5795750223367
2011-06-23 02:00:00,17.96546738980385
2011-06-23 03:00:00,15.8215707100162
2011-06-23 04:00:00,18.465641094882518
2011-06-23 05:00:00,24.992980236246336
2011-06-23 06:00:00,106.71021611910824
2011-06-23 07:00:00,294.6248248368913
2011-06-23 08:00:00,433.62647794572473
2011-06-23 09:00:00,203.00461482225407
2011-06-23 10:00:00,127.23190940237187
2011-06-23 11:00:00,127.59655688440805
2011-06-23 12:00:00,178.46574668887726
2011-06-23 13:00:00,184.4562134986609
2011-06-23 14:00:00,165.87207496271873
2011-06-23 15:00:00,177.92821146703392
2011-06-23 16:00:00,299.14633365285755
2011-06-23 17:00:00,505.77767439194463
2011-06-23 18:00:00,496.5022668898024
2011-06-23 19:00:00,370.9924807958212
2011-06-23 20:00:00,283.1077642990884
2011-06-23 21:00:00,226.31555405557333
2011-06-23 22:00:00,161.45034544753815
2011-06-23 23:00:00,115.6370446451857
2011-06-24 00:00:00,57.35698134880955
2011-06-24 01:00:00,26.945819233945237
2011-06-24 02:00:00,17.85037789748563
2011-06-24 03:00:00,15.512121690056357
2011-06-24 04:00:00,13.6151265107613
2011-06-24 05:00:00,18.78861529807089
2011-06-24 06:00:00,109.81102746370347
2011-06-24 07:00:00,283.05559093903076
2011-06-24 08:00:00,418.3400201774711
2011-06-24 09:00:00,234.10971340928856
2011-06-24 10:00:00,157.48145844715603
2011-06-24 11:00:00,180.7000655848958
2011-06-24 12:00:00,232.93376944657643
2011-06-24 13:00:00,231.2508901594578
2011-06-24 14:00:00,223.41962727193544
2011-06-24 15:00:00,223.06112534323762
2011-06-24 16:00:00,329.9029348758956
2011-06-24 17:00:00,552.6429073153369
2011-06-24 18:00:00,501.6673827705844
2011-06-24 19:00:00,363.2281220437002
2011-06-24 20:00:00,286.1231320610266
2011-06-24 21:00:00,228.9725961883252
2011-06-24 22:00:00,198.1087192986926
2011-06-24 23:00:00,157.52834966355866
2011-06-25 00:00:00,105.62119574857145
2011-06-25 01:00:00,78.79673401714967
2011-06-25 02:00:00,63.83600428963466
2011-06-25 03:00:00,30.677594189740528
2011-06-25 04:00:00,18.976507988585244
2011-06-25 05:00:00,20.67122274403445
2011-06-25 06:00:00,33.33654672967443
2011-06-25 07:00:00,90.58769603905822
2011-06-25 08:00:00,166.95465097196688
2011-06-25 09:00:00,220.49383366953097
2011-06-25 10:00:00,297.75211733816616
2011-06-25 11:00:00,366.1647244033028
2011-06-25 12:00:00,426.3728013786533
2011-06-25 13:00:00,423.51402864010777
2011-06-25 14:00:00,415.18972306760315
2011-06-25 15:00:00,416.16938690309127
2011-06-25 16:00:00,424.50787831699057
2011-06-25 17:00:00,413.42131818000007
2011-06-25 18:00:00,375.9966215530261
2011-06-25 19:00:00,342.89105727395986
2011-06-25 20:00:00,283.86464372679256
2011-06-25 21:00:00,227.46914225376887
2011-06-25 22:00:00,196.09675707178587
2011-06-25 23:00:00,135.34780642187744
2011-06-26 00:00:00,104.99309495725893
2011-06-26 01:00:00,79.85475626038932
2011-06-26 02:00:00,65.80852917148539
2011-06-26 03:00:00,30.562423559667984
2011-06-26 04:00:00,17.69086479118992
2011-06-26 05:00:00,18.339736366996448
2011-06-26 06:00:00,21.38412617651162
2011-06-26 07:00:00,73.87215152745466
2011-06-26 08:00:00,140.4988113963995
2011-06-26 09:00:00,186.39116407073686
2011-06-26 10:00:00,281.3123312033202
2011-06-26 11:00:00,350.5941746525786
2011-06-26 12:00:00,409.20548590696416
2011-06-26 13:00:00,407.51455517380185
2011-06-26 14:00:00,407.62079132380677
2011-06-26 15:00:00,406.67403566551036
2011-06-26 16:00:00,397.707380865918
2011-06-26 17:00:00,376.7127602270985
2011-06-26 18:00:00,345.25489830300387
2011-06-26 19:00:00,311.8566360893708
2011-06-26 20:00:00,233.35629911980877
2011-06-26 21:00:00,181.52241358262782
2011-06-26 22:00:00,165.98094574014667
2011-06-26 23:00:00,120.55493489621165
2011-06-27 00:00:00,31.76664129505024
2011-06-27 01:00:00,17.96322898242617
2011-06-27 02:00:00,12.610030615493326
2011-06-27 03:00:00,11.655350405292172
2011-06-27 04:00:00,13.616480745230625
2011-06-27 05:00:00,29.020977968775224
2011-06-27 06:00:00,106.51690675255983
2011-06-27 07:00:00,282.04514544987717
2011-06-27 08:00:00,404.9223561864251
2011-06-27 09:00:00,197.36812863978304
2011-06-27 10:00:00,129.03887711865622
2011-06-27 11:00:00,151.0794263250053
2011-06-27 12:00:00,195.58893619551515
2011-06-27 13:00:00,191.47486767119796
2011-06-27 14:00:00,181.27002866478168
2011-06-27 15:00:00,194.75354063272948
2011-06-27 16:00:00,312.4488744943787
2011-06-27 17:00:00,567.8892604684949
2011-06-27 18:00:00,549.3282067092432
2011-06-27 19:00:00,395.6608564720659
2011-06-27 20:00:00,289.2056073841255
2011-06-27 21:00:00,217.96944340275542
2011-06-27 22:00:00,146.44604393364622
2011-06-27 23:00:00,77.2967076603848
2011-06-28 00:00:00,40.15534592319108
2011-06-28 01:00:00,20.04999009817991
2011-06-28 02:00:00,17.967377269619575
2011-06-28 03:00:00,17.01269705941842
2011-06-28 04:00:00,14.481202255445902
2011-06-28 05:00:00,32.05759748513915
2011-06-28 06:00:00,113.64384007179144
2011-06-28 07:00:00,297.5637215701904
2011-06-28 08:00:00,431.4086782645529
2011-06-28 09:00:00,206.74202334054988
2011-06-28 10:00:00,137.40313216367008
2011-06-28 11:00:00,143.23489681601777
2011-06-28 12:00:00,180.91689752996646
2011-06-28 13:00:00,184.40640501951174
2011-06-28 14:00:00,143.57890503897818
2011-06-28 15:00:00,145.10358615760194
2011-06-28 16:00:00,258.48091735360094
2011-06-28 17:00:00,463.53238150087844
2011-06-28 18:00:00,480.5363141689787
2011-06-28 19:00:00,355.8286460376327
2011-06-28 20:00:00,309.285567621596
2011-06-28 21:00:00,212.25340178418423
2011-06-28 22:00:00,161.29345159966564
2011-06-28 23:00:00,97.99255921315861
2011-06-29 00:00:00,36.71074325977768
2011-06-29 01:00:00,22.08139044109575
2011-06-29 02:00:00,16.25723894679214
2011-06-29 03:00:00,15.937058361268452
2011-06-29 04:00:00,13.405563557295931
2011-06-29 05:00:00,29.92957562568191
2011-06-29 06:00:00,116.74641626343617
2011-06-29 07:00:00,316.41254842214784
2011-06-29 08:00:00,457.9736854832519
2011-06-29 09:00:00,216.88854605285397
2011-06-29 10:00:00,144.5446818894818
2011-06-29 11:00:00,154.74222179603774
2011-06-29 12:00:00,201.19836431605594
2011-06-29 13:00:00,191.60973472032276
2011-06-29 14:00:00,183.90516544066773
2011-06-29 15:00:00,190.68469082610218
2011-06-29 16:00:00,295.3213668208427
2011-06-29 17:00:00,546.5392904145586
2011-06-29 18:00:00,540.2942139912554
2011-06-29 19:00:00,395.0660173393955
2011-06-29 20:00:00,304.0982773447995
2011-06-29 21:00:00,239.65515131968743
2011-06-29 22:00:00,184.6396635942333
2011-06-29 23:00:00,125.52482400353128
2011-06-30 00:00:00,42.48015605077516
2011-06-30 01:00:00,21.240462111490153
2011-06-30 02:00:00,17.226125526108827
2011-06-30 03:00:00,15.82502304496429
2011-06-30 04:00:00,11.902058839558686
2011-06-30 05:00:00,29.703227842602992
2011-06-30 06:00:00,112.58777603029462
2011-06-30 07:00:00,311.8555729590966
2011-06-30 08:00:00,456.079590633115
2011-06-30 09:00:00,218.6927631307987
2011-06-30 10:00:00,146.73700919085624
2011-06-30 11:00:00,157.05412930724617
2011-06-30 12:00:00,203.86771384569352
2011-06-30 13:00:00,203.4772438728372
2011-06-30 14:00:00,194.4408288669608
2011-06-30 15:00:00,198.0061421925357
2011-06-30 16:00:00,309.2111598569983
2011-06-30 17:00:00,562.4941909847622
2011-06-30 18:00:00,537.5810307337003
2011-06-30 19:00:00,399.6469825272093
2011-06-30 20:00:00,309.2065041291591
2011-06-30 21:00:00,233.42875516287683
2011-06-30 22:00:00,186.98537759087574
2011-06-30 23:00:00,136.8893247915227
2011-07-20 00:00:00,38.566769272220995
2011-07-20 01:00:00,19.961621775933743
2011-07-20 02:00:00,13.862507372674939
2011-07-20 03:00:00,12.907827162473785
2011-07-20 04:00:00,13.405563557295931
2011-07-20 05:00:00,29.289170156039244
2011-07-20 06:00:00,95.40428998430401
2011-07-20 07:00:00,284.5696838944591
2011-07-20 08:00:00,428.9750042280893
2011-07-20 09:00:00,205.48072417151297
2011-07-20 10:00:00,133.46008677414468
2011-07-20 11:00:00,135.65719850313465
2011-07-20 12:00:00,166.17477961107505
2011-07-20 13:00:00,159.29513181330026
2011-07-20 14:00:00,143.41156931789274
2011-07-20 15:00:00,148.05326508976432
2011-07-20 16:00:00,265.5883119289036
2011-07-20 17:00:00,509.2257073194959
2011-07-20 18:00:00,495.9893734638615
2011-07-20 19:00:00,357.38016988751656
2011-07-20 20:00:00,253.62932939810383
2011-07-20 21:00:00,208.29273101712954
2011-07-20 22:00:00,162.98861934865718
2011-07-20 23:00:00,102.94294796487563
2011-07-21 00:00:00,37.932793030871686
2011-07-21 01:00:00,24.525114678581133
2011-07-21 02:00:00,20.052177875804624
2011-07-21 03:00:00,13.863583542557468
2011-07-21 04:00:00,18.014840749541758
2011-07-21 05:00:00,30.370626733672115
2011-07-21 06:00:00,110.00870268731559
2011-07-21 07:00:00,281.321225650274
2011-07-21 08:00:00,422.41342926183836
2011-07-21 09:00:00,191.3939166612674
2011-07-21 10:00:00,129.1062115079642
2011-07-21 11:00:00,127.06251276303905
2011-07-21 12:00:00,152.2671569145466
2011-07-21 13:00:00,151.74426686830975
2011-07-21 14:00:00,136.73965044374302
2011-07-21 15:00:00,148.244910665029
2011-07-21 16:00:00,250.23939894368658
2011-07-21 17:00:00,478.6302277722423
2011-07-21 18:00:00,459.7585787483866
2011-07-21 19:00:00,342.92732884044386
2011-07-21 20:00:00,266.1946500633032
2011-07-21 21:00:00,203.5957182916666
2011-07-21 22:00:00,150.2840358921922
2011-07-21 23:00:00,94.7219538533178
2011-07-22 00:00:00,40.546986843480944
2011-07-22 01:00:00,22.874322642812782
2011-07-22 02:00:00,10.16248009075671
2011-07-22 03:00:00,10.135054930053526
2011-07-22 04:00:00,12.278264242357642
2011-07-22 05:00:00,22.888928313590743
2011-07-22 06:00:00,103.87691620935648
2011-07-22 07:00:00,278.3733914539052
2011-07-22 08:00:00,409.06905206925717
2011-07-22 09:00:00,204.46608833092168
2011-07-22 10:00:00,133.65325306487523
2011-07-22 11:00:00,151.31835573284332
2011-07-22 12:00:00,184.07249024297644
2011-07-22 13:00:00,184.29005664416263
2011-07-22 14:00:00,177.45455401433188
2011-07-22 15:00:00,180.73114106808438
2011-07-22 16:00:00,271.1173472903765
2011-07-22 17:00:00,474.6739157640022
2011-07-22 18:00:00,453.4522992222801
2011-07-22 19:00:00,305.8585448121637
2011-07-22 20:00:00,243.95489257378736
2011-07-22 21:00:00,194.4855936177253
2011-07-22 22:00:00,144.40989730296536
2011-07-22 23:00:00,126.20614025880074
2011-07-23 00:00:00,95.90146918547799
2011-07-23 01:00:00,72.24459904067376
2011-07-23 02:00:00,57.202567617035605
2011-07-23 03:00:00,27.278207218346015
2011-07-23 04:00:00,16.225644586145773
2011-07-23 05:00:00,16.835891584872414
2011-07-23 06:00:00,21.24805339254003
2011-07-23 07:00:00,83.51415193566159
2011-07-23 08:00:00,143.3109487783199
2011-07-23 09:00:00,186.3562895320425
2011-07-23 10:00:00,258.0422051195051
2011-07-23 11:00:00,316.90529658594176
2011-07-23 12:00:00,351.9741536805553
2011-07-23 13:00:00,349.79232200090075
2011-07-23 14:00:00,348.4833095126593
2011-07-23 15:00:00,347.33757916460905
2011-07-23 16:00:00,335.41952450411264
2011-07-23 17:00:00,328.653361460097
2011-07-23 18:00:00,308.7046301286687
2011-07-23 19:00:00,288.47788657328084
2011-07-23 20:00:00,252.0160837436111
2011-07-23 21:00:00,199.7052288351714
2011-07-23 22:00:00,178.98767442843862
2011-07-23 23:00:00,147.59775680265622
2011-07-24 00:00:00,103.18680698197035
2011-07-24 01:00:00,80.04755711611051
2011-07-24 02:00:00,62.668243179410155
2011-07-24 03:00:00,32.30307297441005
2011-07-24 04:00:00,19.431514205931986
2011-07-24 05:00:00,19.74236132784628
2011-07-24 06:00:00,17.4813187865917
2011-07-24 07:00:00,67.48071356117072
2011-07-24 08:00:00,133.5761515685312
2011-07-24 09:00:00,169.909469167446
2011-07-24 10:00:00,258.9567316617735
2011-07-24 11:00:00,338.47944982914396
2011-07-24 12:00:00,342.6215846855537
2011-07-24 13:00:00,359.0904494918887
2011-07-24 14:00:00,346.0195153313607
2011-07-24 15:00:00,342.45073516063627
2011-07-24 16:00:00,330.74929970616745
2011-07-24 17:00:00,323.3998633953332
2011-07-24 18:00:00,301.5642104674537
2011-07-24 19:00:00,287.71753007647135
2011-07-24 20:00:00,225.8630707350511
2011-07-24 21:00:00,176.01363203293195
2011-07-24 22:00:00,151.71196582551218
2011-07-24 23:00:00,84.90482809301902
2011-07-25 00:00:00,44.58627776632358
2011-07-25 01:00:00,26.39501089868917
2011-07-25 02:00:00,20.273726487237834
2011-07-25 03:00:00,13.859611765784463
2011-07-25 04:00:00,14.646354536396206
2011-07-25 05:00:00,25.287183315263317
2011-07-25 06:00:00,109.39091233883252
2011-07-25 07:00:00,285.91247952022877
2011-07-25 08:00:00,412.55804867010306
2011-07-25 09:00:00,186.84533010372783
2011-07-25 10:00:00,118.13565968824948
2011-07-25 11:00:00,132.3527631839832
2011-07-25 12:00:00,166.38828912167608
2011-07-25 13:00:00,176.75480592040975
2011-07-25 14:00:00,149.0398830317103
2011-07-25 15:00:00,153.73960958970844
2011-07-25 16:00:00,216.3895925484719
2011-07-25 17:00:00,460.366093408962
2011-07-25 18:00:00,450.9451486147086
2011-07-25 19:00:00,373.8963036856867
2011-07-25 20:00:00,266.9880022181373
2011-07-25 21:00:00,185.68077404507866
2011-07-25 22:00:00,141.8062136947082
2011-07-25 23:00:00,79.01797072281047
2011-07-26 00:00:00,36.18917367645001
2011-07-26 01:00:00,16.09901940943682
2011-07-26 02:00:00,10.554246767233376
2011-07-26 03:00:00,11.496561736327287
2011-07-26 04:00:00,12.810732724812219
2011-07-26 05:00:00,20.631806585251024
2011-07-26 06:00:00,113.64384007179144
2011-07-26 07:00:00,313.8992091010342
2011-07-26 08:00:00,448.49364881536223
2011-07-26 09:00:00,213.73763791450503
2011-07-26 10:00:00,138.67338170185928
2011-07-26 11:00:00,151.6996919719391
2011-07-26 12:00:00,195.47471808658034
2011-07-26 13:00:00,192.09889284159678
2011-07-26 14:00:00,173.89488080741393
2011-07-26 15:00:00,173.44455005040962
2011-07-26 16:00:00,288.9696909156882
2011-07-26 17:00:00,536.4091372328054
2011-07-26 18:00:00,529.6704097491356
2011-07-26 19:00:00,381.5362787222735
2011-07-26 20:00:00,293.8923980235895
2011-07-26 21:00:00,232.0678540580497
2011-07-26 22:00:00,179.58340814994202
2011-07-26 23:00:00,113.6174903106234
2011-07-27 00:00:00,36.84173861731859
2011-07-27 01:00:00,18.31822931273896
2011-07-27 02:00:00,17.057305165162482
2011-07-27 03:00:00,15.773708921085527
2011-07-27 04:00:00,15.773708921085527
2011-07-27 05:00:00,33.24544021424375
2011-07-27 06:00:00,113.91394145824843
2011-07-27 07:00:00,310.27688624732156
2011-07-27 08:00:00,449.4615133097831
2011-07-27 09:00:00,211.0589754266821
2011-07-27 10:00:00,142.88640812211298
2011-07-27 11:00:00,149.85784666766511
2011-07-27 12:00:00,196.92063393392053
2011-07-27 13:00:00,192.09889284159678
2011-07-27 14:00:00,185.80818503780077
2011-07-27 15:00:00,184.62669026622692
2011-07-27 16:00:00,302.48251747458147
2011-07-27 17:00:00,554.9409007087143
2011-07-27 18:00:00,554.9888401212422
2011-07-27 19:00:00,393.6503186056233
2011-07-27 20:00:00,313.43143139171
2011-07-27 21:00:00,236.88910377461343
2011-07-27 22:00:00,187.28352406922792
2011-07-27 23:00:00,119.53275872348338
2011-07-28 00:00:00,44.01620749790035
2011-07-28 01:00:00,21.785775822049356
2011-07-28 02:00:00,16.178847247348777
2011-07-28 03:00:00,16.816759026466872
2011-07-28 04:00:00,15.768482502770238
2011-07-28 05:00:00,30.76451335567031
2011-07-28 06:00:00,113.14634682329753
2011-07-28 07:00:00,314.8488924609914
2011-07-28 08:00:00,431.62040248881897
2011-07-28 09:00:00,202.5077754294367
2011-07-28 10:00:00,135.68679203205468
2011-07-28 11:00:00,127.84762695363555
2011-07-28 12:00:00,168.01304370218273
2011-07-28 13:00:00,155.37811685913812
2011-07-28 14:00:00,156.2007564920025
2011-07-28 15:00:00,144.02235154116897
2011-07-28 16:00:00,264.12221636361426
2011-07-28 17:00:00,512.3773606320551
2011-07-28 18:00:00,480.9824900905168
2011-07-28 19:00:00,354.4720143029855
2011-07-28 20:00:00,272.30285947832556
2011-07-28 21:00:00,213.38390934142055
2011-07-28 22:00:00,171.35935895129248
2011-07-28 23:00:00,112.20013517935628
2011-07-29 00:00:00,51.445133716250226
2011-07-29 01:00:00,22.410644910891772
2011-07-29 02:00:00,16.577075691846513
2011-07-29 03:00:00,13.007512229453798
2011-07-29 04:00:00,10.881067601407153
2011-07-29 05:00:00,23.67599493710666
2011-07-29 06:00:00,106.49844734865034
2011-07-29 07:00:00,281.01237286786966
2011-07-29 08:00:00,401.3699858378009
2011-07-29 09:00:00,204.9671977301003
2011-07-29 10:00:00,130.23745787417297
2011-07-29 11:00:00,147.8706406081655
2011-07-29 12:00:00,187.50454167736982
2011-07-29 13:00:00,188.88641078105962
2011-07-29 14:00:00,187.9093129616996
2011-07-29 15:00:00,190.9043902177282
2011-07-29 16:00:00,284.4664896304155
2011-07-29 17:00:00,471.25110736880845
2011-07-29 18:00:00,427.5823431079037
2011-07-29 19:00:00,299.6663504485757
2011-07-29 20:00:00,233.18560113250203
2011-07-29 21:00:00,215.93614619704482
2011-07-29 22:00:00,190.540667096158
2011-07-29 23:00:00,147.44987563872405
2011-07-30 00:00:00,98.8515842177847
2011-07-30 01:00:00,72.30373833729521
2011-07-30 02:00:00,57.261706913657065
2011-07-30 03:00:00,33.69473309089032
2011-07-30 04:00:00,20.659988403817465
2011-07-30 05:00:00,29.99396925460555
2011-07-30 06:00:00,27.56344503734769
2011-07-30 07:00:00,53.897430815580286
2011-07-30 08:00:00,158.64171037776634
2011-07-30 09:00:00,199.32836567205223
2011-07-30 10:00:00,281.6748438752287
2011-07-30 11:00:00,347.3258905983983
2011-07-30 12:00:00,397.77165852309093
2011-07-30 13:00:00,388.1362377242743
2011-07-30 14:00:00,355.1030629179679
2011-07-30 15:00:00,355.4151689593106
2011-07-30 16:00:00,348.35578340972756
2011-07-30 17:00:00,342.41755675261646
2011-07-30 18:00:00,347.1136214920653
2011-07-30 19:00:00,341.79133446531193
2011-07-30 20:00:00,270.78360510746836
2011-07-30 21:00:00,219.92044801653935
2011-07-30 22:00:00,185.5525810379966
2011-07-30 23:00:00,150.57681846211503
2011-07-31 00:00:00,103.2459462785918
2011-07-31 01:00:00,77.59148110973314
2011-07-31 02:00:00,62.727382476031615
2011-07-31 03:00:00,32.36221227103152
2011-07-31 04:00:00,19.27910662853982
2011-07-31 05:00:00,19.92797820434636
2011-07-31 06:00:00,11.541508540256164
2011-07-31 07:00:00,75.31242217300873
2011-07-31 08:00:00,147.83897625598618
2011-07-31 09:00:00,188.14416358750086
2011-07-31 10:00:00,270.4485949603092
2011-07-31 11:00:00,313.3328770322518
2011-07-31 12:00:00,357.4833887499207
2011-07-31 13:00:00,359.1314885544118
2011-07-31 14:00:00,355.01123554445456
2011-07-31 15:00:00,351.84064705438726
2011-07-31 16:00:00,338.4685694128915
2011-07-31 17:00:00,339.739681845434
2011-07-31 18:00:00,312.915770800945
2011-07-31 19:00:00,313.0332379524488
2011-07-31 20:00:00,247.57177667910557
2011-07-31 21:00:00,197.265424400288
2011-07-31 22:00:00,152.09035099525536
2011-07-31 23:00:00,115.55871577139627
2011-08-20 00:00:00,97.83754554925589
2011-08-20 01:00:00,75.49456366870153
2011-08-20 02:00:00,57.10430312512046
2011-08-20 03:00:00,24.967003353186826
2011-08-20 04:00:00,11.119834139095932
2011-08-20 05:00:00,13.129956032391043
2011-08-20 06:00:00,10.10957951410828
2011-08-20 07:00:00,43.689992545886135
2011-08-20 08:00:00,118.39338978502444
2011-08-20 09:00:00,202.9258202147558
2011-08-20 10:00:00,283.7289778049911
2011-08-20 11:00:00,350.64833437197507
2011-08-20 12:00:00,397.0494398837392
2011-08-20 13:00:00,387.8314199716337
2011-08-20 14:00:00,391.9716415318768
2011-08-20 15:00:00,387.50605281523104
2011-08-20 16:00:00,378.46574157524316
2011-08-20 17:00:00,384.30830173987044
2011-08-20 18:00:00,346.9967648645155
2011-08-20 19:00:00,328.3617630051356
2011-08-20 20:00:00,271.52660452909817
2011-08-20 21:00:00,203.92526794530542
2011-08-20 22:00:00,152.5492054312359
2011-08-20 23:00:00,128.3991926036892
2011-08-21 00:00:00,101.01465432165841
2011-08-21 01:00:00,78.82542228216155
2011-08-21 02:00:00,61.25372039079262
2011-08-21 03:00:00,28.872021064082794
2011-08-21 04:00:00,16.00046229560473
2011-08-21 05:00:00,11.812727328596145
2011-08-21 06:00:00,8.456088855250258
2011-08-21 07:00:00,46.80353999221012
2011-08-21 08:00:00,98.78822830322544
2011-08-21 09:00:00,161.17352503401526
2011-08-21 10:00:00,264.0939996605881
2011-08-21 11:00:00,333.59470396628
2011-08-21 12:00:00,354.2451259825441
2011-08-21 13:00:00,367.11312094153
2011-08-21 14:00:00,257.79591012219686
2011-08-21 15:00:00,327.9425774006796
2011-08-21 16:00:00,292.69128277627476
2011-08-21 17:00:00,287.2803584897675
2011-08-21 18:00:00,265.3142788488494
2011-08-21 19:00:00,298.3309869771498
2011-08-21 20:00:00,195.98405343567606
2011-08-21 21:00:00,164.63541730756143
2011-08-21 22:00:00,114.84217816115186
2011-08-21 23:00:00,89.64263017995
2011-08-22 00:00:00,35.24762894538265
2011-08-22 01:00:00,14.264829115478213
2011-08-22 02:00:00,13.07625246730904
2011-08-22 03:00:00,12.960663723397289
2011-08-22 04:00:00,10.953497319339048
2011-08-22 05:00:00,19.945152178093373
2011-08-22 06:00:00,95.92597978249209
2011-08-22 07:00:00,284.5603903494995
2011-08-22 08:00:00,420.4971294669987
2011-08-22 09:00:00,196.1399317209166
2011-08-22 10:00:00,128.06210479400355
2011-08-22 11:00:00,137.2389818027897
2011-08-22 12:00:00,184.51918451913673
2011-08-22 13:00:00,178.6982851290562
2011-08-22 14:00:00,170.66983860456227
2011-08-22 15:00:00,175.17909658387043
2011-08-22 16:00:00,292.64748710151554
2011-08-22 17:00:00,553.3511525114627
2011-08-22 18:00:00,542.9657397750751
2011-08-22 19:00:00,385.27301330557003
2011-08-22 20:00:00,293.9635626683103
2011-08-22 21:00:00,220.38113449541058
2011-08-22 22:00:00,143.31932019997708
2011-08-22 23:00:00,99.39356801116078
2011-08-23 00:00:00,38.45677168113756
2011-08-23 01:00:00,16.280737209909123
2011-08-23 02:00:00,10.971409314204962
2011-08-23 03:00:00,10.677337196054237
2011-08-23 04:00:00,10.016729104003808
2011-08-23 05:00:00,26.592222632970866
2011-08-23 06:00:00,106.76464351579217
2011-08-23 07:00:00,308.90971811330996
2011-08-23 08:00:00,449.7647765811933
2011-08-23 09:00:00,206.5540799739047
2011-08-23 10:00:00,138.46536741509922
2011-08-23 11:00:00,150.39968892452384
2011-08-23 12:00:00,196.85583144454208
2011-08-23 13:00:00,202.63407408048056
2011-08-23 14:00:00,192.54276665815274
2011-08-23 15:00:00,193.07075678053374
2011-08-23 16:00:00,313.79150543620955
2011-08-23 17:00:00,562.0331186976922
2011-08-23 18:00:00,554.7134377639685
2011-08-23 19:00:00,385.07103917304147
2011-08-23 20:00:00,292.80029050463156
2011-08-23 21:00:00,231.13975402140514
2011-08-23 22:00:00,174.13749649424162
2011-08-23 23:00:00,111.08404083633509
2011-08-24 00:00:00,38.111288626161844
2011-08-24 01:00:00,17.222512908166745
2011-08-24 02:00:00,9.323185334710768
2011-08-24 03:00:00,8.368505124509614
2011-08-24 04:00:00,7.569883673527702
2011-08-24 05:00:00,24.23138732145479
2011-08-24 06:00:00,109.69598209315224
2011-08-24 07:00:00,316.51681093266467
2011-08-24 08:00:00,452.0183136158527
2011-08-24 09:00:00,208.24612718685404
2011-08-24 10:00:00,137.48110541231287
2011-08-24 11:00:00,147.04497634028388
2011-08-24 12:00:00,189.87404964348434
2011-08-24 13:00:00,188.48772647161803
2011-08-24 14:00:00,176.61322243614012
2011-08-24 15:00:00,176.6290833769495
2011-08-24 16:00:00,285.85780508547003
2011-08-24 17:00:00,542.7869275458222
2011-08-24 18:00:00,538.6633386207195
2011-08-24 19:00:00,387.75621271708656
2011-08-24 20:00:00,287.79848653480815
2011-08-24 21:00:00,221.00397909368377
2011-08-24 22:00:00,164.46537455076808
2011-08-24 23:00:00,87.94301599647359
2011-08-25 00:00:00,37.44036266835346
2011-08-25 01:00:00,14.897351223265622
2011-08-25 02:00:00,10.283243590732761
2011-08-25 03:00:00,9.328563380531607
2011-08-25 04:00:00,9.328563380531607
2011-08-25 05:00:00,23.02503987285478
2011-08-25 06:00:00,103.76811471722442
2011-08-25 07:00:00,279.6519433436892
2011-08-25 08:00:00,421.10076008337137
2011-08-25 09:00:00,199.4607166603474
2011-08-25 10:00:00,120.10874708844715
2011-08-25 11:00:00,113.34629511241566
2011-08-25 12:00:00,127.5664081821055
2011-08-25 13:00:00,143.62546160072725
2011-08-25 14:00:00,152.62027160884946
2011-08-25 15:00:00,156.93582603120032
2011-08-25 16:00:00,209.49185004171275
2011-08-25 17:00:00,384.6982500979904
2011-08-25 18:00:00,346.27442504363705
2011-08-25 19:00:00,294.3055349867546
2011-08-25 20:00:00,236.03387461014387
2011-08-25 21:00:00,197.1431782466363
2011-08-25 22:00:00,145.429276347705
2011-08-25 23:00:00,97.92878952894651
2011-08-26 00:00:00,50.438070008874696
2011-08-26 01:00:00,21.111228691900244
2011-08-26 02:00:00,11.768409140537967
2011-08-26 03:00:00,6.596189743806836
2011-08-26 04:00:00,7.394811194788746
2011-08-26 05:00:00,18.251306041849805
2011-08-26 06:00:00,99.77007695412104
2011-08-26 07:00:00,290.9230761270127
2011-08-26 08:00:00,408.54428922456975
2011-08-26 09:00:00,224.08539330971445
2011-08-26 10:00:00,142.6043211484774
2011-08-26 11:00:00,166.92720529714873
2011-08-26 12:00:00,206.341893078194
2011-08-26 13:00:00,222.8528997520595
2011-08-26 14:00:00,212.7150441718498
2011-08-26 15:00:00,216.57479774972808
2011-08-26 16:00:00,324.8535041457705
2011-08-26 17:00:00,435.1616704935722
2011-08-26 18:00:00,389.0830135283347
2011-08-26 19:00:00,271.01088344776804
2011-08-26 20:00:00,210.48290283228008
2011-08-26 21:00:00,186.63878810276907
2011-08-26 22:00:00,142.12622954054962
2011-08-26 23:00:00,124.19821714278467
2011-08-27 00:00:00,99.29306435299331
2011-08-27 01:00:00,73.26722407255343
2011-08-27 02:00:00,54.89210580111891
2011-08-27 03:00:00,29.034209954603778
2011-08-27 04:00:00,17.333123753448493
2011-08-27 05:00:00,18.127288912599315
2011-08-27 06:00:00,10.74261977231326
2011-08-27 07:00:00,42.95809213663398
2011-08-27 08:00:00,111.16193380370719
2011-08-27 09:00:00,171.49071309338535
2011-08-27 10:00:00,230.89317538299073
2011-08-27 11:00:00,171.843084056954
2011-08-27 12:00:00,220.02362269825247
2011-08-27 13:00:00,231.93390258528166
2011-08-27 14:00:00,155.82790864282035
2011-08-27 15:00:00,163.07667547388888
2011-08-27 16:00:00,152.42313352979792
2011-08-27 17:00:00,128.60900123474877
2011-08-28 07:00:00,24.30394506344968
2011-08-28 08:00:00,65.0601284331516
2011-08-28 09:00:00,171.8632770218907
2011-08-28 10:00:00,270.769724401413
2011-08-28 11:00:00,347.9182682081901
2011-08-28 12:00:00,392.10227653047815
2011-08-28 13:00:00,414.9316580812938
2011-08-28 14:00:00,392.3514459204545
2011-08-28 15:00:00,399.36354349206056
2011-08-28 16:00:00,370.2650445049332
2011-08-28 17:00:00,400.9094868790508
2011-08-28 18:00:00,352.086967965685
2011-08-28 19:00:00,311.96509422185403
2011-08-28 20:00:00,241.2993057932969
2011-08-28 21:00:00,183.421081544695
2011-08-28 22:00:00,133.94742449916257
2011-08-28 23:00:00,83.65707949454789
2011-08-29 00:00:00,34.930312479980046
2011-08-29 01:00:00,13.94751265007562
2011-08-29 02:00:00,8.255372481987505
2011-08-29 03:00:00,7.224904326775124
2011-08-29 04:00:00,11.434960124151392
2011-08-29 05:00:00,22.864553909263503
2011-08-29 06:00:00,104.75769831111668
2011-08-29 07:00:00,284.5012800211948
2011-08-29 08:00:00,432.5961885711293
2011-08-29 09:00:00,196.11370418430977
2011-08-29 10:00:00,130.60841543020842
2011-08-29 11:00:00,144.88938513378324
2011-08-29 12:00:00,196.88690407065965
2011-08-29 13:00:00,199.29458900773017
2011-08-29 14:00:00,183.4723698934309
2011-08-29 15:00:00,187.42356174968918
2011-08-29 16:00:00,303.07243885574104
2011-08-29 17:00:00,547.6482281906877
2011-08-29 18:00:00,534.8803202361651
2011-08-29 19:00:00,384.53568795793234
2011-08-29 20:00:00,293.8966667404449
2011-08-29 21:00:00,223.46897397978597
2011-08-29 22:00:00,160.59188725674412
2011-08-29 23:00:00,97.23140623914088
2011-08-30 00:00:00,35.32243854457965
2011-08-30 01:00:00,14.433662826584545
2011-08-30 02:00:00,8.524563883728856
2011-08-30 03:00:00,8.368505124509614
2011-08-30 04:00:00,8.837894353163254
2011-08-30 05:00:00,23.68865085386988
2011-08-30 06:00:00,109.60997197419222
2011-08-30 07:00:00,322.78854407126926
2011-08-30 08:00:00,461.5968817517829
2011-08-30 09:00:00,210.3040199227577
2011-08-30 10:00:00,138.07858682963948
2011-08-30 11:00:00,151.19831037550577
2011-08-30 12:00:00,197.654452895524
2011-08-30 13:00:00,197.95371354294917
2011-08-30 14:00:00,188.66102757160328
2011-08-30 15:00:00,192.22543884240181
2011-08-30 16:00:00,309.1111448986781
2011-08-30 17:00:00,565.0343820277049
2011-08-30 18:00:00,553.873003663944
2011-08-30 19:00:00,382.3129566637373
2011-08-30 20:00:00,294.04768465695514
2011-08-30 21:00:00,222.2156261314544
2011-08-30 22:00:00,171.81358544700365
2011-08-30 23:00:00,111.08404083633509
2011-08-31 00:00:00,35.32243854457965
2011-08-31 01:00:00,15.232284277566457
2011-08-31 02:00:00,8.524563883728856
2011-08-31 03:00:00,7.569883673527702
2011-08-31 04:00:00,7.569883673527702
2011-08-31 05:00:00,22.951538283278477
2011-08-31 06:00:00,110.49460354413415
2011-08-31 07:00:00,311.1068797007305
2011-08-31 08:00:00,452.0183136158527
2011-08-31 09:00:00,207.4475057358721
2011-08-31 10:00:00,137.54446223905205
2011-08-31 11:00:00,151.07602665044053
2011-08-31 12:00:00,195.49608231473786
2011-08-31 13:00:00,198.0397236619092
2011-08-31 14:00:00,188.7470376905633
2011-08-31 15:00:00,192.69822954682158
2011-08-31 16:00:00,308.9734093026052
2011-08-31 17:00:00,562.7085807672471
2011-08-31 18:00:00,547.8007128867184
2011-08-31 19:00:00,376.14755298136015
2011-08-31 20:00:00,293.4275681591344
2011-08-31 21:00:00,226.93034951865891
2011-08-31 22:00:00,158.3704277121104
2011-08-31 23:00:00,86.32558200793092
2011-09-20 00:00:00,35.100160702701274
2011-09-20 01:00:00,15.991049397722174
2011-09-20 02:00:00,10.223121284622842
2011-09-20 03:00:00,9.510807019578394
2011-09-20 04:00:00,8.12388555079311
2011-09-20 05:00:00,23.41436958648153
2011-09-20 06:00:00,100.48967213101741
2011-09-20 07:00:00,267.01067620550356
2011-09-20 08:00:00,207.3772037375265
2011-09-20 09:00:00,96.25775069563956
2011-09-20 10:00:00,88.11786332018615
2011-09-20 11:00:00,96.93516237474398
2011-09-20 12:00:00,107.27008817273065
2011-09-20 13:00:00,106.87961819987432
2011-09-20 14:00:00,133.97410590079787
2011-09-20 15:00:00,165.84110587812094
2011-09-20 16:00:00,210.06879539228288
2011-09-20 17:00:00,390.6268010389851
2011-09-20 18:00:00,386.878723897367
2011-09-20 19:00:00,253.30385186896672
2011-09-20 20:00:00,182.25288519085314
2011-09-20 21:00:00,148.9975542479338
2011-09-20 22:00:00,114.01256497097654
2011-09-20 23:00:00,70.02345146541313
2011-09-21 00:00:00,24.404592944925604
2011-09-21 01:00:00,9.044910173218073
2011-09-21 02:00:00,6.694668058489891
2011-09-21 03:00:00,6.042843390383695
2011-09-21 04:00:00,5.732328579457857
2011-09-21 05:00:00,8.567472590663726
2011-09-21 06:00:00,78.7416521732617
2011-09-21 07:00:00,233.4267914333368
2011-09-21 08:00:00,350.2357957995723
2011-09-21 09:00:00,144.77127047240154
2011-09-21 10:00:00,105.61688842596617
2011-09-21 11:00:00,123.1183612231355
2011-09-21 12:00:00,160.7437103433291
2011-09-21 13:00:00,173.68867734270145
2011-09-21 14:00:00,169.1314056060278
2011-09-21 15:00:00,176.25996966906996
2011-09-21 16:00:00,247.2874872526705
2011-09-21 17:00:00,414.09234704777447
2011-09-21 18:00:00,339.4889486049634
2011-09-21 19:00:00,140.65800274569241
2011-09-21 20:00:00,104.15654657562581
2011-09-21 21:00:00,115.0722277978612
2011-09-21 22:00:00,87.35942560843779
2011-09-21 23:00:00,73.37652399344003
2011-09-22 00:00:00,26.09243437298731
2011-09-22 01:00:00,9.780328703598743
2011-09-22 02:00:00,7.57125741862691
2011-09-22 03:00:00,6.616577208425757
2011-09-22 04:00:00,6.616577208425757
2011-09-22 05:00:00,14.135917996169374
2011-09-22 06:00:00,75.90453788355316
2011-09-22 07:00:00,235.28141839429367
2011-09-22 08:00:00,340.84569455494665
2011-09-22 09:00:00,146.05441635094743
2011-09-22 10:00:00,98.05695499466117
2011-09-22 11:00:00,106.48552502806878
2011-09-22 12:00:00,148.85372211226374
2011-09-22 13:00:00,147.12221563613974
2011-09-22 14:00:00,143.25128784108125
2011-09-22 15:00:00,159.53588141549363
2011-09-22 16:00:00,248.83938727986248
2011-09-22 17:00:00,432.4732150632757
2011-09-22 18:00:00,352.08070918096723
2011-09-22 19:00:00,201.7419284051922
2011-09-22 20:00:00,139.48173749167603
2011-09-22 21:00:00,128.8283855402661
2011-09-22 22:00:00,98.03418117362068
2011-09-22 23:00:00,59.31575645499361
2011-09-23 00:00:00,35.57049105553068
2011-09-23 01:00:00,12.98827427671012
2011-09-23 02:00:00,11.739202880551401
2011-09-23 03:00:00,3.7765923771605827
2011-09-23 04:00:00,3.2167024381107323
2011-09-23 05:00:00,13.209295667205296
2011-09-23 06:00:00,85.28678227742017
2011-09-23 07:00:00,163.10614853969693
2011-09-23 08:00:00,254.05607391466768
2011-09-23 09:00:00,101.6710057750388
2011-09-23 10:00:00,65.85691733071614
2011-09-23 11:00:00,77.95039349033209
2011-09-23 12:00:00,107.77409832078686
2011-09-23 13:00:00,95.85634522732865
2011-09-23 14:00:00,92.48538227327965
2011-09-23 15:00:00,113.07546631355336
2011-09-23 16:00:00,152.20630466231768
2011-09-23 17:00:00,269.76479567271736
2011-09-23 18:00:00,263.44943648497184
2011-09-23 19:00:00,205.89329189747377
2011-09-23 20:00:00,186.06126824288373
2011-09-23 21:00:00,146.68411321391562
2011-09-23 22:00:00,124.633877975706
2011-09-23 23:00:00,88.12206551672934
2011-09-24 00:00:00,91.11617558819977
2011-09-24 01:00:00,62.22813411757268
2011-09-24 02:00:00,49.179594558789184
2011-09-24 03:00:00,22.50464851253454
2011-09-24 04:00:00,15.36299019155633
2011-09-24 05:00:00,13.876098990814885
2011-09-24 06:00:00,7.2145737811103965
2011-09-24 07:00:00,40.206852103360795
2011-09-24 08:00:00,65.84102141281619
2011-09-24 09:00:00,170.29125537981167
2011-09-24 10:00:00,248.97853061677762
2011-09-24 11:00:00,314.81175649223337
2011-09-24 12:00:00,337.9586437146069
2011-09-24 13:00:00,390.163687513873
2011-09-24 14:00:00,377.5040188058768
2011-09-24 15:00:00,380.1136342686249
2011-09-24 16:00:00,328.83454429825383
2011-09-24 17:00:00,342.41483129780045
2011-09-24 18:00:00,293.2759582660006
2011-09-24 19:00:00,211.56236175278192
2011-09-24 20:00:00,196.10891584278
2011-09-24 21:00:00,168.32157892810883
2011-09-24 22:00:00,122.74619034696812
2011-09-24 23:00:00,111.46378572430893
2011-09-25 00:00:00,96.33862444141337
2011-09-25 01:00:00,78.28461789897614
2011-09-25 02:00:00,46.04613215186052
2011-09-25 03:00:00,14.19054214375987
2011-09-25 04:00:00,5.878411255458874
2011-09-25 05:00:00,22.09618211544734
2011-09-25 06:00:00,15.754948832908273
2011-09-25 07:00:00,55.70352059050815
2011-09-25 08:00:00,75.53613889296993
2011-09-25 09:00:00,164.67570483972557
2011-09-25 10:00:00,278.48055152388343
2011-09-25 11:00:00,354.36276687293423
2011-09-25 12:00:00,386.2446349881232
2011-09-25 13:00:00,386.8786517721811
2011-09-25 14:00:00,390.4637260277852
2011-09-25 15:00:00,393.2207671098487
2011-09-25 16:00:00,402.95078387367397
2011-09-25 17:00:00,353.58663751219825
2011-09-25 18:00:00,296.18567462423556
2011-09-25 19:00:00,225.65464014570895
2011-09-25 20:00:00,180.00353337975307
2011-09-25 21:00:00,141.72625290468906
2011-09-25 22:00:00,117.10372440508854
2011-09-25 23:00:00,70.88054832965791
2011-09-26 00:00:00,19.636748307595507
2011-09-26 01:00:00,11.604809365469936
2011-09-26 02:00:00,5.8368812523706
2011-09-26 03:00:00,2.3197896935313684
2011-09-26 04:00:00,2.3197896935313684
2011-09-26 05:00:00,15.53685712112975
2011-09-26 06:00:00,81.56630229471897
2011-09-26 07:00:00,244.88250718486412
2011-09-26 08:00:00,350.8539431842667
2011-09-26 09:00:00,167.16462168711445
2011-09-26 10:00:00,92.14546689279909
2011-09-26 11:00:00,124.92732300240195
2011-09-26 12:00:00,150.87405885383086
2011-09-26 13:00:00,173.89247543200048
2011-09-26 14:00:00,168.38769607014368
2011-09-26 15:00:00,192.9645803412033
2011-09-26 16:00:00,298.4699595342689
2011-09-26 17:00:00,551.1849197001012
2011-09-26 18:00:00,369.0114144223744
2011-09-26 19:00:00,278.7677751056294
2011-09-26 20:00:00,176.24314977969473
2011-09-26 21:00:00,134.39577809050596
2011-09-26 22:00:00,88.61137907140977
2011-09-26 23:00:00,54.166693105884725
2011-09-27 00:00:00,21.68252434498709
2011-09-27 01:00:00,6.32284157327955
2011-09-27 02:00:00,7.561612016192967
2011-09-27 03:00:00,3.010259979519337
2011-09-27 04:00:00,7.116006313227164
2011-09-27 05:00:00,16.000020255058462
2011-09-27 06:00:00,87.56077308920712
2011-09-27 07:00:00,255.36213126932304
2011-09-27 08:00:00,381.51689002396444
2011-09-27 09:00:00,146.3582989770433
2011-09-27 10:00:00,59.61548025048307
2011-09-27 11:00:00,105.57423218646679
2011-09-27 12:00:00,116.89876485077293
2011-09-27 13:00:00,177.0593770160711
2011-09-27 14:00:00,144.4216405516352
2011-09-27 15:00:00,154.37158445186358
2011-09-27 16:00:00,222.35117142799442
2011-09-27 17:00:00,282.72267505957154
2011-09-27 18:00:00,263.7219391952061
2011-09-27 19:00:00,211.19165781843452
2011-09-27 20:00:00,253.4963471847155
2011-09-27 21:00:00,182.9673752562846
2011-09-27 22:00:00,120.35967600273723
2011-09-27 23:00:00,76.16106104059692
2011-09-28 00:00:00,29.600666110570828
2011-09-28 01:00:00,14.240983338863291
2011-09-28 02:00:00,7.388955017413981
2011-09-28 03:00:00,6.599272537160932
2011-09-28 04:00:00,7.3772041858064465
2011-09-28 05:00:00,10.529600767262954
2011-09-28 06:00:00,61.43268173037323
2011-09-28 07:00:00,124.02987597798895
2011-09-28 08:00:00,241.40768439246426
2011-09-28 09:00:00,106.7879178533328
2011-09-28 10:00:00,78.06322833939437
2011-09-28 11:00:00,125.71354228033239
2011-09-28 12:00:00,147.3865618295298
2011-09-28 13:00:00,176.16192875182057
2011-09-28 14:00:00,187.73547392769223
2011-09-28 15:00:00,183.52035012216703
2011-09-28 16:00:00,296.00003912611936
2011-09-28 17:00:00,565.1378248408638
2011-09-28 18:00:00,336.39254741176603
2011-09-28 19:00:00,251.03221139771586
2011-09-28 20:00:00,148.0142737740726
2011-09-28 21:00:00,115.55921614078702
2011-09-28 22:00:00,118.51710832769571
2011-09-28 23:00:00,67.56935866372365
2011-09-29 00:00:00,23.195286077704946
2011-09-29 01:00:00,6.883180408316381
2011-09-29 02:00:00,4.674109123344547
2011-09-29 03:00:00,3.719428913143394
2011-09-29 04:00:00,9.230928643059084
2011-09-29 05:00:00,22.51334452300421
2011-09-29 06:00:00,98.90566434880726
2011-09-29 07:00:00,287.3568503805481
2011-09-29 08:00:00,436.6052941783677
2011-09-29 09:00:00,219.01013155460484
2011-09-29 10:00:00,136.119532499401
2011-09-29 11:00:00,157.51640400383346
2011-09-29 12:00:00,203.31834500342856
2011-09-29 13:00:00,202.92787503057224
2011-09-29 14:00:00,182.26469386705642
2011-09-29 15:00:00,194.41560951941742
2011-09-29 16:00:00,315.9265686192423
2011-09-29 17:00:00,555.952533826886
2011-09-29 18:00:00,535.5588047401767
2011-09-29 19:00:00,381.90762435500807
2011-09-29 20:00:00,292.65751057817704
2011-09-29 21:00:00,213.31012355850686
2011-09-29 22:00:00,148.65006649716736
2011-09-29 23:00:00,94.12879611367492
2011-09-30 00:00:00,51.95016192937325
2011-09-30 01:00:00,25.87751261290127
2011-09-30 02:00:00,13.03150941659828
2011-09-30 03:00:00,8.81031096029724
2011-09-30 04:00:00,8.170386783933257
2011-09-30 05:00:00,19.178592328207436
2011-09-30 06:00:00,105.05111003110048
2011-09-30 07:00:00,273.52711398499173
2011-09-30 08:00:00,404.60375720411326
2011-09-30 09:00:00,226.72346894718595
2011-09-30 10:00:00,162.2364620541766
2011-09-30 11:00:00,187.18821506203574
2011-09-30 12:00:00,240.75734826453373
2011-09-30 13:00:00,233.78837832593936
2011-09-30 14:00:00,231.39453194278906
2011-09-30 15:00:00,234.4771208309716
2011-09-30 16:00:00,355.1071630663078
2011-09-30 17:00:00,560.6620338319676
2011-09-30 18:00:00,476.94999799634536
2011-09-30 19:00:00,295.45918645307614
2011-09-30 20:00:00,224.22926103923356
2011-09-30 21:00:00,186.03259746235875
2011-09-30 22:00:00,140.976925412768
2011-09-30 23:00:00,110.22650631522092
2011-10-20 00:00:00,24.05674382417881
2011-10-20 01:00:00,13.460580046427532
2011-10-20 02:00:00,8.06650418448069
2011-10-20 03:00:00,4.60407590476464
2011-10-20 04:00:00,4.60407590476464
2011-10-20 05:00:00,17.816620003918068
2011-10-20 06:00:00,105.70435343033836
2011-10-20 07:00:00,264.23003788507305
2011-10-20 08:00:00,395.95757960422003
2011-10-20 09:00:00,209.83171134355445
2011-10-20 10:00:00,137.91185224202425
2011-10-20 11:00:00,139.95558592509647
2011-10-20 12:00:00,167.36828034758997
2011-10-20 13:00:00,159.67767991201117
2011-10-20 14:00:00,129.64456953225763
2011-10-20 15:00:00,135.51981639617537
2011-10-20 16:00:00,225.13689033868673
2011-10-20 17:00:00,463.7173665902237
2011-10-20 18:00:00,385.8901852332993
2011-10-20 19:00:00,287.83739644718895
2011-10-20 20:00:00,187.1967246348906
2011-10-20 21:00:00,163.86036839730735
2011-10-20 22:00:00,123.41735311253967
2011-10-20 23:00:00,93.42478374731493
2011-10-21 00:00:00,48.089496565211114
2011-10-21 01:00:00,22.571077471522532
2011-10-21 02:00:00,11.892840126048387
2011-10-21 03:00:00,8.764370647189814
2011-10-21 04:00:00,8.764370647189814
2011-10-21 05:00:00,17.170722342558157
2011-10-21 06:00:00,96.65894579687986
2011-10-21 07:00:00,251.76879659797802
2011-10-21 08:00:00,368.6494263983419
2011-10-21 09:00:00,237.78766208683157
2011-10-21 10:00:00,167.57220468680933
2011-10-21 11:00:00,181.305269697065
2011-10-21 12:00:00,228.24813705697235
2011-10-21 13:00:00,223.93930555805372
2011-10-21 14:00:00,229.8738751221054
2011-10-21 15:00:00,223.02443462437967
2011-10-21 16:00:00,315.80149559638977
2011-10-21 17:00:00,447.0407275597189
2011-10-21 18:00:00,396.5691161600047
2011-10-21 19:00:00,246.94959951890337
2011-10-21 20:00:00,180.0309642912662
2011-10-21 21:00:00,152.5280184392244
2011-10-21 22:00:00,139.12921744996797
2011-10-21 23:00:00,102.53148543058956
2011-10-22 00:00:00,81.3091425162472
2011-10-22 01:00:00,59.762277947714274
2011-10-22 02:00:00,46.74079281789811
2011-10-22 03:00:00,24.471760454009313
2011-10-22 04:00:00,10.878924525263928
2011-10-22 05:00:00,12.634132038188076
2011-10-22 06:00:00,9.512764894121757
2011-10-22 07:00:00,81.41978773279695
2011-10-22 08:00:00,96.15254832386749
2011-10-22 09:00:00,163.84719800734487
2011-10-22 10:00:00,250.82000777754192
2011-10-22 11:00:00,281.6572741951535
2011-10-22 12:00:00,342.6132905543034
2011-10-22 13:00:00,393.9017312320727
2011-10-22 14:00:00,342.60338180832383
2011-10-22 15:00:00,368.5679595019751
2011-10-22 16:00:00,382.19396884721954
2011-10-22 17:00:00,325.75040499704744
2011-10-22 18:00:00,277.0281559783759
2011-10-22 19:00:00,222.3925175077647
2011-10-22 20:00:00,166.76843710285638
2011-10-22 21:00:00,117.8757154207679
2011-10-22 22:00:00,108.89623454955854
2011-10-22 23:00:00,86.265593585114
2011-10-23 00:00:00,76.27263986681322
2011-10-23 01:00:00,60.42981678037437
2011-10-23 02:00:00,45.2497188286
2011-10-23 03:00:00,22.136840443484697
2011-10-23 04:00:00,12.670873542430797
2011-10-23 05:00:00,14.92554149391875
2011-10-23 06:00:00,11.108858386080751
2011-10-23 07:00:00,65.4387049054828
2011-10-23 08:00:00,83.3340273255135
2011-10-23 09:00:00,162.26984078618844
2011-10-23 10:00:00,279.9783602915236
2011-10-23 11:00:00,294.6635726058993
2011-10-23 12:00:00,372.7305753694694
2011-10-23 13:00:00,383.5692505156683
2011-10-23 14:00:00,381.286125632783
2011-10-23 15:00:00,377.78190132741844
2011-10-23 16:00:00,372.80521295371057
2011-10-23 17:00:00,341.6851351281789
2011-10-23 18:00:00,280.23153802766814
2011-10-23 19:00:00,205.76874341745477
2011-10-23 20:00:00,151.63412592275247
2011-10-23 21:00:00,118.18219191395588
2011-10-23 22:00:00,93.42626593401137
2011-10-23 23:00:00,63.53158420381335
2011-10-24 00:00:00,36.7931059854907
2011-10-24 01:00:00,19.841523463823208
2011-10-24 02:00:00,8.26322188694239
2011-10-24 03:00:00,11.684619890347955
2011-10-24 04:00:00,11.684619890347955
2011-10-24 05:00:00,17.784031054073335
2011-10-24 06:00:00,94.800636097429
2011-10-24 07:00:00,226.85104594261045
2011-10-24 08:00:00,401.48228011337045
2011-10-24 09:00:00,228.92573818992423
2011-10-24 10:00:00,129.05616730381146
2011-10-24 11:00:00,136.3090157101212
2011-10-24 12:00:00,174.36814861228643
2011-10-24 13:00:00,178.3321243212687
2011-10-24 14:00:00,172.68719109061144
2011-10-24 15:00:00,182.9302105277815
2011-10-24 16:00:00,267.2299915204223
2011-10-24 17:00:00,532.543343698327
2011-10-24 18:00:00,505.009560200327
2011-10-24 19:00:00,174.99296715614554
2011-10-24 20:00:00,237.24350691569077
2011-10-24 21:00:00,150.39652363983333
2011-10-24 22:00:00,119.45353618856409
2011-10-24 23:00:00,56.88229963896133
2011-10-25 00:00:00,35.83959995170752
2011-10-25 01:00:00,16.01236764322507
2011-10-25 02:00:00,9.196068886604584
2011-10-25 03:00:00,8.00849272378346
2011-10-25 04:00:00,8.00849272378346
2011-10-25 05:00:00,22.656493153787494
2011-10-25 06:00:00,106.85005843634957
2011-10-25 07:00:00,262.80394951984675
2011-10-25 08:00:00,413.50712277233566
2011-10-25 09:00:00,226.17908557223038
2011-10-25 10:00:00,135.78084268375338
2011-10-25 11:00:00,154.6890643251146
2011-10-25 12:00:00,190.5064329113639
2011-10-25 13:00:00,191.5947325091806
2011-10-25 14:00:00,186.168475487109
2011-10-25 15:00:00,190.97079177601842
2011-10-25 16:00:00,294.3897253205949
2011-10-25 17:00:00,564.5096938417672
2011-10-25 18:00:00,514.5049058126737
2011-10-25 19:00:00,315.62921856855144
2011-10-25 20:00:00,214.7643129227845
2011-10-25 21:00:00,166.80587750627043
2011-10-25 22:00:00,125.79962013277247
2011-10-25 23:00:00,69.61752416046008
2011-10-26 00:00:00,35.83959995170752
2011-10-26 01:00:00,16.01236764322507
2011-10-26 02:00:00,10.103268700369384
2011-10-26 03:00:00,9.14858849016823
2011-10-26 04:00:00,8.238139739296294
2011-10-26 05:00:00,22.886140169300333
2011-10-26 06:00:00,108.90757701918054
2011-10-26 07:00:00,279.3621922387678
2011-10-26 08:00:00,407.2506524625551
2011-10-26 09:00:00,215.41632370591557
2011-10-26 10:00:00,135.75952142777058
2011-10-26 11:00:00,150.9222466902121
2011-10-26 12:00:00,162.24984654265984
2011-10-26 13:00:00,160.69852168355706
2011-10-26 14:00:00,149.84095873103078
2011-10-26 15:00:00,157.76539547839437
2011-10-26 16:00:00,235.668461809571
2011-10-26 17:00:00,431.74514499156163
2011-10-26 18:00:00,437.3814428583562
2011-10-26 19:00:00,281.89750986044186
2011-10-26 20:00:00,229.65827859014414
2011-10-26 21:00:00,176.45940194370198
2011-10-26 22:00:00,120.23084309292118
2011-10-26 23:00:00,77.1360874943437
2011-10-27 00:00:00,27.29058690237491
2011-10-27 01:00:00,10.781364458395567
2011-10-27 02:00:00,6.360779121133809
2011-10-27 03:00:00,5.534234440081568
2011-10-27 04:00:00,8.107411146147045
2011-10-27 05:00:00,20.888666504119215
2011-10-27 06:00:00,85.38525877530654
2011-10-27 07:00:00,247.82594152027227
2011-10-27 08:00:00,265.39587754264033
2011-10-27 09:00:00,213.514326568171
2011-10-27 10:00:00,78.65616487827668
2011-10-27 11:00:00,87.81353614880065
2011-10-27 12:00:00,95.3668995875065
2011-10-27 13:00:00,137.65264544237584
2011-10-27 14:00:00,145.39558277298275
2011-10-27 15:00:00,152.6567931100701
2011-10-27 16:00:00,261.85214703839995
2011-10-27 17:00:00,424.2363722466608
2011-10-27 18:00:00,389.9391565890873
2011-10-27 19:00:00,249.27997092281439
2011-10-27 20:00:00,179.04791123547642
2011-10-27 21:00:00,125.46642200863182
2011-10-27 22:00:00,85.53817791772673
2011-10-27 23:00:00,66.80573867817331
2011-10-28 00:00:00,38.00730732294583
2011-10-28 01:00:00,19.884542724665057
2011-10-28 02:00:00,13.607995448179983
2011-10-28 03:00:00,8.495552109135412
2011-10-28 04:00:00,10.432366872080559
2011-10-28 05:00:00,18.58162029801574
2011-10-28 06:00:00,85.8234976991775
2011-10-28 07:00:00,234.42483713724548
2011-10-28 08:00:00,366.9466636659732
2011-10-28 09:00:00,236.6780323184377
2011-10-28 10:00:00,147.76092380522462
2011-10-28 11:00:00,171.8539210401987
2011-10-28 12:00:00,203.03449693218442
2011-10-28 13:00:00,198.01222937567368
2011-10-28 14:00:00,185.47422748338366
2011-10-28 15:00:00,179.37666593685609
2011-10-28 16:00:00,239.86665609399805
2011-10-28 17:00:00,393.1499324559976
2011-10-28 18:00:00,351.7631362727211
2011-10-28 19:00:00,240.63697383479277
2011-10-28 20:00:00,97.20609921216577
2011-10-28 21:00:00,74.61868858204338
2011-10-28 22:00:00,64.40052168934761
2011-10-28 23:00:00,43.480256239905785
2011-10-29 00:00:00,52.292246172313256
2011-10-29 01:00:00,41.38565896680773
2011-10-29 02:00:00,27.024578854049754
2011-10-29 03:00:00,12.876890074955977
2011-10-29 04:00:00,1.8975403928761565
2011-10-29 05:00:00,0.0
2011-10-29 06:00:00,3.3966499493591207
2011-10-29 07:00:00,30.58666441795976
2011-10-29 08:00:00,50.14097205499296
2011-10-29 09:00:00,89.33083239257219
2011-10-29 10:00:00,90.8518841297414
2011-10-29 11:00:00,97.87355591893704
2011-10-29 12:00:00,96.55603789766015
2011-10-29 13:00:00,96.16556792480381
2011-10-29 14:00:00,102.89515302875024
2011-10-29 15:00:00,113.26686978188837
2011-10-29 16:00:00,94.56382885315345
2011-10-29 17:00:00,104.51394977275568
2011-10-29 18:00:00,79.01346111074504
2011-10-29 19:00:00,138.69052156476678
2011-10-29 20:00:00,106.2082177618837
2011-10-29 21:00:00,77.84474931688099
2011-10-29 22:00:00,77.23520348107849
2011-10-29 23:00:00,68.33568045940875
2011-10-30 00:00:00,63.656165784761214
2011-10-30 01:00:00,52.61788684783026
2011-10-30 02:00:00,37.328663911860595
2011-10-30 03:00:00,17.206255367229808
2011-10-30 04:00:00,6.659740593758836
2011-10-30 05:00:00,9.925789186360532
2011-10-30 06:00:00,10.352612972965598
2011-10-30 07:00:00,49.10454346818361
2011-10-30 08:00:00,56.97404218090625
2011-10-30 09:00:00,137.34896149963745
2011-10-30 10:00:00,240.17246368198207
2011-10-30 11:00:00,268.47535323947807
2011-10-30 12:00:00,323.42388534958917
2011-10-30 13:00:00,318.7188841559953
2011-10-30 14:00:00,346.8643378553071
2011-10-30 15:00:00,346.055235639068
2011-10-30 16:00:00,353.4854330741539
2011-10-30 17:00:00,266.85228932223
2011-10-30 18:00:00,215.58567898077052
2011-10-30 19:00:00,278.5658123447226
2011-10-30 20:00:00,122.8915909429762
2011-10-30 21:00:00,79.67328549278405
2011-10-30 22:00:00,71.17045081899886
2011-10-30 23:00:00,46.35581760000874
2011-10-31 00:00:00,24.14453191046329
2011-10-31 01:00:00,13.749640380315386
2011-10-31 02:00:00,7.77277251206412
2011-10-31 03:00:00,6.818092301862966
2011-10-31 04:00:00,6.818092301862966
2011-10-31 05:00:00,14.02609400468616
2011-10-31 06:00:00,78.71056870002953
2011-10-31 07:00:00,221.4002233600858
2011-10-31 08:00:00,369.3717795380555
2011-10-31 09:00:00,231.84305568728902
2011-10-31 10:00:00,127.000527513986
2011-10-31 11:00:00,152.1813661558249
2011-10-31 12:00:00,173.80616190109444
2011-10-31 13:00:00,173.02860436131758
2011-10-31 14:00:00,160.02177723382053
2011-10-31 15:00:00,169.147760381584
2011-10-31 16:00:00,233.780468129305
2011-10-31 17:00:00,485.1824112626864
2011-10-31 18:00:00,393.1082159391338
2011-10-31 19:00:00,283.254538132946
2011-10-31 20:00:00,184.52289086533378
2011-10-31 21:00:00,122.19051951716591
2011-10-31 22:00:00,93.9701177693839
2011-10-31 23:00:00,48.817578377974996
2011-11-20 00:00:00,84.3448115742474
2011-11-20 01:00:00,62.03855893831346
2011-11-20 02:00:00,48.96980690262744
2011-11-20 03:00:00,23.67606431809008
2011-11-20 04:00:00,7.863516804919986
2011-11-20 05:00:00,9.771654950127191
2011-11-20 06:00:00,4.550431175948489
2011-11-20 07:00:00,44.72290122460379
2011-11-20 08:00:00,55.97824767119658
2011-11-20 09:00:00,143.81283265951424
2011-11-20 10:00:00,258.752261439074
2011-11-20 11:00:00,324.3567517054129
2011-11-20 12:00:00,350.4283184958293
2011-11-20 13:00:00,344.7336826257161
2011-11-20 14:00:00,365.4922066174648
2011-11-20 15:00:00,326.9500181423543
2011-11-20 16:00:00,336.8814159458215
2011-11-20 17:00:00,312.4942614033644
2011-11-20 18:00:00,277.20456404563913
2011-11-20 19:00:00,210.1815462161105
2011-11-20 20:00:00,175.37084059724043
2011-11-20 21:00:00,124.32208752643426
2011-11-20 22:00:00,73.76627581357083
2011-11-20 23:00:00,61.482598683159395
2011-11-21 00:00:00,25.64912769015926
2011-11-21 01:00:00,7.574471392262845
2011-11-21 02:00:00,5.36540010729101
2011-11-21 03:00:00,7.15490419309346
2011-11-21 04:00:00,7.15490419309346
2011-11-21 05:00:00,8.605348671148663
2011-11-21 06:00:00,84.06776271265441
2011-11-21 07:00:00,237.93226154758477
2011-11-21 08:00:00,383.4237143560053
2011-11-21 09:00:00,172.03194699037903
2011-11-21 10:00:00,124.50062034483251
2011-11-21 11:00:00,129.70105058849782
2011-11-21 12:00:00,151.9576293712992
2011-11-21 13:00:00,151.56715939844287
2011-11-21 14:00:00,141.32919662810642
2011-11-21 15:00:00,36.092940064670486
2011-11-21 16:00:00,76.07932517649935
2011-11-21 17:00:00,116.54343988844697
2011-11-21 18:00:00,169.51138935940799
2011-11-21 19:00:00,102.44578647394482
2011-11-21 20:00:00,86.86230242787353
2011-11-21 21:00:00,77.34034777039528
2011-11-21 22:00:00,66.29112760223339
2011-11-21 23:00:00,45.36109897842542
2011-11-22 00:00:00,20.864634889161813
2011-11-22 01:00:00,8.283480395606002
2011-11-22 02:00:00,5.311783270293088
2011-11-22 03:00:00,4.3571030600919345
2011-11-22 04:00:00,5.119728900433019
2011-11-22 05:00:00,15.431071110715544
2011-11-22 06:00:00,86.26387874814954
2011-11-22 07:00:00,105.9433685213757
2011-11-22 08:00:00,234.06991262709636
2011-11-22 09:00:00,109.77522858185759
2011-11-22 10:00:00,58.82459815717677
2011-11-22 11:00:00,66.13301327769508
2011-11-22 12:00:00,72.87526536574015
2011-11-22 13:00:00,51.660216865919274
2011-11-22 14:00:00,44.29956844974786
2011-11-22 15:00:00,47.66136186480927
2011-11-22 16:00:00,88.67844999123265
2011-11-22 17:00:00,138.56300903728334
2011-11-22 18:00:00,137.1197505506485
2011-11-22 19:00:00,129.5449346742976
2011-11-22 20:00:00,151.9111755138028
2011-11-22 21:00:00,109.34195669769169
2011-11-22 22:00:00,104.67034655772895
2011-11-22 23:00:00,63.9859784438308
2011-11-23 00:00:00,21.299335569256048
2011-11-23 01:00:00,7.268163472406365
2011-11-23 02:00:00,1.7905324486155365
2011-11-23 03:00:00,0.8358522384143827
2011-11-23 04:00:00,3.1915644483810084
2011-11-23 05:00:00,16.58421815341501
2011-11-23 06:00:00,83.64879904502472
2011-11-23 07:00:00,239.22332712816697
2011-11-23 08:00:00,429.0619808740424
2011-11-23 09:00:00,166.11494946366443
2011-11-23 10:00:00,99.68006349002957
2011-11-23 11:00:00,124.06414695452304
2011-11-23 12:00:00,167.72320551304827
2011-11-23 13:00:00,153.51976444215342
2011-11-23 14:00:00,150.98794279727753
2011-11-23 15:00:00,133.8510915026455
2011-11-23 16:00:00,179.8603177185004
2011-11-23 17:00:00,200.83925386740654
2011-11-23 18:00:00,318.68206832060594
2011-11-23 19:00:00,270.10807627394826
2011-11-23 20:00:00,175.2234529314192
2011-11-23 21:00:00,119.13780753571184
2011-11-23 22:00:00,84.93964015115141
2011-11-23 23:00:00,51.58234684445466
2011-11-24 00:00:00,42.44564391406963
2011-11-24 01:00:00,28.603552140559483
2011-11-24 02:00:00,18.130096267930735
2011-11-24 03:00:00,11.451928412581445
2011-11-24 04:00:00,9.716479495479268
2011-11-24 05:00:00,12.285143739233975
2011-11-24 06:00:00,39.96190144250414
2011-11-24 07:00:00,107.03096260604315
2011-11-24 08:00:00,246.97560408840388
2011-11-24 09:00:00,205.29635324279843
2011-11-24 10:00:00,199.9686363516628
2011-11-24 11:00:00,253.6343034962651
2011-11-24 12:00:00,262.68712151779
2011-11-24 13:00:00,272.6944721014566
2011-11-24 14:00:00,263.8135866843289
2011-11-24 15:00:00,274.38552281030803
2011-11-24 16:00:00,295.71507504790117
2011-11-24 17:00:00,397.3084284284354
2011-11-24 18:00:00,317.56943938380687
2011-11-24 19:00:00,241.67875123216302
2011-11-24 20:00:00,176.54133359166514
2011-11-24 21:00:00,130.56091949114816
2011-11-24 22:00:00,108.4002040561831
2011-11-24 23:00:00,67.45312307670858
2011-11-25 00:00:00,36.47076040896614
2011-11-25 01:00:00,20.598558880329897
2011-11-25 02:00:00,9.661853532413941
2011-11-25 03:00:00,6.775426452658116
2011-11-25 04:00:00,7.045699477246074
2011-11-25 05:00:00,17.343629991291905
2011-11-25 06:00:00,77.80133625486948
2011-11-25 07:00:00,242.2247912667948
2011-11-25 08:00:00,379.98890286979946
2011-11-25 09:00:00,252.3273698215572
2011-11-25 10:00:00,148.89150331609187
2011-11-25 11:00:00,165.05475325406132
2011-11-25 12:00:00,223.0915245268963
2011-11-25 13:00:00,221.78400759794602
2011-11-25 14:00:00,224.01886028566423
2011-11-25 15:00:00,228.50375270482485
2011-11-25 16:00:00,305.11505393069166
2011-11-25 17:00:00,500.95653914543544
2011-11-25 18:00:00,422.47736180634024
2011-11-25 19:00:00,270.9578128080333
2011-11-25 20:00:00,168.90102092910797
2011-11-25 21:00:00,125.88485222647493
2011-11-25 22:00:00,111.73516796896926
2011-11-25 23:00:00,83.35716441496601
2011-11-26 00:00:00,75.06176622658637
2011-11-26 01:00:00,57.74820551095475
2011-11-26 02:00:00,42.93229093374603
2011-11-26 03:00:00,20.66325856985724
2011-11-26 04:00:00,9.683908887777424
2011-11-26 05:00:00,10.621160565394375
2011-11-26 06:00:00,8.300506256689811
2011-11-26 07:00:00,60.515548009556575
2011-11-26 08:00:00,101.77567180123307
2011-11-26 09:00:00,170.9555903859308
2011-11-26 10:00:00,211.7749003403633
2011-11-26 11:00:00,263.0894062146042
2011-11-26 12:00:00,342.45249454740093
2011-11-26 13:00:00,377.45784228230787
2011-11-26 14:00:00,338.831717092265
2011-11-26 15:00:00,357.966268938901
2011-11-26 16:00:00,331.964743167234
2011-11-26 17:00:00,296.6984424758698
2011-11-26 18:00:00,247.41556436265776
2011-11-26 19:00:00,192.08504060093782
2011-11-26 20:00:00,166.6664254497888
2011-11-26 21:00:00,106.61731327140795
2011-11-26 22:00:00,102.37812517941693
2011-11-26 23:00:00,79.6777199769211
2011-11-27 00:00:00,80.50043165250113
2011-11-27 01:00:00,62.3778205611378
2011-11-27 02:00:00,46.902945906018765
2011-11-27 03:00:00,21.883152378305194
2011-11-27 04:00:00,12.417185477251298
2011-11-27 05:00:00,12.530654295481234
2011-11-27 06:00:00,5.382835767648564
2011-11-27 07:00:00,62.931005842432754
2011-11-27 08:00:00,76.88058909175496
2011-11-27 09:00:00,151.59008787979027
2011-11-27 10:00:00,270.45187450209056
2011-11-27 11:00:00,329.65662802819713
2011-11-27 12:00:00,356.02757664246104
2011-11-27 13:00:00,368.1182356206116
2011-11-27 14:00:00,418.09007828619195
2011-11-27 15:00:00,428.4207538829176
2011-11-27 16:00:00,395.46410012863566
2011-11-27 17:00:00,322.95106217974336
2011-11-27 18:00:00,262.76275819170945
2011-11-27 19:00:00,209.65093779206995
2011-11-27 20:00:00,174.23281949045116
2011-11-27 21:00:00,122.52576087773434
2011-11-27 22:00:00,92.41002538398614
2011-11-27 23:00:00,69.96882143425407
2011-11-28 00:00:00,36.95636441694812
2011-11-28 01:00:00,17.955621146551948
2011-11-28 03:00:00,5.831149474623387
2011-11-28 04:00:00,12.460046112652565
2011-11-28 05:00:00,19.203493544037812
2011-11-28 06:00:00,108.70658468271746
2011-11-28 07:00:00,261.2928425427272
2011-11-28 08:00:00,426.02073560676956
2011-11-28 09:00:00,201.72348401021912
2011-11-28 10:00:00,127.27651208792047
2011-11-28 11:00:00,143.92666471575944
2011-11-28 12:00:00,183.45227127981653
2011-11-28 13:00:00,184.84483123397965
2011-11-28 14:00:00,182.63768436256865
2011-11-28 15:00:00,180.87492857887486
2011-11-28 16:00:00,283.0891064005858
2011-11-28 17:00:00,552.9144278269395
2011-11-28 18:00:00,543.8649928675055
2011-11-28 19:00:00,327.8089259527646
2011-11-28 20:00:00,234.26259693796058
2011-11-28 21:00:00,174.62934200544402
2011-11-28 22:00:00,125.4584310116079
2011-11-28 23:00:00,74.39940458383607
2011-11-29 00:00:00,33.33902546872262
2011-11-29 01:00:00,15.210839094709206
2011-11-29 02:00:00,8.66605525564936
2011-11-29 03:00:00,5.691317608070886
2011-11-29 04:00:00,3.6622772125337724
2011-11-29 05:00:00,22.485605690238124
2011-11-29 06:00:00,111.40531650615432
2011-11-29 07:00:00,293.6908590897716
2011-11-29 08:00:00,474.5033400919366
2011-11-29 09:00:00,164.57737695600122
2011-11-29 10:00:00,101.68792766992729
2011-11-29 11:00:00,75.06415956606737
2011-11-29 12:00:00,50.78883028840458
2011-11-29 13:00:00,56.38622702411254
2011-11-29 14:00:00,64.70893154982849
2011-11-29 15:00:00,66.48945751461642
2011-11-29 16:00:00,84.46678587919492
2011-11-29 17:00:00,305.9498638270948
2011-11-29 18:00:00,322.8773937627067
2011-11-29 19:00:00,225.22229081777553
2011-11-29 20:00:00,149.0328054203735
2011-11-29 21:00:00,102.70609030725464
2011-11-29 22:00:00,99.23679577005193
2011-11-29 23:00:00,47.74164680572968
2011-11-30 00:00:00,28.73901665839275
2011-11-30 01:00:00,17.064198016587675
2011-11-30 02:00:00,8.68550118898257
2011-11-30 03:00:00,7.730820978781415
2011-11-30 04:00:00,4.426192565323143
2011-11-30 05:00:00,18.986012044490142
2011-11-30 06:00:00,78.6352772064852
2011-11-30 07:00:00,231.2826457862582
2011-11-30 08:00:00,404.6638929870002
2011-11-30 09:00:00,229.99480922435666
2011-11-30 10:00:00,129.10869193803072
2011-11-30 11:00:00,152.45433884079156
2011-11-30 12:00:00,153.76586381610338
2011-11-30 13:00:00,157.07558260221504
2011-11-30 14:00:00,148.55054967375574
2011-11-30 15:00:00,163.16982069288426
2011-11-30 16:00:00,204.88019753284837
2011-11-30 17:00:00,339.47205519543894
2011-11-30 18:00:00,333.1902746160409
2011-11-30 19:00:00,226.0839724556476
2011-11-30 20:00:00,147.0165073383001
2011-11-30 21:00:00,108.83733406428438
2011-11-30 22:00:00,81.9669217392051
2011-11-30 23:00:00,48.071235931438984
2011-12-20 00:00:00,30.041560542801243
2011-12-20 01:00:00,15.489613255812474
2011-12-20 02:00:00,9.02222595776411
2011-12-20 03:00:00,8.067545747562956
2011-12-20 04:00:00,10.321023830455827
2011-12-20 05:00:00,22.881612237524735
2011-12-20 06:00:00,95.48866709935304
2011-12-20 07:00:00,244.38593863845406
2011-12-20 08:00:00,460.7812988177913
2011-12-20 09:00:00,241.52698879596966
2011-12-20 10:00:00,127.8038276603197
2011-12-20 11:00:00,145.9952820998536
2011-12-20 12:00:00,165.3554134289678
2011-12-20 13:00:00,164.96494345611148
2011-12-20 14:00:00,152.96602286288802
2011-12-20 15:00:00,156.71437869512667
2011-12-20 16:00:00,240.11600650122014
2011-12-20 17:00:00,392.0512235496303
2011-12-20 18:00:00,386.581162341917
2011-12-20 19:00:00,285.3238620533285
2011-12-20 20:00:00,185.94930760292326
2011-12-20 21:00:00,136.12413702142916
2011-12-20 22:00:00,104.38656080014023
2011-12-20 23:00:00,72.00911274884788
2011-12-21 00:00:00,20.351970958453407
2011-12-21 01:00:00,10.399971378562343
2011-12-21 02:00:00,5.764346234121569
2011-12-21 03:00:00,4.809666023920416
2011-12-21 04:00:00,4.9378015530693276
2011-12-21 05:00:00,17.18514003401382
2011-12-21 06:00:00,85.81435764909868
2011-12-21 07:00:00,211.86970552149188
2011-12-21 08:00:00,196.97669586938173
2011-12-21 09:00:00,184.59465881811806
2011-12-21 10:00:00,104.92723706790342
2011-12-21 11:00:00,111.37466693684667
2011-12-21 12:00:00,48.55396987636308
2011-12-21 13:00:00,28.722621214811447
2011-12-21 14:00:00,115.61440080820054
2011-12-21 15:00:00,124.46005316093309
2011-12-21 16:00:00,51.9862593537545
2011-12-21 17:00:00,93.53509335621553
2011-12-21 18:00:00,184.78526499699598
2011-12-21 19:00:00,169.1365694250865
2011-12-21 20:00:00,146.63398872033545
2011-12-21 21:00:00,155.41166488667324
2011-12-21 22:00:00,118.76759512181444
2011-12-21 23:00:00,74.976777268083
2011-12-22 00:00:00,25.911744927938795
2011-12-22 01:00:00,9.472050827440388
2011-12-22 02:00:00,4.35553402047466
2011-12-22 03:00:00,5.013458357413278
2011-12-22 04:00:00,3.9843440699291652
2011-12-22 05:00:00,18.01342317866758
2011-12-22 06:00:00,89.99427200299529
2011-12-22 07:00:00,210.32494639475752
2011-12-22 08:00:00,370.48790261449705
2011-12-22 09:00:00,192.72069537067424
2011-12-22 10:00:00,95.60819702479706
2011-12-22 11:00:00,120.49993709403707
2011-12-22 12:00:00,133.50364791373855
2011-12-22 13:00:00,136.35248070062704
2011-12-22 14:00:00,136.3408412094364
2011-12-22 15:00:00,125.16753206766788
2011-12-22 16:00:00,201.04060824481374
2011-12-22 17:00:00,364.63560506723405
2011-12-22 18:00:00,367.8765370436212
2011-12-22 19:00:00,244.4956316436538
2011-12-22 20:00:00,87.04283591637092
2011-12-22 21:00:00,67.31632582418554
2011-12-22 22:00:00,47.48213069235752
2011-12-22 23:00:00,47.34788004360886
2011-12-23 00:00:00,29.805786047378035
2011-12-23 01:00:00,14.965884192533636
2011-12-23 02:00:00,5.6722724222298355
2011-12-23 03:00:00,2.789094279581148
2011-12-23 04:00:00,0.0
2011-12-23 05:00:00,11.659440342940794
2011-12-23 06:00:00,89.23379513325584
2011-12-23 07:00:00,212.8924955960848
2011-12-23 08:00:00,352.2369285930038
2011-12-23 09:00:00,214.1839642832081
2011-12-23 10:00:00,122.98664893991287
2011-12-23 11:00:00,136.36853264358484
2011-12-23 12:00:00,155.20424902807721
2011-12-23 13:00:00,149.3130914564117
2011-12-23 14:00:00,152.71399003283105
2011-12-23 15:00:00,159.0719553264233
2011-12-23 16:00:00,181.00504939374056
2011-12-23 17:00:00,306.5276726317613
2011-12-23 18:00:00,275.01506071688556
2011-12-23 19:00:00,192.8142305451839
2011-12-23 20:00:00,128.6414465574022
2011-12-23 21:00:00,99.87038726754982
2011-12-23 22:00:00,88.9863063522118
2011-12-23 23:00:00,74.69622035968709
2011-12-24 00:00:00,58.94330587962236
2011-12-24 01:00:00,48.03671867411684
2011-12-24 02:00:00,37.008725409155296
2011-12-24 03:00:00,14.739693045266497
2011-12-24 04:00:00,6.444198711535377
2011-12-24 05:00:00,8.42927462598701
2011-12-24 06:00:00,4.134663301239769
2011-12-24 07:00:00,39.551101925044385
2011-12-24 08:00:00,62.94432811988522
2011-12-24 09:00:00,103.30570544270746
2011-12-24 10:00:00,147.03121493429109
2011-12-24 11:00:00,188.2344141203535
2011-12-24 12:00:00,231.49488145467868
2011-12-24 13:00:00,227.45369974556363
2011-12-24 14:00:00,226.89641087639086
2011-12-24 15:00:00,218.2978171592687
2011-12-24 16:00:00,224.120707465883
2011-12-24 17:00:00,160.71574205352297
2011-12-24 18:00:00,156.77075031845536
2011-12-24 19:00:00,145.36767510910445
2011-12-24 20:00:00,104.5329886203726
2011-12-24 21:00:00,84.5514456983203
2011-12-24 22:00:00,67.81905387862363
2011-12-24 23:00:00,60.872148162412124
2011-12-25 00:00:00,54.269186160083294
2011-12-25 01:00:00,43.92994180170749
2011-12-25 02:00:00,33.89775287148015
2011-12-25 03:00:00,15.003343839815578
2011-12-25 05:00:00,6.359158771680944
2011-12-25 06:00:00,4.488266345377985
2011-12-25 07:00:00,21.457284858375253
2011-12-25 08:00:00,36.585126466146576
2011-12-25 09:00:00,75.38927308510897
2011-12-25 10:00:00,134.66751409436503
2011-12-25 11:00:00,195.6568651147571
2011-12-25 12:00:00,167.39040561995398
2011-12-25 13:00:00,198.43592961709066
2011-12-25 14:00:00,200.57194065556777
2011-12-25 15:00:00,211.30619734574063
2011-12-25 16:00:00,208.66173413402237
2011-12-25 17:00:00,172.10034428720422
2011-12-25 18:00:00,131.4284659956845
2011-12-25 19:00:00,127.09843720086211
2011-12-25 20:00:00,98.92602679587054
2011-12-25 21:00:00,61.60398302651066
2011-12-25 22:00:00,41.306749031208035
2011-12-25 23:00:00,33.16392543999085
2011-12-26 00:00:00,32.201527733165705
2011-12-26 01:00:00,18.816293015244707
2011-12-26 02:00:00,14.54697794619056
2011-12-26 04:00:00,1.2700477159049566
2011-12-26 05:00:00,4.347837967904549
2011-12-26 06:00:00,17.773990947412372
2011-12-26 07:00:00,97.37518536040355
2011-12-26 08:00:00,189.79153399708775
2011-12-26 09:00:00,140.78701855181689
2011-12-26 10:00:00,141.241666715146
2011-12-26 11:00:00,162.90748554759642
2011-12-26 12:00:00,185.53283909803056
2011-12-26 13:00:00,192.10580721131794
2011-12-26 14:00:00,189.76631965005268
2011-12-26 15:00:00,189.6187982317353
2011-12-26 16:00:00,194.35918943394262
2011-12-26 17:00:00,197.94824149189864
2011-12-26 18:00:00,199.38959750692484
2011-12-26 19:00:00,176.26924007226458
2011-12-26 20:00:00,150.05410022356216
2011-12-26 21:00:00,103.3138466445192
2011-12-26 22:00:00,70.27076140597106
2011-12-26 23:00:00,32.045492865240604
2011-12-27 00:00:00,19.105851205488676
2011-12-27 01:00:00,9.645521514219483
2011-12-27 02:00:00,4.477364448271671
2011-12-27 03:00:00,4.752808698983451
2011-12-27 04:00:00,4.752808698983451
2011-12-27 05:00:00,13.52504390510237
2011-12-27 06:00:00,74.54251569862366
2011-12-27 07:00:00,198.1476121606609
2011-12-27 08:00:00,373.25671969172697
2011-12-27 09:00:00,122.90875212073037
2011-12-27 10:00:00,95.65827715790952
2011-12-27 11:00:00,45.03668620708348
2011-12-27 12:00:00,62.34064448219363
2011-12-27 13:00:00,61.87665942039373
2011-12-27 14:00:00,33.12751985836449
2011-12-27 15:00:00,36.12259711439308
2011-12-27 16:00:00,71.0893371445702
2011-12-27 17:00:00,165.69159649585094
2011-12-27 18:00:00,269.0441760802929
2011-12-27 19:00:00,207.82528378528477
2011-12-27 20:00:00,143.5376478086699
2011-12-27 21:00:00,110.24061553927581
2011-12-27 22:00:00,89.02430865058729
2011-12-27 23:00:00,47.028486437565775
2011-12-28 00:00:00,20.341530228569695
2011-12-28 01:00:00,10.605199336789896
2011-12-28 02:00:00,5.815122064790593
2011-12-28 03:00:00,4.86044185458944
2011-12-28 05:00:00,14.841034143601066
2011-12-28 06:00:00,78.72426234866685
2011-12-28 07:00:00,208.61072877358527
2011-12-28 08:00:00,377.59814032490317
2011-12-28 09:00:00,199.6249269913505
2011-12-28 10:00:00,107.7882563503802
2011-12-28 11:00:00,114.56391615687663
2011-12-28 12:00:00,118.63619159460967
2011-12-28 13:00:00,117.86032857983433
2011-12-28 14:00:00,109.29810455973562
2011-12-28 15:00:00,113.07371608682134
2011-12-28 16:00:00,138.53957587278137
2011-12-28 17:00:00,259.74775917410557
2011-12-28 18:00:00,251.7784675896261
2011-12-28 19:00:00,173.45174547409388
2011-12-28 20:00:00,132.24781392687441
2011-12-28 21:00:00,99.09150956182621
2011-12-28 22:00:00,70.96053955529669
2011-12-28 23:00:00,41.44359957997637
2011-12-29 00:00:00,17.87167577520566
2011-12-29 01:00:00,8.008717462062629
2011-12-29 02:00:00,3.79334470319558
2011-12-29 03:00:00,1.885880185913661
2011-12-29 04:00:00,1.885880185913661
2011-12-29 05:00:00,13.83757322615433
2011-12-29 06:00:00,63.53760283966722
2011-12-29 07:00:00,182.21750405705828
2011-12-29 08:00:00,342.7422953625419
2011-12-29 09:00:00,176.68494448102803
2011-12-29 10:00:00,80.84896954632777
2011-12-29 11:00:00,92.15283977058513
2011-12-29 12:00:00,107.76929134968928
2011-12-29 13:00:00,110.37543896668109
2011-12-29 14:00:00,115.64811262674144
2011-12-29 15:00:00,117.09057985804725
2011-12-29 16:00:00,155.151813997401
2011-12-29 17:00:00,288.6824532950565
2011-12-29 18:00:00,275.55647760930196
2011-12-29 19:00:00,199.3013170787197
2011-12-29 20:00:00,134.6389636314079
2011-12-29 21:00:00,97.76210976991581
2011-12-29 22:00:00,78.35729009628292
2011-12-29 23:00:00,57.39428503601553
2011-12-30 00:00:00,26.901174432430174
2011-12-30 01:00:00,14.332571662560122
2011-12-30 02:00:00,6.535401927783827
2011-12-30 03:00:00,3.652223785135141
2011-12-30 04:00:00,3.652223785135141
2011-12-30 05:00:00,11.493406643128914
2011-12-30 06:00:00,67.11788792099604
2011-12-30 07:00:00,182.8396766118807
2011-12-30 08:00:00,327.652582776631
2011-12-30 09:00:00,206.57341228374383
2011-12-30 10:00:00,109.06673433603794
2011-12-30 11:00:00,131.73105342519221
2011-12-30 12:00:00,150.74705036556443
2011-12-30 13:00:00,146.29389743201708
2011-12-30 14:00:00,147.9028553997977
2011-12-30 15:00:00,166.67195338369643
2011-12-30 16:00:00,221.46333395944376
2011-12-30 17:00:00,317.66468385747027
2011-12-30 18:00:00,292.52367201515705
2011-12-30 19:00:00,163.29904516421396
2011-12-30 20:00:00,132.0228203467425
2011-12-30 21:00:00,99.17760310543802
2011-12-30 22:00:00,91.73000368338073
2011-12-30 23:00:00,70.44067065902951
2011-12-31 00:00:00,61.22876244220683
2011-12-31 01:00:00,47.04625751992866
2011-12-31 02:00:00,36.018264254967114
2011-12-31 03:00:00,13.749231891078313
2011-12-31 04:00:00,5.6637969855555665
2011-12-31 05:00:00,6.187073994288389
2011-12-31 06:00:00,1.050927536152229
2011-12-31 07:00:00,29.408546780928603
2011-12-31 08:00:00,83.41154097893511
2011-12-31 09:00:00,133.66741006274182
2011-12-31 10:00:00,183.90536624224603
2011-12-31 11:00:00,241.31174219675873
2011-12-31 12:00:00,346.5577017444328
2011-12-31 13:00:00,336.49203494099663
2011-12-31 14:00:00,268.8213024971255
2011-12-31 15:00:00,282.683845424376
2011-12-31 16:00:00,269.3457031706094
2011-12-31 17:00:00,232.6798306257018
2011-12-31 18:00:00,208.0440743177192
2011-12-31 19:00:00,180.10617812346354
2011-12-31 20:00:00,154.79691423515956
2011-12-31 21:00:00,105.52349381753503
2011-12-31 22:00:00,94.96283389468844
2011-12-31 23:00:00,75.35695693725118
2012-01-20 00:00:00,29.721420291243664
2012-01-20 01:00:00,17.947728450245013
2012-01-20 02:00:00,12.133435293203789
2012-01-20 03:00:00,8.942996492115984
2012-01-20 04:00:00,8.095515006143982
2012-01-20 05:00:00,17.479569856808574
2012-01-20 06:00:00,72.0351029514921
2012-01-20 07:00:00,195.77348641003294
2012-01-20 08:00:00,411.8920502304501
2012-01-20 09:00:00,209.90892533130412
2012-01-20 10:00:00,121.01363267712458
2012-01-20 11:00:00,127.57484577262491
2012-01-20 12:00:00,148.2180395290229
2012-01-20 13:00:00,152.1560388090606
2012-01-20 14:00:00,140.01806996054714
2012-01-20 15:00:00,139.05776768942877
2012-01-20 16:00:00,155.44071929591706
2012-01-20 17:00:00,259.66403069157553
2012-01-20 18:00:00,256.5407249992766
2012-01-20 19:00:00,189.6122968922164
2012-01-20 20:00:00,128.33403032856808
2012-01-20 21:00:00,98.24734619484096
2012-01-20 22:00:00,79.08722043462117
2012-01-20 23:00:00,40.58276618458828
2012-01-21 00:00:00,43.02560430369309
2012-01-21 01:00:00,31.628474237422466
2012-01-21 02:00:00,22.65258251749352
2012-01-21 03:00:00,7.583934246963401
2012-01-21 04:00:00,3.612511910153157
2012-01-21 05:00:00,5.273017455223119
2012-01-21 06:00:00,0.9949962190472537
2012-01-21 07:00:00,25.67945943496489
2012-01-21 08:00:00,50.86195167551905
2012-01-21 09:00:00,78.97303501748974
2012-01-21 10:00:00,88.97604827363853
2012-01-21 11:00:00,154.9585525355978
2012-01-21 12:00:00,181.72270797016833
2012-01-21 13:00:00,151.05777922402407
2012-01-21 14:00:00,120.46278562038735
2012-01-21 15:00:00,121.67644956390095
2012-01-21 16:00:00,145.80238976001624
2012-01-21 17:00:00,120.05261703853988
2012-01-21 18:00:00,128.5001187321075
2012-01-21 19:00:00,85.7383459142068
2012-01-21 20:00:00,82.29419002528459
2012-01-21 21:00:00,56.11945286963398
2012-01-21 22:00:00,64.17960788618913
2012-01-21 23:00:00,47.69609090850993
2012-01-22 00:00:00,46.424015268816184
2012-01-22 01:00:00,39.45745155870266
2012-01-22 02:00:00,29.744044735557246
2012-01-22 03:00:00,15.177430393979266
2012-01-22 04:00:00,0.0
2012-01-22 05:00:00,0.0
2012-01-22 06:00:00,0.3562183297394833
2012-01-22 07:00:00,20.653864626394817
2012-01-22 08:00:00,38.937773201248184
2012-01-22 09:00:00,64.360271603706
2012-01-22 10:00:00,104.5330894631999
2012-01-22 11:00:00,78.39799699590365
2012-01-22 12:00:00,122.28945419445198
2012-01-22 13:00:00,163.946929494544
2012-01-22 14:00:00,150.81056175695846
2012-01-22 15:00:00,126.06808306134162
2012-01-22 16:00:00,119.05560048775915
2012-01-22 17:00:00,113.19488505344249
2012-01-22 18:00:00,83.13332051595727
2012-01-22 19:00:00,78.1859419432508
2012-01-22 20:00:00,44.386884069640026
2012-01-22 21:00:00,36.24274562599641
2012-01-22 22:00:00,43.761873617639814
2012-01-22 23:00:00,26.683777188495142
2012-01-23 00:00:00,17.3043842108707
2012-01-23 01:00:00,9.020901803719099
2012-01-23 02:00:00,6.811830518747262
2012-01-23 03:00:00,5.8571503085461085
2012-01-23 04:00:00,3.55690502829776
2012-01-23 05:00:00,12.184924901381732
2012-01-23 06:00:00,61.5067197084265
2012-01-23 07:00:00,132.59826766392015
2012-01-23 08:00:00,339.46614867887354
2012-01-23 09:00:00,195.55217576355287
2012-01-23 10:00:00,104.4358989759889
2012-01-23 11:00:00,109.01607234086552
2012-01-23 12:00:00,121.9462331402062
2012-01-23 13:00:00,78.73143567495616
2012-01-23 14:00:00,57.62279413956007
2012-01-23 15:00:00,98.45928770451285
2012-01-23 16:00:00,136.6465097567397
2012-01-23 17:00:00,202.8637041215383
2012-01-23 18:00:00,204.6531467013317
2012-01-23 19:00:00,173.15526830785277
2012-01-23 20:00:00,116.70807721120201
2012-01-23 21:00:00,56.64017207301972
2012-01-23 22:00:00,39.82340198710062
2012-01-23 23:00:00,20.80515406180284
2012-01-24 00:00:00,12.545950162192616
2012-01-24 01:00:00,6.286453878111492
2012-01-24 02:00:00,2.299576477747633
2012-01-24 03:00:00,3.912553699417893
2012-01-24 04:00:00,3.912553699417893
2012-01-24 05:00:00,10.684429636698109
2012-01-24 06:00:00,75.8786248673405
2012-01-24 07:00:00,200.5034438550503
2012-01-24 08:00:00,407.6756137730566
2012-01-24 09:00:00,197.6228379932821
2012-01-24 10:00:00,119.63460242521529
2012-01-24 11:00:00,130.2605901796949
2012-01-24 12:00:00,147.47217913681646
2012-01-24 13:00:00,147.08170916396014
2012-01-24 14:00:00,137.11294552590002
2012-01-24 15:00:00,147.97501860111308
2012-01-24 16:00:00,189.49968650150896
2012-01-24 17:00:00,411.00857730242205
2012-01-24 18:00:00,380.54949251936694
2012-01-24 19:00:00,287.9517056473019
2012-01-24 20:00:00,157.4124295545249
2012-01-24 21:00:00,134.43421992444274
2012-01-24 22:00:00,88.03777824288633
2012-01-24 23:00:00,53.24862064148264
2012-01-25 00:00:00,18.586591709195364
2012-01-25 01:00:00,12.593307088881392
2012-01-25 02:00:00,10.384235803909565
2012-01-25 03:00:00,6.602433278145052
2012-01-25 04:00:00,7.601788030668953
2012-01-25 05:00:00,18.678208901953194
2012-01-25 06:00:00,72.94640941712956
2012-01-25 07:00:00,201.58172105825935
2012-01-25 08:00:00,436.16188709625186
2012-01-25 09:00:00,205.08291383792522
2012-01-25 10:00:00,116.45658998581554
2012-01-25 11:00:00,112.30100767780479
2012-01-25 12:00:00,148.00330341005517
2012-01-25 13:00:00,160.09685602363243
2012-01-25 14:00:00,151.3472094898223
2012-01-25 15:00:00,167.76364405384456
2012-01-25 16:00:00,186.02127645789656
2012-01-25 17:00:00,381.02272468004105
2012-01-25 18:00:00,330.15321407913564
2012-01-25 19:00:00,252.62409002013302
2012-01-25 20:00:00,156.06215622857724
2012-01-25 21:00:00,126.12736923187046
2012-01-25 22:00:00,90.31520653216671
2012-01-25 23:00:00,51.67388652364497
2012-01-26 00:00:00,17.077684269158045
2012-01-26 01:00:00,9.064474886594393
2012-01-26 02:00:00,6.585130577034604
2012-01-26 03:00:00,5.6304503668334505
2012-01-26 04:00:00,8.094937613437857
2012-01-26 05:00:00,13.932387590967096
2012-01-26 06:00:00,81.11695740035216
2012-01-26 07:00:00,206.61966007266892
2012-01-26 08:00:00,437.8768723963199
2012-01-26 09:00:00,214.58854615519417
2012-01-26 10:00:00,110.74164601024442
2012-01-26 11:00:00,110.97326041255317
2012-01-26 12:00:00,143.32575679856316
2012-01-26 13:00:00,161.51537047224502
2012-01-26 14:00:00,147.45612173635712
2012-01-26 15:00:00,162.52974688041834
2012-01-26 16:00:00,169.3052897197999
2012-01-26 17:00:00,387.8755189240628
2012-01-26 18:00:00,388.52008149488813
2012-01-26 19:00:00,252.08394942039305
2012-01-26 20:00:00,149.8865047020192
2012-01-26 21:00:00,113.43658373260239
2012-01-26 22:00:00,100.80716978187417
2012-01-26 23:00:00,66.34096925778238
2012-01-27 00:00:00,29.81171909236285
2012-01-27 01:00:00,11.857754006435455
2012-01-27 02:00:00,11.66731620952376
2012-01-27 03:00:00,0.0
2012-01-27 04:00:00,0.7089337526334154
2012-01-27 05:00:00,7.86001383860596
2012-01-27 06:00:00,77.11516934260662
2012-01-27 07:00:00,225.2215149089098
2012-01-27 08:00:00,343.21866302460415
2012-01-27 09:00:00,131.16092290211833
2012-01-27 10:00:00,94.36319013705794
2012-01-27 11:00:00,189.7803864652936
2012-01-27 12:00:00,227.2698630431804
2012-01-27 13:00:00,228.3277464338974
2012-01-27 14:00:00,219.12437840986834
2012-01-27 15:00:00,222.15056811438353
2012-01-27 16:00:00,229.27812002825817
2012-01-27 17:00:00,403.7697835825454
2012-01-27 18:00:00,318.0674313129403
2012-01-27 19:00:00,250.69936384622707
2012-01-27 20:00:00,145.90590656209423
2012-01-27 21:00:00,99.57023521411871
2012-01-27 22:00:00,94.72312072329483
2012-01-27 23:00:00,68.60162981764591
2012-01-28 00:00:00,48.67571060516402
2012-01-28 01:00:00,40.399695673737526
2012-01-28 02:00:00,28.77131953617698
2012-01-28 03:00:00,13.66280449509232
2012-01-28 04:00:00,9.731248928836608
2012-01-28 05:00:00,11.481194527789174
2012-01-28 06:00:00,13.904949706741114
2012-01-28 07:00:00,58.506701275562605
2012-01-28 08:00:00,80.40149652252859
2012-01-28 09:00:00,108.17783063154637
2012-01-28 10:00:00,157.92071161992345
2012-01-28 11:00:00,209.1274364307484
2012-01-28 12:00:00,188.41506844091452
2012-01-28 13:00:00,243.7469065255266
2012-01-28 14:00:00,268.7908427568274
2012-01-28 15:00:00,283.77520849725005
2012-01-28 16:00:00,320.6856114809887
2012-01-28 17:00:00,277.40147280145237
2012-01-28 18:00:00,249.94340216000103
2012-01-28 19:00:00,180.5269097039796
2012-01-28 20:00:00,136.74095227622558
2012-01-28 21:00:00,107.02808784644206
2012-01-28 22:00:00,96.50336692159622
2012-01-28 23:00:00,68.46331408122121
2012-01-29 00:00:00,58.27288782277273
2012-01-29 01:00:00,44.414930517161274
2012-01-29 02:00:00,34.701523694015854
2012-01-29 03:00:00,18.21106006183137
2012-01-29 04:00:00,10.514926307336287
2012-01-29 05:00:00,7.4853376618950875
2012-01-29 06:00:00,19.08148518524066
2012-01-29 07:00:00,55.401086921899086
2012-01-29 08:00:00,68.564048195229
2012-01-29 09:00:00,101.1470724631988
2012-01-29 10:00:00,155.61578577915586
2012-01-29 11:00:00,157.36098084023797
2012-01-29 12:00:00,206.23057759126112
2012-01-29 13:00:00,207.1430500014671
2012-01-29 14:00:00,202.58872864578774
2012-01-29 15:00:00,257.42077627593017
2012-01-29 16:00:00,254.15236794326412
2012-01-29 17:00:00,212.48244724306198
2012-01-29 18:00:00,163.59860743088848
2012-01-29 19:00:00,147.27932577294158
2012-01-29 20:00:00,100.93571166950981
2012-01-29 21:00:00,78.90993004849176
2012-01-29 22:00:00,40.6211660701919
2012-01-29 23:00:00,43.63783448769804
2012-01-30 00:00:00,12.479864965585824
2012-01-30 01:00:00,6.792431687584934
2012-01-30 02:00:00,4.016458190710983
2012-01-30 03:00:00,3.6171888083646686
2012-01-30 04:00:00,2.654855589511292
2012-01-30 05:00:00,11.605035151632473
2012-01-30 06:00:00,63.00986755820191
2012-01-30 07:00:00,182.5581685559091
2012-01-30 08:00:00,395.8675664356519
2012-01-30 09:00:00,190.6940882771284
2012-01-30 10:00:00,109.30996533535718
2012-01-30 11:00:00,113.83873998446903
2012-01-30 12:00:00,128.9961132448403
2012-01-30 13:00:00,135.24635979912975
2012-01-30 14:00:00,138.11834757304916
2012-01-30 15:00:00,131.27374588760134
2012-01-30 16:00:00,185.3314895399454
2012-01-30 17:00:00,385.5705922878569
2012-01-30 18:00:00,372.1465399188298
2012-01-30 19:00:00,225.00185012317942
2012-01-30 20:00:00,154.73451279474648
2012-01-30 21:00:00,118.89609811665116
2012-01-30 22:00:00,65.1275437855894
2012-01-30 23:00:00,35.98019634937275
2012-01-31 00:00:00,19.227954775977473
2012-01-31 01:00:00,14.333789452976303
2012-01-31 02:00:00,13.035754089498035
2012-01-31 03:00:00,8.868496628351277
2012-01-31 04:00:00,7.802807643473339
2012-01-31 05:00:00,19.137195474034193
2012-01-31 06:00:00,81.43106711485417
2012-01-31 07:00:00,199.62255675432394
2012-01-31 08:00:00,421.4564521598117
2012-01-31 09:00:00,220.90737159481498
2012-01-31 10:00:00,112.61379315732484
2012-01-31 11:00:00,155.98541773437753
2012-01-31 12:00:00,169.53019052745134
2012-01-31 13:00:00,194.74159124520932
2012-01-31 14:00:00,186.7898288895977
2012-01-31 15:00:00,184.77213242573873
2012-01-31 16:00:00,273.94843002641005
2012-01-31 17:00:00,481.3022561203569
2012-01-31 18:00:00,478.47925191997894
2012-01-31 19:00:00,328.83619883029536
2012-01-31 20:00:00,176.76471145743412
2012-01-31 21:00:00,176.36624886044558
2012-01-31 22:00:00,111.36674090105691
2012-01-31 23:00:00,72.35098992001646
2012-02-20 00:00:00,38.962642038494785
2012-02-20 01:00:00,30.679159631343182
2012-02-20 02:00:00,20.663787160272328
2012-02-20 03:00:00,9.478553877870818
2012-02-20 05:00:00,7.6069974222403935
2012-02-20 06:00:00,27.07732345342914
2012-02-20 07:00:00,88.10744412510071
2012-02-20 08:00:00,182.5447249343564
2012-02-20 09:00:00,135.3962104249129
2012-02-20 10:00:00,139.05715553886458
2012-02-20 11:00:00,162.87304080535984
2012-02-20 12:00:00,187.41259901611448
2012-02-20 13:00:00,202.01475321607555
2012-02-20 14:00:00,198.14165182991337
2012-02-20 15:00:00,223.75674433232507
2012-02-20 16:00:00,257.634355747001
2012-02-20 17:00:00,292.8445404266033
2012-02-20 18:00:00,260.04235179898495
2012-02-20 19:00:00,220.09580761882256
2012-02-20 20:00:00,162.81142475485868
2012-02-20 21:00:00,120.60214139700925
2012-02-20 22:00:00,90.28524227097517
2012-02-20 23:00:00,47.83567233605658
2012-02-21 00:00:00,21.258493342558452
2012-02-21 01:00:00,12.97501093540684
2012-02-21 02:00:00,7.8068538694590215
2012-02-21 04:00:00,5.73339347183542
2012-02-21 05:00:00,21.873765102363116
2012-02-21 06:00:00,82.94796421680306
2012-02-21 07:00:00,235.69477680918206
2012-02-21 08:00:00,464.9850821317598
2012-02-21 09:00:00,239.033330118114
2012-02-21 10:00:00,110.84823986667949
2012-02-21 11:00:00,122.09808594496253
2012-02-21 12:00:00,130.24893508928935
2012-02-21 13:00:00,157.30556316339948
2012-02-21 14:00:00,123.89380325673841
2012-02-21 15:00:00,154.85105133321625
2012-02-21 16:00:00,207.04596316742075
2012-02-21 17:00:00,412.5490502783881
2012-02-21 18:00:00,412.5865851573772
2012-02-21 19:00:00,292.4917333180648
2012-02-21 20:00:00,181.48524867766463
2012-02-21 21:00:00,150.1816425202231
2012-02-21 22:00:00,108.26274260951104
2012-02-21 23:00:00,54.401756194804655
2012-02-22 00:00:00,24.37285790643582
2012-02-22 01:00:00,16.083647323361554
2012-02-22 02:00:00,9.399903121211802
2012-02-22 03:00:00,7.496286341081415
2012-02-22 04:00:00,7.521161160806532
2012-02-22 05:00:00,23.54728406719606
2012-02-22 06:00:00,107.85548019643059
2012-02-22 07:00:00,265.8423635459314
2012-02-22 08:00:00,504.3941624391171
2012-02-22 09:00:00,267.8882389177013
2012-02-22 10:00:00,129.1477783227309
2012-02-22 11:00:00,152.28154651560106
2012-02-22 12:00:00,168.55291549147557
2012-02-22 13:00:00,168.3502258857997
2012-02-22 14:00:00,164.67044903652993
2012-02-22 15:00:00,208.94257896778106
2012-02-22 16:00:00,289.9436686017238
2012-02-22 17:00:00,528.6757929547208
2012-02-22 18:00:00,494.66902288388053
2012-02-22 19:00:00,294.51821870955075
2012-02-22 20:00:00,210.30725422199325
2012-02-22 21:00:00,186.67310477335883
2012-02-22 22:00:00,129.1884952189536
2012-02-22 23:00:00,69.42756597583208
2012-02-23 00:00:00,28.455779153465475
2012-02-23 01:00:00,14.139558134449183
2012-02-23 02:00:00,13.593031579452258
2012-02-23 03:00:00,7.384683846697824
2012-02-23 04:00:00,7.959192650553631
2012-02-23 05:00:00,24.57583704611562
2012-02-23 06:00:00,108.74823975357128
2012-02-23 07:00:00,304.22785868713623
2012-02-23 08:00:00,536.5424358832576
2012-02-23 09:00:00,272.849234123369
2012-02-23 10:00:00,149.7097492584887
2012-02-23 11:00:00,175.8557459568152
2012-02-23 12:00:00,208.47275165390568
2012-02-23 13:00:00,204.99562209479717
2012-02-23 14:00:00,192.66838437031222
2012-02-23 15:00:00,200.6467009896084
2012-02-23 16:00:00,312.42337708556516
2012-02-23 17:00:00,531.3481924743373
2012-02-23 18:00:00,516.6947678594287
2012-02-23 19:00:00,342.6185991584517
2012-02-23 20:00:00,231.69863858696294
2012-02-23 21:00:00,191.09959638754987
2012-02-23 22:00:00,141.78603628904955
2012-02-23 23:00:00,94.86221757251971
2012-02-24 00:00:00,44.11209707628068
2012-02-24 01:00:00,27.04139992798005
2012-02-24 02:00:00,6.371425112005379
2012-02-24 03:00:00,10.628684069368193
2012-02-24 04:00:00,9.453430761181126
2012-02-24 05:00:00,20.683686053413215
2012-02-24 06:00:00,103.7334177237569
2012-02-24 07:00:00,264.18111371497224
2012-02-24 08:00:00,454.33837191150485
2012-02-24 09:00:00,166.02599091605094
2012-02-24 10:00:00,87.7134095358093
2012-02-24 11:00:00,161.01462447109057
2012-02-24 12:00:00,188.65938619957743
2012-02-24 13:00:00,201.85409744013543
2012-02-24 14:00:00,211.88148921671726
2012-02-24 15:00:00,104.0036150329062
2012-02-24 16:00:00,112.2810887465427
2012-02-24 17:00:00,243.17937378059997
2012-02-24 18:00:00,334.92564397369546
2012-02-24 19:00:00,285.05403322071237
2012-02-24 20:00:00,188.583850114069
2012-02-24 21:00:00,130.08314330942653
2012-02-24 22:00:00,99.50324139368749
2012-02-24 23:00:00,73.94140599853141
2012-02-25 00:00:00,71.07354197657928
2012-02-25 01:00:00,53.301454755482375
2012-02-25 02:00:00,40.416430564459446
2012-02-25 03:00:00,21.06293298745238
2012-02-25 04:00:00,15.150237363369287
2012-02-25 05:00:00,16.60215885819064
2012-02-25 06:00:00,16.855526753910837
2012-02-25 07:00:00,64.91005310637163
2012-02-25 08:00:00,89.57752274519277
2012-02-25 09:00:00,80.78317549125826
2012-02-25 10:00:00,189.61013908402427
2012-02-25 11:00:00,188.84567129843617
2012-02-25 12:00:00,203.45396881222396
2012-02-25 13:00:00,237.08151502438633
2012-02-25 14:00:00,216.21203544515166
2012-02-25 15:00:00,251.99967128211122
2012-02-25 16:00:00,200.7142949512521
2012-02-25 17:00:00,194.1995640525013
2012-02-25 18:00:00,152.95126303936618
2012-02-25 19:00:00,142.0356476129227
2012-02-25 20:00:00,115.49988050456383
2012-02-25 21:00:00,88.51217091369341
2012-02-25 22:00:00,84.08941448266107
2012-02-25 23:00:00,69.09197955897348
2012-02-26 00:00:00,64.97279838851466
2012-02-26 01:00:00,56.18633091699533
2012-02-26 02:00:00,45.17793278352708
2012-02-26 03:00:00,26.75787124926629
2012-02-26 04:00:00,15.819619756241234
2012-02-26 05:00:00,13.94325558025466
2012-02-26 06:00:00,12.581102340518871
2012-02-26 07:00:00,31.43825392206269
2012-02-26 08:00:00,53.44062936266919
2012-02-26 09:00:00,83.06642694265285
2012-02-26 10:00:00,180.55901560580082
2012-02-26 11:00:00,194.73005314283347
2012-02-26 12:00:00,268.0246408834867
2012-02-26 13:00:00,306.46018488934595
2012-02-26 14:00:00,328.4155828458437
2012-02-26 15:00:00,319.0440951251866
2012-02-26 16:00:00,315.06500184995747
2012-02-26 17:00:00,271.6620325577583
2012-02-26 18:00:00,215.14552040041235
2012-02-26 19:00:00,187.53347136812016
2012-02-26 20:00:00,110.03941964009118
2012-02-26 21:00:00,88.88458214927995
2012-02-26 22:00:00,68.40615650227687
2012-02-26 23:00:00,43.99392800150168
2012-02-27 00:00:00,17.992039487130718
2012-02-27 01:00:00,9.708557079979112
2012-02-27 02:00:00,3.6897882131895594
2012-02-27 03:00:00,5.96077540997146
2012-02-27 04:00:00,5.367454774805377
2012-02-27 05:00:00,19.12361813689341
2012-02-27 06:00:00,83.62292614936057
2012-02-27 07:00:00,227.51591530276636
2012-02-27 08:00:00,446.6055904071581
2012-02-27 09:00:00,237.3989745554163
2012-02-27 10:00:00,121.73146255894488
2012-02-27 11:00:00,149.36287726121554
2012-02-27 12:00:00,180.38387925059567
2012-02-27 13:00:00,173.5892043004143
2012-02-27 14:00:00,184.36622646312034
2012-02-27 15:00:00,209.08415030345938
2012-02-27 16:00:00,294.481725322497
2012-02-27 17:00:00,523.4825846499039
2012-02-27 18:00:00,530.9187196650391
2012-02-27 19:00:00,349.8131317133577
2012-02-27 20:00:00,254.08908121575908
2012-02-27 21:00:00,187.00671385677563
2012-02-27 22:00:00,120.71244669553616
2012-02-27 23:00:00,59.57179192220368
2012-02-28 00:00:00,29.56802367894314
2012-02-28 01:00:00,12.293386475199974
2012-02-28 02:00:00,9.32893852431594
2012-02-28 03:00:00,8.511156123686803
2012-02-28 04:00:00,9.75886318980187
2012-02-28 05:00:00,27.296219667538868
2012-02-28 06:00:00,97.76605961394199
2012-02-28 07:00:00,249.68543019435197
2012-02-28 08:00:00,472.1349838413425
2012-02-28 09:00:00,245.37883837160663
2012-02-28 10:00:00,109.90795512853558
2012-02-28 11:00:00,140.10272254997489
2012-02-28 12:00:00,179.4786162526402
2012-02-28 13:00:00,179.75586949283002
2012-02-28 14:00:00,173.51263507979954
2012-02-28 15:00:00,180.21771667733069
2012-02-28 16:00:00,239.50157833279422
2012-02-28 17:00:00,491.33453927965473
2012-02-28 18:00:00,497.430110138864
2012-02-28 19:00:00,310.1887307490155
2012-02-28 20:00:00,196.3419795306518
2012-02-28 21:00:00,154.3037054451961
2012-02-28 22:00:00,115.97959104274437
2012-02-28 23:00:00,53.71671755202232
2012-02-29 00:00:00,24.643130931023776
2012-02-29 01:00:00,16.083647323361554
2012-02-29 02:00:00,10.35276679937504
2012-02-29 03:00:00,9.398086589173886
2012-02-29 05:00:00,21.54318501432718
2012-02-29 06:00:00,94.3573460525058
2012-02-29 07:00:00,241.36457346588298
2012-02-29 08:00:00,497.92076601043516
2012-02-29 09:00:00,173.3805998253844
2012-02-29 10:00:00,65.70232077462175
2012-02-29 11:00:00,69.26294462529576
2012-02-29 12:00:00,57.047511039399616
2012-02-29 13:00:00,115.83666010902527
2012-02-29 14:00:00,108.4622805307925
2012-02-29 15:00:00,129.48730836030427
2012-02-29 16:00:00,98.91338185138262
2012-02-29 17:00:00,334.411804864184
2012-02-29 18:00:00,219.07779780894882
2012-02-29 19:00:00,270.45417138308284
2012-02-29 20:00:00,116.8974218452127
2012-02-29 21:00:00,87.36114312772959
2012-02-29 22:00:00,52.973942178375616
2012-02-29 23:00:00,25.381236685955997
2012-03-20 00:00:00,32.06147257771638
2012-03-20 01:00:00,9.99731019098087
2012-03-20 02:00:00,4.6879822952767105
2012-03-20 03:00:00,4.255803461062473
2012-03-20 04:00:00,5.335940523905622
2012-03-20 05:00:00,9.992645855360283
2012-03-20 06:00:00,92.38052208552072
2012-03-20 07:00:00,168.1673260433013
2012-03-20 08:00:00,600.2720357573738
2012-03-20 09:00:00,313.20262753698285
2012-03-20 10:00:00,161.77853580941596
2012-03-20 11:00:00,181.26208010135127
2012-03-20 12:00:00,229.53154578960755
2012-03-20 13:00:00,231.95189796204883
2012-03-20 14:00:00,225.0668853690826
2012-03-20 15:00:00,245.43543673905725
2012-03-20 16:00:00,387.15180498767205
2012-03-20 17:00:00,663.3796324819334
2012-03-20 18:00:00,651.8554059404908
2012-03-20 19:00:00,454.58297544534753
2012-03-20 20:00:00,330.9692347475263
2012-03-20 21:00:00,241.10313778347444
2012-03-20 22:00:00,162.67262079324686
2012-03-20 23:00:00,90.52332037621086
2012-03-21 00:00:00,36.10125889639333
2012-03-21 01:00:00,20.34590227989378
2012-03-21 02:00:00,11.9884675502971
2012-03-21 03:00:00,12.115293528212126
2012-03-21 04:00:00,12.115293528212126
2012-03-21 05:00:00,26.89585811350947
2012-03-21 06:00:00,95.05753669695052
2012-03-21 07:00:00,196.06260135339053
2012-03-21 08:00:00,427.0764856435423
2012-03-21 09:00:00,339.1531551414024
2012-03-21 10:00:00,186.7189771890933
2012-03-21 11:00:00,205.91783718080478
2012-03-21 12:00:00,240.86306823769846
2012-03-21 13:00:00,230.05349838499575
2012-03-21 14:00:00,212.51501402788378
2012-03-21 15:00:00,217.92440317947714
2012-03-21 16:00:00,390.12084974246875
2012-03-21 17:00:00,692.8057875129023
2012-03-21 18:00:00,705.9248885920211
2012-03-21 19:00:00,516.0209310782019
2012-03-21 20:00:00,345.6435166742729
2012-03-21 21:00:00,249.72739985681903
2012-03-21 22:00:00,187.82118778019702
2012-03-21 23:00:00,133.1138417173528
2012-03-22 00:00:00,40.711815266085104
2012-03-22 01:00:00,20.64896861091768
2012-03-22 02:00:00,14.739869668061983
2012-03-22 03:00:00,13.78518945786083
2012-03-22 04:00:00,11.508847636831723
2012-03-22 05:00:00,22.17114904362986
2012-03-22 06:00:00,103.5611596610759
2012-03-22 07:00:00,348.1812866028987
2012-03-22 08:00:00,628.0908938640433
2012-03-22 09:00:00,313.0996158763845
2012-03-22 10:00:00,176.29061508519837
2012-03-22 11:00:00,201.80076278588913
2012-03-22 12:00:00,231.147810854762
2012-03-22 13:00:00,247.77998523166738
2012-03-22 14:00:00,241.3968844840811
2012-03-22 15:00:00,254.00280178287503
2012-03-22 16:00:00,392.98932671658
2012-03-22 17:00:00,749.2835736279341
2012-03-22 18:00:00,738.9608137587229
2012-03-22 19:00:00,514.7197547958609
2012-03-22 20:00:00,356.9866200404077
2012-03-22 21:00:00,274.46465502858587
2012-03-22 22:00:00,191.87975611978828
2012-03-22 23:00:00,139.76262730573214
2012-03-23 00:00:00,58.58986114172813
2012-03-23 01:00:00,32.375610298226924
2012-03-23 02:00:00,19.46076200731615
2012-03-23 03:00:00,15.850472194281114
2012-03-23 04:00:00,11.638387183896345
2012-03-23 05:00:00,20.2617429029508
2012-03-23 06:00:00,115.03328037735294
2012-03-23 07:00:00,325.979127527301
2012-03-23 08:00:00,572.9817029214594
2012-03-23 09:00:00,314.2764688275164
2012-03-23 10:00:00,211.25148101250022
2012-03-23 11:00:00,243.63811621218062
2012-03-23 12:00:00,316.5544481788482
2012-03-23 13:00:00,313.15381376332044
2012-03-23 14:00:00,325.7508134151794
2012-03-23 15:00:00,333.5156328555068
2012-03-23 16:00:00,453.45985718547445
2012-03-23 17:00:00,707.6309634126641
2012-03-23 18:00:00,694.9551788820013
2012-03-23 19:00:00,460.74696278383493
2012-03-23 20:00:00,353.27116697057073
2012-03-23 21:00:00,270.76249764920254
2012-03-23 22:00:00,216.93428494280383
2012-03-23 23:00:00,160.73752744396322
2012-03-24 00:00:00,112.01116179202599
2012-03-24 01:00:00,89.7401853843221
2012-03-24 02:00:00,67.54566015843639
2012-03-24 03:00:00,38.77004594272974
2012-03-24 04:00:00,18.983593485010054
2012-03-24 05:00:00,27.591581654224065
2012-03-24 06:00:00,36.4225891049288
2012-03-24 07:00:00,120.69033844517062
2012-03-24 08:00:00,168.897044940351
2012-03-24 09:00:00,250.76858787281716
2012-03-24 10:00:00,353.4193695926119
2012-03-24 11:00:00,428.37498554336133
2012-03-24 12:00:00,331.9925329123478
2012-03-24 13:00:00,307.17100803032
2012-03-24 14:00:00,297.16037592699246
2012-03-24 15:00:00,253.74063821152234
2012-03-24 16:00:00,186.36596086616512
2012-03-24 17:00:00,222.3818413340748
2012-03-24 18:00:00,173.4071964996849
2012-03-24 19:00:00,181.868386140592
2012-03-24 20:00:00,108.17586735539591
2012-03-24 21:00:00,68.29219785469272
2012-03-24 22:00:00,50.45775130074333
2012-03-24 23:00:00,79.79405864145286
2012-03-25 00:00:00,66.62127603170099
2012-03-25 01:00:00,55.72687017179824
2012-03-25 02:00:00,38.51036206835119
2012-03-25 03:00:00,10.95835437156655
2012-03-25 04:00:00,5.0510942902860085
2012-03-25 05:00:00,9.469198405318439
2012-03-25 06:00:00,0.0
2012-03-25 07:00:00,83.01985446196493
2012-03-25 08:00:00,99.31523989531394
2012-03-25 09:00:00,177.85020009852536
2012-03-25 10:00:00,266.32312649767493
2012-03-25 11:00:00,272.70114446959525
2012-03-25 12:00:00,331.41272727641876
2012-03-25 13:00:00,447.83039418783784
2012-03-25 14:00:00,450.4303991039133
2012-03-25 15:00:00,439.47050464338014
2012-03-25 16:00:00,471.3052408482756
2012-03-25 17:00:00,473.58264266390114
2012-03-25 18:00:00,400.1883613495806
2012-03-25 19:00:00,333.26657164203004
2012-03-25 20:00:00,227.08443199832584
2012-03-25 21:00:00,159.36753633218908
2012-03-25 22:00:00,103.57089176523002
2012-03-25 23:00:00,87.6817016341784
2012-03-26 00:00:00,40.50334526267577
2012-03-26 01:00:00,15.21037525383595
2012-03-26 02:00:00,0.47042177856600087
2012-03-26 03:00:00,8.487766930535457
2012-03-26 04:00:00,12.416923621930518
2012-03-26 05:00:00,25.732934395153357
2012-03-26 06:00:00,120.4447745110042
2012-03-26 07:00:00,377.4807414562958
2012-03-26 08:00:00,604.5452232764757
2012-03-26 09:00:00,331.7826372773439
2012-03-26 10:00:00,197.1467337224756
2012-03-26 11:00:00,218.8215268734389
2012-03-26 12:00:00,255.09070091129934
2012-03-26 13:00:00,251.62098128658752
2012-03-26 14:00:00,243.8586867927248
2012-03-26 15:00:00,245.2652752759968
2012-03-26 16:00:00,355.56326048471055
2012-03-26 17:00:00,586.3873699297905
2012-03-26 18:00:00,585.3120034163144
2012-03-26 19:00:00,402.21678591542445
2012-03-26 20:00:00,236.2562391073555
2012-03-26 21:00:00,146.27512580779148
2012-03-26 22:00:00,120.53624513099203
2012-03-26 23:00:00,64.15504101118773
2012-03-27 00:00:00,26.785853245031905
2012-03-27 01:00:00,16.80553000044016
2012-03-27 02:00:00,11.306533229845913
2012-03-27 03:00:00,10.351853019644759
2012-03-27 04:00:00,8.448699901338856
2012-03-27 05:00:00,25.122175012062435
2012-03-27 06:00:00,91.39007585949174
2012-03-27 07:00:00,281.163560299545
2012-03-27 08:00:00,538.2378588585904
2012-03-27 09:00:00,296.57839767986246
2012-03-27 10:00:00,150.85621405550208
2012-03-27 11:00:00,188.6501522208375
2012-03-27 12:00:00,208.84301792385915
2012-03-27 13:00:00,239.62101786236033
2012-03-27 14:00:00,239.51287365282414
2012-03-27 15:00:00,253.15541144131376
2012-03-27 16:00:00,315.45093532031046
2012-03-27 17:00:00,605.6747701990112
2012-03-27 18:00:00,613.3533663618562
2012-03-27 19:00:00,423.6218472556365
2012-03-27 20:00:00,276.0469727123672
2012-03-27 21:00:00,170.60545706151703
2012-03-27 22:00:00,138.88824673118427
2012-03-27 23:00:00,89.87978147878981
2012-03-28 00:00:00,26.25030386238964
2012-03-28 01:00:00,18.02427901794816
2012-03-28 02:00:00,11.147647511412847
2012-03-28 03:00:00,12.657804770323049
2012-03-28 04:00:00,12.928077794911006
2012-03-28 05:00:00,26.945181257528954
2012-03-28 06:00:00,121.59921861710654
2012-03-28 07:00:00,349.85621100282015
2012-03-28 08:00:00,615.7774922543878
2012-03-28 09:00:00,335.75961656511066
2012-03-28 10:00:00,208.00702579033938
2012-03-28 11:00:00,228.55788360157487
2012-03-28 12:00:00,257.8009454260446
2012-03-28 13:00:00,269.0631680265044
2012-03-28 14:00:00,254.42626686020387
2012-03-28 15:00:00,253.46011506993065
2012-03-28 16:00:00,328.10934286780144
2012-03-28 17:00:00,761.8951236260913
2012-03-28 18:00:00,754.5738818168867
2012-03-28 19:00:00,515.4142903801613
2012-03-28 20:00:00,372.7014205740605
2012-03-28 21:00:00,280.85942559538915
2012-03-28 22:00:00,200.44012646474133
2012-03-28 23:00:00,131.47296970874802
2012-03-29 00:00:00,41.40744200844414
2012-03-29 01:00:00,22.031189911668704
2012-03-29 02:00:00,24.676761045385796
2012-03-29 03:00:00,19.346441884129842
2012-03-29 04:00:00,18.912635150649916
2012-03-29 05:00:00,31.98749196760901
2012-03-29 06:00:00,132.0347885592355
2012-03-29 07:00:00,393.5401468730063
2012-03-29 08:00:00,653.1151255973283
2012-03-29 09:00:00,351.58782512541706
2012-03-29 10:00:00,204.94485804220417
2012-03-29 11:00:00,228.86094993259877
2012-03-29 12:00:00,261.2688928632468
2012-03-29 13:00:00,260.9914903019541
2012-03-29 14:00:00,251.33915035228495
2012-03-29 15:00:00,273.5816066326829
2012-03-29 16:00:00,401.75438308942245
2012-03-29 17:00:00,670.9002043559553
2012-03-29 18:00:00,661.9288776708906
2012-03-29 19:00:00,461.5359608703478
2012-03-29 20:00:00,286.6539519054395
2012-03-29 21:00:00,211.32895567004945
2012-03-29 22:00:00,170.19066990009085
2012-03-29 23:00:00,124.01320625351848
2012-03-30 00:00:00,51.50323716774788
2012-03-30 01:00:00,24.270235520303792
2012-03-30 02:00:00,14.327935619286842
2012-03-30 03:00:00,10.012909311503932
2012-03-30 04:00:00,9.999707491705891
2012-03-30 05:00:00,21.932049707798505
2012-03-30 06:00:00,109.39216351383205
2012-03-30 07:00:00,290.779309559457
2012-03-30 08:00:00,531.3423288288658
2012-03-30 09:00:00,344.81494521941914
2012-03-30 10:00:00,197.62825475551674
2012-03-30 11:00:00,230.45172518216003
2012-03-30 12:00:00,252.31568423584662
2012-03-30 13:00:00,142.742734913178
2012-03-30 14:00:00,139.80487735831707
2012-03-30 15:00:00,151.1996469741432
2012-03-30 16:00:00,160.6712493039392
2012-03-30 17:00:00,466.1606550855978
2012-03-30 18:00:00,543.7699638150058
2012-03-30 19:00:00,359.9712735057531
2012-03-30 20:00:00,236.11933691528506
2012-03-30 21:00:00,165.81518102847735
2012-03-30 22:00:00,151.79628245127347
2012-03-30 23:00:00,121.38630876841037
2012-03-31 00:00:00,83.59658417152109
2012-03-31 01:00:00,61.91442856175465
2012-03-31 02:00:00,48.994278388635735
2012-03-31 03:00:00,22.67656415405577
2012-03-31 04:00:00,8.954942768928367
2012-03-31 05:00:00,17.70881052698444
2012-03-31 06:00:00,15.494504841388139
2012-03-31 07:00:00,112.89124119481242
2012-03-31 08:00:00,143.9030033012843
2012-03-31 09:00:00,238.8673314645435
2012-03-31 10:00:00,303.2561021705599
2012-03-31 11:00:00,433.835258251503
2012-03-31 12:00:00,501.34878850486854
2012-03-31 13:00:00,583.1821166922704
2012-03-31 14:00:00,500.20275794574485
2012-03-31 15:00:00,493.73270292478935
2012-03-31 16:00:00,434.3341661316808
2012-03-31 17:00:00,444.2653466267422
2012-03-31 18:00:00,335.54248170733064
2012-03-31 19:00:00,289.5455609495849
2012-03-31 20:00:00,167.27369163976417
2012-03-31 21:00:00,114.91263375915636
2012-03-31 22:00:00,136.54732437351385
2012-03-31 23:00:00,87.48240410961819
2012-04-20 00:00:00,53.34728282604127
2012-04-20 01:00:00,25.99915918127344
2012-04-20 02:00:00,15.020054079718319
2012-04-20 03:00:00,11.829615278630511
2012-04-20 04:00:00,10.452700164189674
2012-04-20 05:00:00,21.009411755405228
2012-04-20 06:00:00,117.63756115611879
2012-04-20 07:00:00,313.5696666743757
2012-04-20 08:00:00,559.7658405021272
2012-04-20 09:00:00,344.6862279543199
2012-04-20 10:00:00,225.1877907112619
2012-04-20 11:00:00,265.8511327604412
2012-04-20 12:00:00,330.7703226882376
2012-04-20 13:00:00,343.87058288916376
2012-04-20 14:00:00,339.99503106221493
2012-04-20 15:00:00,338.34164354415503
2012-04-20 16:00:00,474.14851867912165
2012-04-20 17:00:00,725.0082323116977
2012-04-20 18:00:00,674.7676292395038
2012-04-20 19:00:00,458.4865864104989
2012-04-20 20:00:00,339.82472644687454
2012-04-20 21:00:00,259.4846621767946
2012-04-20 22:00:00,208.3070221178854
2012-04-20 23:00:00,161.93904200888196
2012-04-21 00:00:00,108.33960937782993
2012-04-21 01:00:00,83.00510460531585
2012-04-21 02:00:00,60.81057937943014
2012-04-21 03:00:00,25.253513308956624
2012-04-21 04:00:00,12.569308238828647
2012-04-21 05:00:00,18.800535770938833
2012-04-21 06:00:00,28.617728061201515
2012-04-21 07:00:00,120.4715306627392
2012-04-21 08:00:00,194.9664675981522
2012-04-21 09:00:00,272.97203277064904
2012-04-21 10:00:00,413.7795239754005
2012-04-21 11:00:00,555.5834830275261
2012-04-21 12:00:00,628.6810023542097
2012-04-21 13:00:00,628.2905323813534
2012-04-21 14:00:00,638.3208592727748
2012-04-21 15:00:00,635.4435690095681
2012-04-21 16:00:00,605.5295955374571
2012-04-21 17:00:00,537.5111838825309
2012-04-21 18:00:00,480.71685473740365
2012-04-21 19:00:00,282.41525316389027
2012-04-21 20:00:00,131.48740280913415
2012-04-21 21:00:00,77.83757944076055
2012-04-21 22:00:00,151.02771678164396
2012-04-21 23:00:00,108.5621300499697
2012-04-22 00:00:00,100.66035266491153
2012-04-22 01:00:00,75.59981407789489
2012-04-22 02:00:00,60.24285016325686
2012-04-22 03:00:00,31.550775441921957
2012-04-22 04:00:00,16.452878425477312
2012-04-22 05:00:00,16.25736989830233
2012-04-22 06:00:00,3.294803615801791
2012-04-22 07:00:00,59.59256795893939
2012-04-22 08:00:00,76.25955386766881
2012-04-22 09:00:00,132.98621546107123
2012-04-22 10:00:00,180.45599131709236
2012-04-22 11:00:00,192.83655669947885
2012-04-22 12:00:00,214.02449254745173
2012-04-22 13:00:00,229.01232092536623
2012-04-22 14:00:00,210.37367410338177
2012-04-22 15:00:00,214.11220357679662
2012-04-22 16:00:00,203.67472217402369
2012-04-22 17:00:00,158.87743789897002
2012-04-22 18:00:00,130.25084505154638
2012-04-22 19:00:00,114.3355027046378
2012-04-22 20:00:00,58.741489180709316
2012-04-22 21:00:00,24.12540896322287
2012-04-22 22:00:00,12.605004640126158
2012-04-22 23:00:00,19.4301239278484
2012-04-23 00:00:00,10.579703102753486
2012-04-23 01:00:00,0.0
2012-04-23 02:00:00,0.0
2012-04-23 03:00:00,0.6748947311340253
2012-04-23 04:00:00,0.0
2012-04-23 05:00:00,4.668403350907655
2012-04-23 06:00:00,93.5567888569996
2012-04-23 07:00:00,175.6090365508412
2012-04-23 08:00:00,500.31189913374425
2012-04-23 09:00:00,269.3990121987681
2012-04-23 10:00:00,143.96762897390155
2012-04-23 11:00:00,144.08398645629973
2012-04-23 12:00:00,108.23877002776192
2012-04-23 13:00:00,112.55997623422189
2012-04-23 14:00:00,123.32094585982419
2012-04-23 15:00:00,195.29769221476784
2012-04-23 16:00:00,104.27319508500173
2012-04-23 17:00:00,235.29476006207466
2012-04-23 18:00:00,258.16247087471993
2012-04-23 19:00:00,344.33864006087464
2012-04-23 20:00:00,209.95261002411814
2012-04-23 21:00:00,110.66365177640326
2012-04-23 22:00:00,109.72284567801837
2012-04-23 23:00:00,51.98311490115871
2012-04-24 00:00:00,25.441124971238725
2012-04-24 01:00:00,13.66326065149081
2012-04-24 02:00:00,7.724761330005116
2012-04-24 03:00:00,4.280113754945648
2012-04-24 04:00:00,6.7263193398073655
2012-04-24 05:00:00,23.23830303438985
2012-04-24 06:00:00,107.56685683507229
2012-04-24 07:00:00,306.8730520991671
2012-04-24 08:00:00,593.4556404326338
2012-04-24 09:00:00,338.2543255274108
2012-04-24 10:00:00,191.16413742802652
2012-04-24 11:00:00,235.63511727033372
2012-04-24 12:00:00,270.78758049453864
2012-04-24 13:00:00,267.22745442492214
2012-04-24 14:00:00,257.9173050693757
2012-04-24 15:00:00,261.17054122076837
2012-04-24 16:00:00,390.2104695486364
2012-04-24 17:00:00,685.2486347732223
2012-04-24 18:00:00,673.5059815239132
2012-04-24 19:00:00,484.1985520105669
2012-04-24 20:00:00,322.5135825167937
2012-04-24 21:00:00,201.7408619689055
2012-04-24 22:00:00,163.28635617812412
2012-04-24 23:00:00,104.54191105067223
2012-04-25 00:00:00,34.5895511919852
2012-04-25 01:00:00,20.206087925733264
2012-04-25 02:00:00,10.820104461356081
2012-04-25 03:00:00,8.29393782787189
2012-04-25 04:00:00,9.041384241724806
2012-04-25 05:00:00,24.567766340040095
2012-04-25 06:00:00,117.84143202466645
2012-04-25 07:00:00,356.2300174319093
2012-04-25 08:00:00,617.2029829911633
2012-04-25 09:00:00,341.3543384504248
2012-04-25 10:00:00,225.46261500953244
2012-04-25 11:00:00,253.2328192194664
2012-04-25 12:00:00,290.93800822282304
2012-04-25 13:00:00,274.5109852703944
2012-04-25 14:00:00,253.77125798107215
2012-04-25 15:00:00,275.4885723824778
2012-04-25 16:00:00,394.6194044218374
2012-04-25 17:00:00,738.8865086949809
2012-04-25 18:00:00,739.3511493267673
2012-04-25 19:00:00,522.4848413934284
2012-04-25 20:00:00,371.0722955552182
2012-04-25 21:00:00,261.713183172261
2012-04-25 22:00:00,193.73738213701304
2012-04-25 23:00:00,117.87803238382322
2012-04-26 00:00:00,36.16407143418653
2012-04-26 01:00:00,18.597739548089777
2012-04-26 02:00:00,13.429582482141969
2012-04-26 03:00:00,12.474902271940815
2012-04-26 04:00:00,12.474902271940815
2012-04-26 05:00:00,26.729749485345597
2012-04-26 06:00:00,124.02279202120039
2012-04-26 07:00:00,238.88262642783687
2012-04-26 08:00:00,482.38543959881576
2012-04-26 09:00:00,217.7444272490914
2012-04-26 10:00:00,176.04586401921986
2012-04-26 11:00:00,178.1185476225982
2012-04-26 12:00:00,236.94490600099027
2012-04-26 13:00:00,223.97040049401105
2012-04-26 14:00:00,223.01974477019874
2012-04-26 15:00:00,202.02739385575018
2012-04-26 16:00:00,316.0919300811449
2012-04-26 17:00:00,583.1080311400685
2012-04-26 18:00:00,515.5290231668283
2012-04-26 19:00:00,417.46586006702427
2012-04-26 20:00:00,345.12769073625685
2012-04-26 21:00:00,239.5935165872202
2012-04-26 22:00:00,193.15044329926877
2012-04-26 23:00:00,122.31573192627606
2012-04-27 00:00:00,50.38502411392403
2012-04-27 01:00:00,27.055144412344497
2012-04-27 02:00:00,14.740067168585243
2012-04-27 03:00:00,16.162233095619857
2012-04-27 04:00:00,20.31217927962354
2012-04-27 05:00:00,36.54714004441894
2012-04-27 06:00:00,128.69657936839835
2012-04-27 07:00:00,304.4322868711319
2012-04-27 08:00:00,531.6066336032467
2012-04-27 09:00:00,360.2483301331402
2012-04-27 10:00:00,248.24924942412832
2012-04-27 11:00:00,276.63719114006665
2012-04-27 12:00:00,339.8469446128989
2012-04-27 13:00:00,343.23814777730126
2012-04-27 14:00:00,332.8868335210441
2012-04-27 15:00:00,362.9943183277466
2012-04-27 16:00:00,471.5606951473346
2012-04-27 17:00:00,674.3267371986789
2012-04-27 18:00:00,601.2533968198563
2012-04-27 19:00:00,414.08511654995567
2012-04-27 20:00:00,256.6646669920836
2012-04-27 21:00:00,185.65148737453686
2012-04-27 22:00:00,170.82171430528135
2012-04-27 23:00:00,124.17596559231076
2012-04-28 00:00:00,78.44498411637647
2012-04-28 01:00:00,56.60436712007599
2012-04-28 02:00:00,44.390915640707206
2012-04-28 03:00:00,23.05222283243423
2012-04-28 04:00:00,13.557065404254574
2012-04-28 05:00:00,14.227237929013198
2012-04-28 06:00:00,19.823473018697356
2012-04-28 07:00:00,131.17603164158646
2012-04-28 08:00:00,199.69213568176545
2012-04-28 09:00:00,262.651103809136
2012-04-28 10:00:00,320.0204105833483
2012-04-28 11:00:00,359.48475661525214
2012-04-28 12:00:00,401.5294659504859
2012-04-28 13:00:00,416.36799278690995
2012-04-28 14:00:00,492.9677078398913
2012-04-28 15:00:00,489.29666089501245
2012-04-28 16:00:00,448.83599946187854
2012-04-28 17:00:00,405.2434627776419
2012-04-28 18:00:00,211.6557391811835
2012-04-28 19:00:00,183.74292998749954
2012-04-28 20:00:00,187.2183721056009
2012-04-28 21:00:00,70.430626358772
2012-04-28 22:00:00,135.07563840519097
2012-04-28 23:00:00,114.72518518936486
2012-04-29 00:00:00,70.60429663009126
2012-04-29 01:00:00,65.99186804846721
2012-04-29 02:00:00,49.8648288335747
2012-04-29 03:00:00,26.566698614655717
2012-04-29 04:00:00,15.881816384489248
2012-04-29 05:00:00,14.397543704510895
2012-04-29 06:00:00,8.400159099059831
2012-04-29 07:00:00,94.59382415057132
2012-04-29 08:00:00,116.84309227914333
2012-04-29 09:00:00,216.24019957369674
2012-04-29 10:00:00,365.84310678630044
2012-04-29 11:00:00,448.77811298307665
2012-04-29 12:00:00,570.2487094311489
2012-04-29 13:00:00,577.0595203788212
2012-04-29 14:00:00,578.0232863983147
2012-04-29 15:00:00,618.3012447361041
2012-04-29 16:00:00,500.5682223109393
2012-04-29 17:00:00,479.08143186590587
2012-04-29 18:00:00,416.1153157859052
2012-04-29 19:00:00,352.75086657475083
2012-04-29 20:00:00,239.68949227168525
2012-04-29 21:00:00,164.1709869137128
2012-04-29 22:00:00,117.625296438243
2012-04-29 23:00:00,92.14855822425955
2012-04-30 00:00:00,33.77612630155503
2012-04-30 01:00:00,14.491293726828824
2012-04-30 02:00:00,10.157660863904251
2012-04-30 03:00:00,9.084315117090918
2012-04-30 04:00:00,6.040351639168752
2012-04-30 05:00:00,21.65985662974708
2012-04-30 06:00:00,115.94748275251939
2012-04-30 07:00:00,329.0774588270844
2012-04-30 08:00:00,555.6355516202607
2012-04-30 09:00:00,320.0266305979654
2012-04-30 10:00:00,176.79979100114642
2012-04-30 11:00:00,206.0925367960483
2012-04-30 12:00:00,227.0943289302709
2012-04-30 13:00:00,237.79590764960514
2012-04-30 14:00:00,222.56202356556912
2012-04-30 15:00:00,240.78760581532342
2012-04-30 16:00:00,383.8890916089445
2012-04-30 17:00:00,722.5381504167149
2012-04-30 18:00:00,670.0840226960106
2012-04-30 19:00:00,453.6724464631011
2012-04-30 20:00:00,305.80484448202
2012-04-30 21:00:00,220.445201704601
2012-04-30 22:00:00,164.87721478979583
2012-04-30 23:00:00,102.42649623670945
2012-05-20 00:00:00,107.58847049245789
2012-05-20 01:00:00,87.778504422631
2012-05-20 02:00:00,69.91287037927593
2012-05-20 03:00:00,34.9945815960641
2012-05-20 04:00:00,14.904798976465615
2012-05-20 05:00:00,11.824599802725407
2012-05-20 06:00:00,2.2924397571086406
2012-05-20 07:00:00,90.65757738636846
2012-05-20 08:00:00,142.9856713830943
2012-05-20 09:00:00,223.64818441941117
2012-05-20 10:00:00,351.1774127512876
2012-05-20 11:00:00,493.47054669096144
2012-05-20 12:00:00,572.6056723530139
2012-05-20 13:00:00,593.6508801383344
2012-05-20 14:00:00,574.3715954403141
2012-05-20 15:00:00,565.681169247163
2012-05-20 16:00:00,539.442834559274
2012-05-20 17:00:00,528.4843630371288
2012-05-20 18:00:00,456.50454854469785
2012-05-20 19:00:00,354.05645748351657
2012-05-20 20:00:00,259.4173426684974
2012-05-20 21:00:00,184.68172627514846
2012-05-20 22:00:00,110.42821225725052
2012-05-20 23:00:00,56.602375522096246
2012-05-21 00:00:00,0.0
2012-05-21 01:00:00,0.0
2012-05-21 02:00:00,0.0
2012-05-21 03:00:00,0.0
2012-05-21 04:00:00,0.0
2012-05-21 05:00:00,0.0
2012-05-21 06:00:00,35.240246007690295
2012-05-21 07:00:00,182.68723584047567
2012-05-21 08:00:00,363.0071382589743
2012-05-21 09:00:00,145.18097958627726
2012-05-21 10:00:00,80.25325840162051
2012-05-21 11:00:00,167.5231745093337
2012-05-21 12:00:00,173.5837803914542
2012-05-21 13:00:00,111.24044809508258
2012-05-21 14:00:00,105.82461237148193
2012-05-21 15:00:00,230.40561377777752
2012-05-21 16:00:00,362.3554266702876
2012-05-21 17:00:00,674.5037572616753
2012-05-21 18:00:00,681.12087162049
2012-05-21 19:00:00,470.919387574827
2012-05-21 20:00:00,349.8765934650795
2012-05-21 21:00:00,249.01366415433608
2012-05-21 22:00:00,151.7148720465613
2012-05-21 23:00:00,78.46205026268476
2012-05-22 00:00:00,36.56011881898965
2012-05-22 01:00:00,18.25986958381475
2012-05-22 02:00:00,11.281331611164388
2012-05-22 03:00:00,10.326651400963234
2012-05-22 04:00:00,6.053909855292018
2012-05-22 05:00:00,13.466482427019692
2012-05-22 06:00:00,65.7226581855516
2012-05-22 07:00:00,224.10072028613038
2012-05-22 08:00:00,585.864563206028
2012-05-22 09:00:00,322.26636246820135
2012-05-22 10:00:00,168.7423523510627
2012-05-22 11:00:00,192.92678151244604
2012-05-22 12:00:00,225.36087353814085
2012-05-22 13:00:00,243.96142221187836
2012-05-22 14:00:00,228.70054013353746
2012-05-22 15:00:00,261.82588487579926
2012-05-22 16:00:00,396.5038363719913
2012-05-22 17:00:00,757.593892904193
2012-05-22 18:00:00,741.3761443170298
2012-05-22 19:00:00,489.75288346525923
2012-05-22 20:00:00,369.3915702120563
2012-05-22 21:00:00,264.1388487866295
2012-05-22 22:00:00,183.53973037993154
2012-05-22 23:00:00,109.85731499671819
2012-05-23 00:00:00,42.751787225049306
2012-05-23 01:00:00,23.863169884006034
2012-05-23 02:00:00,17.896002963947808
2012-05-23 03:00:00,14.967424390253072
2012-05-23 04:00:00,9.575152316599931
2012-05-23 05:00:00,21.742492980303517
2012-05-23 06:00:00,130.22471627132717
2012-05-23 07:00:00,394.80940454028536
2012-05-23 08:00:00,646.652665507955
2012-05-23 09:00:00,327.9154630622286
2012-05-23 10:00:00,182.1561251121575
2012-05-23 11:00:00,226.76862812238997
2012-05-23 12:00:00,247.3718909158871
2012-05-23 13:00:00,249.822086940654
2012-05-23 14:00:00,250.24132635389762
2012-05-23 15:00:00,258.75567050082384
2012-05-23 16:00:00,320.11176502840783
2012-05-23 17:00:00,551.4558969298274
2012-05-23 18:00:00,560.240600791734
2012-05-23 19:00:00,408.6089866961284
2012-05-23 20:00:00,281.07653289658816
2012-05-23 21:00:00,219.95611588394365
2012-05-23 22:00:00,170.0111232302363
2012-05-23 23:00:00,128.1604519824547
2012-05-24 00:00:00,43.81513984993908
2012-05-24 01:00:00,24.891369544834564
2012-05-24 02:00:00,18.982270601978875
2012-05-24 03:00:00,18.315469287753192
2012-05-24 04:00:00,19.52607914730422
2012-05-24 05:00:00,34.30664373260155
2012-05-24 06:00:00,124.94208607046234
2012-05-24 07:00:00,390.7082337001975
2012-05-24 08:00:00,642.940748046273
2012-05-24 09:00:00,330.3508107792908
2012-05-24 10:00:00,200.45633906675445
2012-05-24 11:00:00,225.46993879952478
2012-05-24 12:00:00,270.631243621901
2012-05-24 13:00:00,267.77209710123816
2012-05-24 14:00:00,256.70737614743376
2012-05-24 15:00:00,264.76284597463615
2012-05-24 16:00:00,391.7300683677051
2012-05-24 17:00:00,758.2923891710574
2012-05-24 18:00:00,731.3655797420096
2012-05-24 19:00:00,516.3670096246387
2012-05-24 20:00:00,329.20448401296574
2012-05-24 21:00:00,148.5748546072445
2012-05-24 22:00:00,179.51324620259436
2012-05-24 23:00:00,122.6656168163133
2012-05-25 00:00:00,61.685323122204004
2012-05-25 01:00:00,32.32667384148527
2012-05-25 02:00:00,24.17454322239005
2012-05-25 03:00:00,18.445008834817816
2012-05-25 04:00:00,18.445008834817816
2012-05-25 05:00:00,29.585778534385312
2012-05-25 06:00:00,120.22122087224606
2012-05-25 07:00:00,362.1615586706667
2012-05-25 08:00:00,574.4648639830114
2012-05-25 09:00:00,323.2487960132379
2012-05-25 10:00:00,237.1515621228324
2012-05-25 11:00:00,266.15360221537316
2012-05-25 12:00:00,307.38277713206895
2012-05-25 13:00:00,329.84690924251555
2012-05-25 14:00:00,322.89068407800227
2012-05-25 15:00:00,327.1266770924244
2012-05-25 16:00:00,457.8785236100331
2012-05-25 17:00:00,726.5613869214537
2012-05-25 18:00:00,685.8544634328807
2012-05-25 19:00:00,463.2890013435596
2012-05-25 20:00:00,346.62908947050954
2012-05-25 21:00:00,266.80331115596704
2012-05-25 22:00:00,226.42579170722684
2012-05-25 23:00:00,185.75658477771827
2012-05-26 00:00:00,113.89508956908651
2012-05-26 01:00:00,87.13484058685134
2012-05-26 02:00:00,63.91949914848288
2012-05-26 03:00:00,32.108225083668664
2012-05-26 04:00:00,23.340571991260884
2012-05-26 05:00:00,22.91560337928583
2012-05-26 06:00:00,30.26847249551084
2012-05-26 07:00:00,99.68995148882193
2012-05-26 08:00:00,182.97684918638743
2012-05-26 09:00:00,260.690153216096
2012-05-26 10:00:00,389.3737133026121
2012-05-26 11:00:00,534.9949712509522
2012-05-26 12:00:00,583.8781677919271
2012-05-26 13:00:00,578.3582821624959
2012-05-26 14:00:00,573.2709371648463
2012-05-26 15:00:00,552.2357582729871
2012-05-26 16:00:00,543.1402544025248
2012-05-26 17:00:00,519.7835391095703
2012-05-26 18:00:00,494.6583214643123
2012-05-26 19:00:00,402.46598965823785
2012-05-26 20:00:00,319.527217662986
2012-05-26 21:00:00,244.61728494158172
2012-05-26 22:00:00,219.14153200613268
2012-05-26 23:00:00,179.74788266673957
2012-05-27 00:00:00,103.51309581290752
2012-05-27 01:00:00,85.19271336060588
2012-05-27 02:00:00,65.2889837797772
2012-05-27 03:00:00,32.40763583995963
2012-05-27 04:00:00,15.384797609644137
2012-05-27 05:00:00,14.440922567241756
2012-05-27 06:00:00,5.672957839268343
2012-05-27 07:00:00,77.43670808632066
2012-05-27 08:00:00,131.0062979874828
2012-05-27 09:00:00,237.73430097334176
2012-05-27 10:00:00,372.0326359371121
2012-05-27 11:00:00,502.55353121478606
2012-05-27 12:00:00,562.470790331239
2012-05-27 13:00:00,561.8429133254814
2012-05-27 14:00:00,562.023923014706
2012-05-27 15:00:00,563.1177577311022
2012-05-27 16:00:00,525.5853848301798
2012-05-27 17:00:00,529.0761068624435
2012-05-27 18:00:00,475.7124820861566
2012-05-27 19:00:00,371.2536537498787
2012-05-27 20:00:00,271.06205255692015
2012-05-27 21:00:00,129.03090482125654
2012-05-27 22:00:00,90.6316690413307
2012-05-27 23:00:00,78.06568784503315
2012-05-28 00:00:00,54.009988850943465
2012-05-28 01:00:00,34.936432494976074
2012-05-28 02:00:00,12.790348249154595
2012-05-28 03:00:00,4.6800742966413456
2012-05-28 04:00:00,8.715142014680595
2012-05-28 05:00:00,24.658738102712263
2012-05-28 06:00:00,65.69689483983917
2012-05-28 07:00:00,233.8051591595398
2012-05-28 08:00:00,388.1036728645778
2012-05-28 09:00:00,283.382681553699
2012-05-28 10:00:00,229.12141082834975
2012-05-28 11:00:00,309.11877558040067
2012-05-28 12:00:00,356.00668183179374
2012-05-28 13:00:00,322.9448301306838
2012-05-28 14:00:00,315.46707909963
2012-05-28 15:00:00,328.7233334136649
2012-05-28 16:00:00,394.60372283533343
2012-05-28 17:00:00,683.2381292672263
2012-05-28 18:00:00,690.0692572966619
2012-05-28 19:00:00,482.8613884316168
2012-05-28 20:00:00,356.1828873404987
2012-05-28 21:00:00,242.61727742776617
2012-05-28 22:00:00,176.85356800685673
2012-05-28 23:00:00,106.07237400061264
2012-05-29 00:00:00,38.945204547849514
2012-05-29 01:00:00,19.235230725661143
2012-05-29 02:00:00,15.585397907480308
2012-05-29 03:00:00,15.840761559049902
2012-05-29 04:00:00,16.186956811905045
2012-05-29 05:00:00,42.055478826813975
2012-05-29 06:00:00,142.89961840446892
2012-05-29 07:00:00,387.87878650054637
2012-05-29 08:00:00,576.5536997151663
2012-05-29 09:00:00,327.7585913093299
2012-05-29 10:00:00,197.63893117714983
2012-05-29 11:00:00,228.2000051530088
2012-05-29 12:00:00,253.48633327457978
2012-05-29 13:00:00,242.30305317075488
2012-05-29 14:00:00,232.43968625612106
2012-05-29 15:00:00,236.0068564865743
2012-05-29 16:00:00,365.24734310784646
2012-05-29 17:00:00,724.8518919262331
2012-05-29 18:00:00,711.2489695779497
2012-05-29 19:00:00,496.8158049078693
2012-05-29 20:00:00,245.6949062573452
2012-05-29 21:00:00,74.95242732872973
2012-05-29 22:00:00,146.01167524237798
2012-05-29 23:00:00,34.37599181666335
2012-05-30 00:00:00,34.11787910717739
2012-05-30 01:00:00,22.573650360774426
2012-05-30 02:00:00,12.039369726252803
2012-05-30 03:00:00,13.898956951923529
2012-05-30 04:00:00,18.51384388265626
2012-05-30 05:00:00,32.28747013824285
2012-05-30 06:00:00,137.87893829078735
2012-05-30 07:00:00,248.47675886992022
2012-05-30 08:00:00,633.9055361834382
2012-05-30 09:00:00,326.98368087805017
2012-05-30 10:00:00,181.70224290845317
2012-05-30 11:00:00,210.0547185069745
2012-05-30 12:00:00,272.4816544096679
2012-05-30 13:00:00,273.1266063688143
2012-05-30 14:00:00,271.42444213166914
2012-05-30 15:00:00,263.64175263150855
2012-05-30 16:00:00,402.92538534332874
2012-05-30 17:00:00,743.394876621559
2012-05-30 18:00:00,756.0472144165914
2012-05-30 19:00:00,518.0283291017756
2012-05-30 20:00:00,328.7452419745591
2012-05-30 21:00:00,287.6472568238242
2012-05-30 22:00:00,218.7747015498424
2012-05-30 23:00:00,153.24482848637126
2012-05-31 00:00:00,45.83131272959041
2012-05-31 01:00:00,23.874667023573352
2012-05-31 02:00:00,20.021207624691453
2012-05-31 03:00:00,18.305879180839337
2012-05-31 04:00:00,19.40301139239623
2012-05-31 05:00:00,36.613140994600755
2012-05-31 06:00:00,140.89839580350596
2012-05-31 07:00:00,375.39918037532067
2012-05-31 08:00:00,607.7705642600772
2012-05-31 09:00:00,328.0457802042633
2012-05-31 10:00:00,211.94069879030917
2012-05-31 11:00:00,237.07490481743636
2012-05-31 12:00:00,280.8431360242105
2012-05-31 13:00:00,280.64277004522495
2012-05-31 14:00:00,265.85447379822654
2012-05-31 15:00:00,270.60928037762073
2012-05-31 16:00:00,408.5658979398214
2012-05-31 17:00:00,760.2280867629134
2012-05-31 18:00:00,745.7675091068854
2012-05-31 19:00:00,514.476676920672
2012-05-31 20:00:00,382.3870429496767
2012-05-31 21:00:00,282.8414237045231
2012-05-31 22:00:00,230.39342107437065
2012-05-31 23:00:00,174.75255394376546
2012-06-20 00:00:00,43.379084799444044
2012-06-20 01:00:00,25.603567033245564
2012-06-20 02:00:00,20.989459400712704
2012-06-20 03:00:00,20.03477919051155
2012-06-20 04:00:00,18.82416933096053
2012-06-20 05:00:00,36.03429893316506
2012-06-20 06:00:00,119.96262606889648
2012-06-20 07:00:00,364.18773895402967
2012-06-20 08:00:00,577.9832084861322
2012-06-20 09:00:00,318.25902553121665
2012-06-20 10:00:00,204.21693547674488
2012-06-20 11:00:00,225.75875838951853
2012-06-20 12:00:00,261.60748049539296
2012-06-20 13:00:00,261.9075592589634
2012-06-20 14:00:00,254.13790030383717
2012-06-20 15:00:00,249.42556434143816
2012-06-20 16:00:00,385.5430756547836
2012-06-20 17:00:00,713.2978511608483
2012-06-20 18:00:00,715.639176876042
2012-06-20 19:00:00,492.3573133619878
2012-06-20 20:00:00,365.8713648706452
2012-06-20 21:00:00,275.4168456069189
2012-06-20 22:00:00,220.12513342522186
2012-06-20 23:00:00,160.69490536734142
2012-06-21 00:00:00,42.46601795117717
2012-06-21 01:00:00,22.3781697433327
2012-06-21 02:00:00,19.23297671659078
2012-06-21 03:00:00,15.988025419453596
2012-06-21 04:00:00,19.610720835829767
2012-06-21 05:00:00,35.89473486075579
2012-06-21 06:00:00,134.02224602818234
2012-06-21 07:00:00,372.48418644768196
2012-06-21 08:00:00,590.7550637781425
2012-06-21 09:00:00,319.0641160855285
2012-06-21 10:00:00,207.8008145928743
2012-06-21 11:00:00,225.5868885315227
2012-06-21 12:00:00,253.59045015586318
2012-06-21 13:00:00,253.9859528332154
2012-06-21 14:00:00,255.51717399693322
2012-06-21 15:00:00,250.80483803453419
2012-06-21 16:00:00,383.98432121257764
2012-06-21 17:00:00,725.1463940836335
2012-06-21 18:00:00,717.70088237753
2012-06-21 19:00:00,494.5572899819402
2012-06-21 20:00:00,365.1605923491484
2012-06-21 21:00:00,288.0135460360561
2012-06-21 22:00:00,219.74307772272562
2012-06-21 23:00:00,175.94067187960846
2012-06-22 00:00:00,55.275413778869606
2012-06-22 01:00:00,29.873622772695292
2012-06-22 02:00:00,18.476744839837586
2012-06-22 03:00:00,18.54817815616413
2012-06-22 04:00:00,20.845944065677504
2012-06-22 05:00:00,31.0593050390192
2012-06-22 06:00:00,120.16558765135782
2012-06-22 07:00:00,349.30863109829164
2012-06-22 08:00:00,547.5765119835888
2012-06-22 09:00:00,350.84706256292935
2012-06-22 10:00:00,253.94395887272373
2012-06-22 11:00:00,281.65753080068043
2012-06-22 12:00:00,324.5430293329776
2012-06-22 13:00:00,326.9809450604521
2012-06-22 14:00:00,325.33980676653556
2012-06-22 15:00:00,321.84531442569903
2012-06-22 16:00:00,464.04272469403895
2012-06-22 17:00:00,692.8368040606568
2012-06-22 18:00:00,660.7362505314177
2012-06-22 19:00:00,387.24429369402463
2012-06-22 20:00:00,282.4280877941611
2012-06-22 21:00:00,166.82512989389275
2012-06-22 22:00:00,228.23447447034957
2012-06-22 23:00:00,164.18585431124316
2012-06-23 00:00:00,114.09141327820372
2012-06-23 01:00:00,86.1873476159656
2012-06-23 02:00:00,66.23855377449799
2012-06-23 03:00:00,36.13032087460487
2012-06-23 04:00:00,24.67881243384839
2012-06-23 05:00:00,26.86569902014585
2012-06-23 06:00:00,33.36064879705774
2012-06-23 07:00:00,107.90191139884215
2012-06-23 08:00:00,230.0209673703862
2012-06-23 09:00:00,302.7141919171391
2012-06-23 10:00:00,412.2735989490231
2012-06-23 11:00:00,551.6625682047389
2012-06-23 12:00:00,608.8190169529956
2012-06-23 13:00:00,607.2594575124359
2012-06-23 14:00:00,619.798201550613
2012-06-23 15:00:00,597.4407531127292
2012-06-23 16:00:00,573.7250338572915
2012-06-23 17:00:00,565.2733876415293
2012-06-23 18:00:00,525.6716492669135
2012-06-23 19:00:00,420.6130867950383
2012-06-23 20:00:00,347.5427337030117
2012-06-23 21:00:00,266.0392465328937
2012-06-23 22:00:00,222.21314272821724
2012-06-23 23:00:00,185.4448973891769
2012-06-24 00:00:00,110.47507253538886
2012-06-24 01:00:00,82.28732568853245
2012-06-24 02:00:00,69.42669811502044
2012-06-24 03:00:00,34.52068516653041
2012-06-24 04:00:00,20.094245919587202
2012-06-24 05:00:00,17.739558694845858
2012-06-24 06:00:00,7.3478495628562746
2012-06-24 07:00:00,84.96693546594697
2012-06-24 08:00:00,193.12312506605917
2012-06-24 09:00:00,242.28935502330862
2012-06-24 10:00:00,359.73110194903074
2012-06-24 11:00:00,496.9644552283904
2012-06-24 12:00:00,553.234026330581
2012-06-24 13:00:00,563.4856517901313
2012-06-24 14:00:00,537.8258986545827
2012-06-24 15:00:00,518.6271510911519
2012-06-24 16:00:00,499.1962552173905
2012-06-24 17:00:00,504.1021909692348
2012-06-24 18:00:00,454.72706835324686
2012-06-24 19:00:00,373.5870547080578
2012-06-24 20:00:00,276.02190590420247
2012-06-24 21:00:00,205.6295574921517
2012-06-24 22:00:00,159.09883999390416
2012-06-24 23:00:00,125.44700064261694
2012-06-25 00:00:00,30.646352379283226
2012-06-25 01:00:00,15.769255261711592
2012-06-25 02:00:00,10.535670225284132
2012-06-25 03:00:00,9.35151381519663
2012-06-25 04:00:00,0.4398252212424283
2012-06-25 05:00:00,29.416796863704498
2012-06-25 06:00:00,119.7833878123209
2012-06-25 07:00:00,350.58400096877034
2012-06-25 08:00:00,536.9159756368445
2012-06-25 09:00:00,304.77259587185034
2012-06-25 10:00:00,194.26347963060107
2012-06-25 11:00:00,209.0271590753237
2012-06-25 12:00:00,241.88922314322494
2012-06-25 13:00:00,239.96112514502252
2012-06-25 14:00:00,246.50464515158538
2012-06-25 15:00:00,236.75861343189803
2012-06-25 16:00:00,370.3602529037644
2012-06-25 17:00:00,710.6861897942953
2012-06-25 18:00:00,705.2223476339827
2012-06-25 19:00:00,466.5488057651874
2012-06-25 20:00:00,333.4886570028225
2012-06-25 21:00:00,243.36900814251965
2012-06-25 22:00:00,170.16206102457775
2012-06-25 23:00:00,104.98764961989319
2012-06-26 00:00:00,40.610728244367
2012-06-26 01:00:00,25.72054687379888
2012-06-26 02:00:00,17.24034517631733
2012-06-26 03:00:00,16.285664966116176
2012-06-26 04:00:00,16.285664966116176
2012-06-26 05:00:00,39.04502849965921
2012-06-26 06:00:00,144.702329577059
2012-06-26 07:00:00,386.28414288738554
2012-06-26 08:00:00,635.467388734789
2012-06-26 09:00:00,338.3745562871361
2012-06-26 10:00:00,209.32628926907023
2012-06-26 11:00:00,231.83830499613518
2012-06-26 12:00:00,267.1796377788673
2012-06-26 13:00:00,268.39663639463595
2012-06-26 14:00:00,255.11258609133128
2012-06-26 15:00:00,256.04884215926086
2012-06-26 16:00:00,393.3752578860598
2012-06-26 17:00:00,749.2049276139583
2012-06-26 18:00:00,746.2644410819341
2012-06-26 19:00:00,511.1545109409372
2012-06-26 20:00:00,374.78248887887787
2012-06-26 21:00:00,277.00077669843904
2012-06-26 22:00:00,209.96549694738505
2012-06-26 23:00:00,147.4804539131982
2012-06-27 00:00:00,45.066990393569135
2012-06-27 01:00:00,29.824828662722098
2012-06-27 02:00:00,17.14845946166121
2012-06-27 03:00:00,15.431614224233533
2012-06-27 04:00:00,24.67732512570512
2012-06-27 05:00:00,41.71625100736923
2012-06-27 06:00:00,144.37574841631863
2012-06-27 07:00:00,371.06376670140736
2012-06-27 08:00:00,605.0259036213436
2012-06-27 09:00:00,329.09864324131024
2012-06-27 10:00:00,215.80734379102407
2012-06-27 11:00:00,235.37830019315487
2012-06-27 12:00:00,276.61722810569137
2012-06-27 13:00:00,271.9983708580624
2012-06-27 14:00:00,257.49440597794865
2012-06-27 15:00:00,252.6528987451484
2012-06-27 16:00:00,390.2505195633434
2012-06-27 17:00:00,744.2355575725516
2012-06-27 18:00:00,752.3559321440988
2012-06-27 19:00:00,508.03130364805855
2012-06-27 20:00:00,382.18474530953523
2012-06-27 21:00:00,283.08568661608024
2012-06-27 22:00:00,220.44507298216882
2012-06-27 23:00:00,163.61075953088758
2012-06-28 00:00:00,45.09333981484822
2012-06-28 01:00:00,26.11021423160115
2012-06-28 02:00:00,21.189670976644607
2012-06-28 03:00:00,20.234990766443453
2012-06-28 04:00:00,19.78856849550007
2012-06-28 05:00:00,37.445120368647984
2012-06-28 06:00:00,136.7674900323856
2012-06-28 07:00:00,371.42661798502564
2012-06-28 08:00:00,596.4346609925633
2012-06-28 09:00:00,329.863915002248
2012-06-28 10:00:00,213.14055517644204
2012-06-28 11:00:00,233.5556209818206
2012-06-28 12:00:00,282.9446601178253
2012-06-28 13:00:00,275.58414075392335
2012-06-28 14:00:00,256.71463166634203
2012-06-28 15:00:00,262.7844537054649
2012-06-28 16:00:00,406.75206874827046
2012-06-28 17:00:00,742.1231255504622
2012-06-28 18:00:00,732.230203905086
2012-06-28 19:00:00,504.0882601252044
2012-06-28 20:00:00,375.65764574065213
2012-06-28 21:00:00,286.5240704930973
2012-06-28 22:00:00,226.63982241894107
2012-06-28 23:00:00,174.87942707375217
2012-06-29 00:00:00,63.4515974596809
2012-06-29 01:00:00,36.12969763780235
2012-06-29 02:00:00,25.558653873989645
2012-06-29 03:00:00,22.368215072901837
2012-06-29 04:00:00,22.38681316663188
2012-06-29 05:00:00,34.7663419603335
2012-06-29 06:00:00,125.94541621056977
2012-06-29 07:00:00,351.13337681318365
2012-06-29 08:00:00,536.6405363530961
2012-06-29 09:00:00,343.9235884709944
2012-06-29 10:00:00,243.43120995297318
2012-06-29 11:00:00,255.0467110302556
2012-06-29 12:00:00,301.4055055343261
2012-06-29 13:00:00,316.0059769594075
2012-06-29 14:00:00,316.3179877067914
2012-06-29 15:00:00,321.7273768583848
2012-06-29 16:00:00,447.0829818028719
2012-06-29 17:00:00,694.5185629643685
2012-06-29 18:00:00,667.094061130258
2012-06-29 19:00:00,448.658545483554
2012-06-29 20:00:00,333.3700113368902
2012-06-29 21:00:00,238.0819434306264
2012-06-29 22:00:00,145.61316764582062
2012-06-29 23:00:00,133.64332797575648
2012-06-30 00:00:00,99.25840983381185
2012-06-30 01:00:00,76.12425957884884
2012-06-30 02:00:00,62.409296439755366
2012-06-30 03:00:00,33.51167339941328
2012-06-30 04:00:00,15.727812641508963
2012-06-30 05:00:00,21.388771902466466
2012-06-30 06:00:00,26.784302244478205
2012-06-30 07:00:00,100.1149549867116
2012-06-30 08:00:00,176.20757296451913
2012-06-30 09:00:00,251.77132904565855
2012-06-30 10:00:00,400.14141169090425
2012-06-30 11:00:00,539.0514079262898
2012-06-30 12:00:00,602.1682119525524
2012-06-30 13:00:00,602.5476778801464
2012-06-30 14:00:00,599.6960587470862
2012-06-30 15:00:00,596.5993086254211
2012-06-30 16:00:00,551.7869087529908
2012-06-30 17:00:00,549.6201121741855
2012-06-30 18:00:00,513.9540687513147
2012-06-30 19:00:00,426.97779213424195
2012-06-30 20:00:00,351.4346968365265
2012-06-30 21:00:00,272.08893914725445
2012-06-30 22:00:00,231.35516041767852
2012-06-30 23:00:00,196.94180893570723
2012-07-20 00:00:00,49.78626329333831
2012-07-20 01:00:00,33.50724835825151
2012-07-20 02:00:00,19.558446718471693
2012-07-20 03:00:00,16.368007917383892
2012-07-20 04:00:00,17.578617776934912
2012-07-20 05:00:00,26.98941948450029
2012-07-20 06:00:00,114.64612985144589
2012-07-20 07:00:00,355.3758577903155
2012-07-20 08:00:00,541.7176575437607
2012-07-20 09:00:00,336.292289223247
2012-07-20 10:00:00,217.93963974142602
2012-07-20 11:00:00,190.24364284242168
2012-07-20 12:00:00,218.07155522918973
2012-07-20 13:00:00,213.77821582733154
2012-07-20 14:00:00,219.71300442352674
2012-07-20 15:00:00,265.8215460147181
2012-07-20 16:00:00,352.62013408274055
2012-07-20 17:00:00,494.48817444739774
2012-07-20 18:00:00,521.8076076146723
2012-07-20 19:00:00,361.1352048079888
2012-07-20 20:00:00,165.3610207261325
2012-07-20 21:00:00,106.39469849694181
2012-07-20 22:00:00,176.56829295663192
2012-07-20 23:00:00,128.0502081314928
2012-07-21 00:00:00,91.0932492710695
2012-07-21 01:00:00,84.53932826855927
2012-07-21 02:00:00,45.43738971406478
2012-07-21 03:00:00,23.59689616514659
2012-07-21 04:00:00,9.597352209341686
2012-07-21 05:00:00,15.805519799485237
2012-07-21 06:00:00,5.602706587817698
2012-07-21 07:00:00,84.83392694589318
2012-07-21 08:00:00,165.67117677391175
2012-07-21 09:00:00,246.53944389619244
2012-07-21 10:00:00,242.17717307099488
2012-07-21 11:00:00,478.5178179091458
2012-07-21 12:00:00,418.0145665169929
2012-07-21 13:00:00,429.4291152628369
2012-07-21 14:00:00,497.4725269493752
2012-07-21 15:00:00,396.3665707432857
2012-07-21 16:00:00,352.33090215185865
2012-07-21 17:00:00,359.8712412512768
2012-07-21 18:00:00,431.0888042180279
2012-07-21 19:00:00,360.6016144088049
2012-07-21 20:00:00,194.840440983487
2012-07-21 21:00:00,214.4145017784506
2012-07-21 22:00:00,164.9770967929719
2012-07-21 23:00:00,141.00238804772354
2012-07-22 00:00:00,98.26415694755443
2012-07-22 01:00:00,81.48497301385487
2012-07-22 02:00:00,61.06913412800693
2012-07-22 03:00:00,30.39670326456773
2012-07-22 04:00:00,14.883200176733071
2012-07-22 05:00:00,13.9393251343307
2012-07-22 06:00:00,11.940633759121638
2012-07-22 07:00:00,79.59151774887141
2012-07-22 08:00:00,132.77575102871765
2012-07-22 09:00:00,230.84340991141082
2012-07-22 10:00:00,349.38060828564164
2012-07-22 11:00:00,490.4104078587964
2012-07-22 12:00:00,536.765129745087
2012-07-22 13:00:00,560.5933105552979
2012-07-22 14:00:00,547.0260551105546
2012-07-22 15:00:00,549.6734501946304
2012-07-22 16:00:00,507.7812794684528
2012-07-22 17:00:00,531.3263354794797
2012-07-22 18:00:00,469.57301756124525
2012-07-22 19:00:00,373.7538096468082
2012-07-22 20:00:00,266.19321458951424
2012-07-22 21:00:00,196.09138150844572
2012-07-22 22:00:00,156.18030230207822
2012-07-22 23:00:00,118.31045581310704
2012-07-23 00:00:00,6.798421735622278
2012-07-23 01:00:00,0.0
2012-07-23 02:00:00,0.0
2012-07-23 03:00:00,0.0
2012-07-23 04:00:00,0.0
2012-07-23 05:00:00,0.0
2012-07-23 06:00:00,80.51132282309815
2012-07-23 07:00:00,337.3140922814545
2012-07-23 08:00:00,532.1621717312571
2012-07-23 09:00:00,321.85959703523656
2012-07-23 10:00:00,189.88124512145114
2012-07-23 11:00:00,216.18016095090397
2012-07-23 12:00:00,257.26226411595553
2012-07-23 13:00:00,255.85635499961217
2012-07-23 14:00:00,248.7216856929896
2012-07-23 15:00:00,249.28723958245652
2012-07-23 16:00:00,385.77080477272966
2012-07-23 17:00:00,740.7847394686879
2012-07-23 18:00:00,735.1994600433296
2012-07-23 19:00:00,498.90151974727274
2012-07-23 20:00:00,365.2047725110687
2012-07-23 21:00:00,262.223004201303
2012-07-23 22:00:00,189.47782590919297
2012-07-23 23:00:00,117.20277918286585
2012-07-24 00:00:00,40.23903863467745
2012-07-24 01:00:00,20.395829249130376
2012-07-24 02:00:00,15.781721616597519
2012-07-24 03:00:00,14.827041406396365
2012-07-24 04:00:00,13.616431546845334
2012-07-24 05:00:00,36.8625485924687
2012-07-24 06:00:00,138.91729802967467
2012-07-24 07:00:00,383.5204135671553
2012-07-24 08:00:00,576.3696191742183
2012-07-24 09:00:00,323.45807496300006
2012-07-24 10:00:00,206.47791326580983
2012-07-24 11:00:00,211.68605119537995
2012-07-24 12:00:00,248.3811725092494
2012-07-24 13:00:00,239.888790946536
2012-07-24 14:00:00,239.84059408628346
2012-07-24 15:00:00,253.41513441337037
2012-07-24 16:00:00,391.55410678968786
2012-07-24 17:00:00,745.0242706761159
2012-07-24 18:00:00,741.7205031442096
2012-07-24 19:00:00,507.3581274057982
2012-07-24 20:00:00,365.95424448554854
2012-07-24 21:00:00,270.1709246356413
2012-07-24 22:00:00,204.5453332022301
2012-07-24 23:00:00,143.04985103980528
2012-07-25 00:00:00,42.77266970404059
2012-07-25 01:00:00,27.388113432895278
2012-07-25 02:00:00,21.346389044252543
2012-07-25 03:00:00,19.86599146215882
2012-07-25 04:00:00,19.86599146215882
2012-07-25 05:00:00,37.076121064363356
2012-07-25 06:00:00,134.94152867110316
2012-07-25 07:00:00,367.28805276450566
2012-07-25 08:00:00,597.6476907875327
2012-07-25 09:00:00,331.4658905900958
2012-07-25 10:00:00,216.5105038474929
2012-07-25 11:00:00,236.35409379510284
2012-07-25 12:00:00,277.2379737836695
2012-07-25 13:00:00,276.6126595299528
2012-07-25 14:00:00,272.23802971800825
2012-07-25 15:00:00,276.07848903847486
2012-07-25 16:00:00,410.08165258399606
2012-07-25 17:00:00,755.9684435666654
2012-07-25 18:00:00,760.1981050943793
2012-07-25 19:00:00,517.688018254594
2012-07-25 20:00:00,382.63130586123384
2012-07-25 21:00:00,283.5347287857039
2012-07-25 22:00:00,229.81440047551908
2012-07-25 23:00:00,159.94949412842612
2012-07-26 00:00:00,45.62717788873901
2012-07-26 01:00:00,25.737845635916734
2012-07-26 02:00:00,20.36308976973292
2012-07-26 03:00:00,19.408409559531766
2012-07-26 04:00:00,19.712812749507574
2012-07-26 05:00:00,36.9229423517121
2012-07-26 06:00:00,137.76708192936707
2012-07-26 07:00:00,378.9315371572937
2012-07-26 08:00:00,572.134814981384
2012-07-26 09:00:00,326.9830663521747
2012-07-26 10:00:00,202.2732549678602
2012-07-26 11:00:00,226.34328572760396
2012-07-26 12:00:00,256.9104808462756
2012-07-26 13:00:00,250.50529581686072
2012-07-26 14:00:00,242.10184020607292
2012-07-26 15:00:00,246.86635050331444
2012-07-26 16:00:00,372.3454895518746
2012-07-26 17:00:00,701.8734462276668
2012-07-26 18:00:00,693.02848901888
2012-07-26 19:00:00,467.9013011754467
2012-07-26 20:00:00,367.04962404817974
2012-07-26 21:00:00,247.36410518098586
2012-07-26 22:00:00,187.4798571068296
2012-07-26 23:00:00,165.2929056954906
2012-07-27 00:00:00,61.94106682509768
2012-07-27 01:00:00,33.046685350902195
2012-07-27 02:00:00,24.14130904353322
2012-07-27 03:00:00,20.129513761300327
2012-07-27 04:00:00,20.95087024244541
2012-07-27 05:00:00,33.595089381641586
2012-07-27 06:00:00,128.30842808239638
2012-07-27 07:00:00,363.587242639687
2012-07-27 08:00:00,547.598557251544
2012-07-27 09:00:00,346.9506409098504
2012-07-27 10:00:00,251.57359361551198
2012-07-27 11:00:00,279.0827753488793
2012-07-27 12:00:00,328.5384620966752
2012-07-27 13:00:00,323.1023659189464
2012-07-27 14:00:00,313.2045403415047
2012-07-27 15:00:00,330.7491959181289
2012-07-27 16:00:00,457.725496641256
2012-07-27 17:00:00,711.886844799473
2012-07-27 18:00:00,699.2281920172549
2012-07-27 19:00:00,460.77319659750043
2012-07-27 20:00:00,356.89042166124597
2012-07-27 21:00:00,276.2506949952395
2012-07-27 22:00:00,233.01297392044955
2012-07-27 23:00:00,186.28147097743422
2012-07-28 00:00:00,111.46347200910886
2012-07-28 01:00:00,84.58733823438664
2012-07-28 02:00:00,65.4043276134894
2012-07-28 03:00:00,36.50670457314731
2012-07-28 04:00:00,24.831621550829365
2012-07-28 05:00:00,26.529682552920416
2012-07-28 06:00:00,30.113630214992973
2012-07-28 07:00:00,119.49779040262605
2012-07-28 08:00:00,237.05895204463843
2012-07-28 09:00:00,298.7422036160631
2012-07-28 10:00:00,407.53427217499603
2012-07-28 11:00:00,544.5878114306071
2012-07-28 12:00:00,609.9661768111655
2012-07-28 13:00:00,598.2096081818537
2012-07-28 14:00:00,598.5695889834722
2012-07-28 15:00:00,595.2376824334311
2012-07-28 16:00:00,557.5431482797666
2012-07-28 17:00:00,558.9407460515706
2012-07-28 18:00:00,521.4141880759535
2012-07-28 19:00:00,381.27831881322913
2012-07-28 20:00:00,312.4620454185834
2012-07-28 21:00:00,270.1964139444734
2012-07-28 22:00:00,222.57544761625806
2012-07-28 23:00:00,184.91841278074992
2012-07-29 00:00:00,106.65014915020137
2012-07-29 01:00:00,84.99978369131713
2012-07-29 02:00:00,65.4853074888944
2012-07-29 03:00:00,34.85360900893496
2012-07-29 04:00:00,18.683433737248233
2012-07-29 05:00:00,13.815889795213884
2012-07-29 06:00:00,5.9419053976215235
2012-07-29 07:00:00,88.42719478535612
2012-07-29 08:00:00,185.60016158549897
2012-07-29 09:00:00,245.360300898202
2012-07-29 10:00:00,366.92194414483384
2012-07-29 11:00:00,512.6208992561318
2012-07-29 12:00:00,568.2675942241088
2012-07-29 13:00:00,576.0825535989834
2012-07-29 14:00:00,551.4214034454686
2012-07-29 15:00:00,548.4409380311911
2012-07-29 16:00:00,510.90856513026847
2012-07-29 17:00:00,516.3185378440159
2012-07-29 18:00:00,475.0226637920537
2012-07-29 19:00:00,375.02284958701637
2012-07-29 20:00:00,279.53132729207067
2012-07-29 21:00:00,206.69637909906464
2012-07-29 22:00:00,154.41636348038296
2012-07-29 23:00:00,117.74097170039634
2012-07-30 00:00:00,31.035897104971095
2012-07-30 01:00:00,11.403458961529372
2012-07-30 02:00:00,9.852153824458647
2012-07-30 03:00:00,0.0
2012-07-30 04:00:00,0.0
2012-07-30 05:00:00,18.317883499742077
2012-07-30 06:00:00,111.82521376697153
2012-07-30 07:00:00,339.1497544801283
2012-07-30 08:00:00,544.6726236770058
2012-07-30 09:00:00,323.06317027452644
2012-07-30 10:00:00,183.6685521875662
2012-07-30 11:00:00,215.58178351748913
2012-07-30 12:00:00,256.1547164784196
2012-07-30 13:00:00,256.82575271805655
2012-07-30 14:00:00,241.92853505976422
2012-07-30 15:00:00,248.1184584824147
2012-07-30 16:00:00,379.1051901320628
2012-07-30 17:00:00,740.855328361811
2012-07-30 18:00:00,720.1065460656314
2012-07-30 19:00:00,498.48587921509403
2012-07-30 20:00:00,357.1975716235085
2012-07-30 21:00:00,254.3588120906668
2012-07-30 22:00:00,169.4617735315135
2012-07-30 23:00:00,107.61147333595218
2012-07-31 00:00:00,39.13562182968086
2012-07-31 01:00:00,20.395829249130376
2012-07-31 02:00:00,15.781721616597519
2012-07-31 03:00:00,13.616431546845334
2012-07-31 04:00:00,13.616431546845334
2012-07-31 05:00:00,38.07315845201973
2012-07-31 06:00:00,108.92868295904128
2012-07-31 07:00:00,383.89646612575217
2012-07-31 08:00:00,575.7052368143804
2012-07-31 09:00:00,327.36923531161295
2012-07-31 10:00:00,196.6474070704224
2012-07-31 11:00:00,229.11717285571478
2012-07-31 12:00:00,266.3416837576705
2012-07-31 13:00:00,261.2232357598573
2012-07-31 14:00:00,249.82598372025396
2012-07-31 15:00:00,259.59751036173805
2012-07-31 16:00:00,395.4904674542082
2012-07-31 17:00:00,750.4227490868917
2012-07-31 18:00:00,749.2498005863921
2012-07-31 19:00:00,379.2379505642206
2012-07-31 20:00:00,256.10486635712044
2012-07-31 21:00:00,263.6493945509579
2012-07-31 22:00:00,208.0070020373273
2012-07-31 23:00:00,113.00836743811799
2012-08-20 00:00:00,24.425085853807804
2012-08-20 01:00:00,6.269698371987666
2012-08-20 02:00:00,0.501770258888325
2012-08-20 03:00:00,0.0
2012-08-20 04:00:00,0.1691606027731786
2012-08-20 05:00:00,18.634581374465334
2012-08-20 06:00:00,131.77425816885733
2012-08-20 07:00:00,360.3412244232581
2012-08-20 08:00:00,591.3096419170569
2012-08-20 09:00:00,316.1191063993705
2012-08-20 10:00:00,172.25731790911695
2012-08-20 11:00:00,202.27542492254202
2012-08-20 12:00:00,249.9208678187012
2012-08-20 13:00:00,251.8561381088075
2012-08-20 14:00:00,238.10810946994368
2012-08-20 15:00:00,245.81171088034813
2012-08-20 16:00:00,386.3616859300918
2012-08-20 17:00:00,748.904394493468
2012-08-20 18:00:00,538.1106804051705
2012-08-20 19:00:00,401.88502557959447
2012-08-20 20:00:00,228.7933535347906
2012-08-20 21:00:00,207.49248842714832
2012-08-20 22:00:00,129.8998009716653
2012-08-20 23:00:00,68.47632394555538
2012-08-21 00:00:00,32.50826511289766
2012-08-21 01:00:00,16.94221639954727
2012-08-21 02:00:00,0.0
2012-08-21 03:00:00,1.5291349244543082
2012-08-21 04:00:00,1.5291349244543082
2012-08-21 05:00:00,33.34429721466872
2012-08-21 06:00:00,140.55146283514213
2012-08-21 07:00:00,396.60818429610634
2012-08-21 08:00:00,630.3772194917472
2012-08-21 09:00:00,329.59495267719325
2012-08-21 10:00:00,203.54207244622796
2012-08-21 11:00:00,228.11771570386782
2012-08-21 12:00:00,269.89545023637567
2012-08-21 13:00:00,274.9962461967377
2012-08-21 14:00:00,260.8178338111089
2012-08-21 15:00:00,267.87373848847426
2012-08-21 16:00:00,406.15739008592806
2012-08-21 17:00:00,754.714574776231
2012-08-21 18:00:00,748.0878437498748
2012-08-21 19:00:00,318.8046082034263
2012-08-21 20:00:00,363.6026361853374
2012-08-21 21:00:00,270.86965482618746
2012-08-21 22:00:00,180.5613180180087
2012-08-21 23:00:00,105.99167497160128
2012-08-22 00:00:00,38.10909223353615
2012-08-22 01:00:00,20.649148691161976
2012-08-22 02:00:00,14.740049748306285
2012-08-22 03:00:00,13.785369538105131
2012-08-22 04:00:00,10.896557105956468
2012-08-22 05:00:00,31.794120591291595
2012-08-22 06:00:00,139.00128621176503
2012-08-22 07:00:00,391.77487923184526
2012-08-22 08:00:00,595.0919826662683
2012-08-22 09:00:00,322.0053451376735
2012-08-22 10:00:00,208.47054594925194
2012-08-22 11:00:00,231.9889900640726
2012-08-22 12:00:00,266.94410611832507
2012-08-22 13:00:00,264.7817267526155
2012-08-22 14:00:00,259.57571610688916
2012-08-22 15:00:00,264.53374459934736
2012-08-22 16:00:00,310.47943048200284
2012-08-22 17:00:00,635.29619794153
2012-08-22 18:00:00,624.9447422470759
2012-08-22 19:00:00,431.5453949667426
2012-08-22 20:00:00,373.0062505296919
2012-08-22 21:00:00,280.27326917054194
2012-08-22 22:00:00,217.19059715625278
2012-08-22 23:00:00,121.01057820846617
2012-08-23 00:00:00,41.64016872599007
2012-08-23 01:00:00,19.672365984009563
2012-08-23 02:00:00,13.763267041153872
2012-08-23 03:00:00,12.808586830952718
2012-08-23 04:00:00,12.808586830952718
2012-08-23 05:00:00,30.81733788413918
2012-08-23 06:00:00,118.79198950964154
2012-08-23 07:00:00,381.97646607498956
2012-08-23 08:00:00,580.2518298727699
2012-08-23 09:00:00,324.5709240395756
2012-08-23 10:00:00,209.58299169978676
2012-08-23 11:00:00,232.8877683799443
2012-08-23 12:00:00,276.9056423445227
2012-08-23 13:00:00,274.91065297518145
2012-08-23 14:00:00,255.1090017288374
2012-08-23 15:00:00,261.2989251514879
2012-08-23 16:00:00,402.5290705074771
2012-08-23 17:00:00,757.7122871413992
2012-08-23 18:00:00,743.2020962527015
2012-08-23 19:00:00,511.30224643448264
2012-08-23 20:00:00,378.84009372262864
2012-08-23 21:00:00,286.08707459404457
2012-08-23 22:00:00,202.01707811793202
2012-08-23 23:00:00,138.14297130360592
2012-08-24 00:00:00,54.5709745767224
2012-08-24 01:00:00,32.19766054670047
2012-08-24 02:00:00,21.242424127825732
2012-08-24 03:00:00,18.05198532673792
2012-08-24 04:00:00,19.38085662987934
2012-08-24 05:00:00,28.586931583650262
2012-08-24 06:00:00,126.87766596690345
2012-08-24 07:00:00,366.66400643482626
2012-08-24 08:00:00,539.1059340927812
2012-08-24 09:00:00,341.77435990910107
2012-08-24 10:00:00,234.8678500166599
2012-08-24 11:00:00,264.5092227566309
2012-08-24 12:00:00,317.99653318663
2012-08-24 13:00:00,317.12177382620376
2012-08-24 14:00:00,330.12561337665835
2012-08-24 15:00:00,316.2028868427003
2012-08-24 16:00:00,444.1704819566053
2012-08-24 17:00:00,702.3160339823452
2012-08-24 18:00:00,666.0866953835964
2012-08-24 19:00:00,436.1094549464328
2012-08-24 20:00:00,315.9905580395147
2012-08-24 21:00:00,243.31612939492294
2012-08-24 22:00:00,206.13007923755964
2012-08-24 23:00:00,159.10579079469952
2012-08-25 00:00:00,99.95589301026753
2012-08-25 01:00:00,81.2821669765687
2012-08-25 02:00:00,61.577503474878526
2012-08-25 03:00:00,31.592285162866137
2012-08-25 04:00:00,22.46298648728138
2012-08-25 05:00:00,24.63965267415786
2012-08-25 06:00:00,30.861746510748112
2012-08-25 07:00:00,104.19239925298149
2012-08-25 08:00:00,208.43966239793218
2012-08-25 09:00:00,268.6659463349543
2012-08-25 10:00:00,380.4789492538688
2012-08-25 11:00:00,520.6868787395263
2012-08-25 12:00:00,477.1050014890623
2012-08-25 13:00:00,557.8583956800451
2012-08-25 14:00:00,485.8039302995309
2012-08-25 15:00:00,536.8547609790593
2012-08-25 16:00:00,465.09362071358504
2012-08-25 17:00:00,468.5603245069832
2012-08-25 18:00:00,445.1185317922642
2012-08-25 19:00:00,353.0877460826131
2012-08-25 20:00:00,169.5430834795661
2012-08-25 21:00:00,222.1566459667682
2012-08-25 22:00:00,164.44497389718822
2012-08-25 23:00:00,137.61871505475284
2012-08-26 00:00:00,99.37803330089854
2012-08-26 01:00:00,79.96423871828722
2012-08-26 02:00:00,56.5360762836144
2012-08-26 03:00:00,25.193291412677976
2012-08-26 04:00:00,15.13407059568852
2012-08-26 05:00:00,10.752486593268841
2012-08-26 06:00:00,0.6182794882811058
2012-08-26 07:00:00,71.71873956149376
2012-08-26 08:00:00,178.45381650621783
2012-08-26 09:00:00,230.48005307398424
2012-08-26 10:00:00,359.4820558979183
2012-08-26 11:00:00,504.1514186801365
2012-08-26 12:00:00,421.64628316788
2012-08-26 13:00:00,427.13387281998837
2012-08-26 14:00:00,512.8114453443762
2012-08-26 15:00:00,378.24832881837943
2012-08-26 16:00:00,303.35026361685163
2012-08-26 17:00:00,435.6964481209467
2012-08-26 18:00:00,381.0467334899625
2012-08-26 19:00:00,314.4159315255112
2012-08-26 20:00:00,223.79763607391754
2012-08-26 21:00:00,156.7772566955533
2012-08-26 22:00:00,101.8199328973917
2012-08-26 23:00:00,80.24635394721479
2012-08-27 00:00:00,25.57732397249668
2012-08-27 01:00:00,0.0
2012-08-27 02:00:00,0.0
2012-08-27 03:00:00,0.0
2012-08-27 04:00:00,0.0
2012-08-27 05:00:00,0.0
2012-08-27 06:00:00,89.20250820163817
2012-08-27 07:00:00,338.9124852268702
2012-08-27 08:00:00,525.2444598949443
2012-08-27 09:00:00,294.24256628731825
2012-08-27 10:00:00,182.88482105812818
2012-08-27 11:00:00,208.60226485208253
2012-08-27 12:00:00,256.410698618903
2012-08-27 13:00:00,254.46044323928686
2012-08-27 14:00:00,245.56000931345898
2012-08-27 15:00:00,243.7602362101926
2012-08-27 16:00:00,383.76186911165183
2012-08-27 17:00:00,730.3586672757705
2012-08-27 18:00:00,733.63930785838
2012-08-27 19:00:00,476.7344050957468
2012-08-27 20:00:00,353.01251939373134
2012-08-27 21:00:00,251.00999817570676
2012-08-27 22:00:00,154.94750503439684
2012-08-27 23:00:00,100.59945846569737
2012-08-28 00:00:00,37.16882262666687
2012-08-28 01:00:00,11.236398709265824
2012-08-28 02:00:00,14.267744723212832
2012-08-28 03:00:00,2.632222406969447
2012-08-28 04:00:00,13.313064513011678
2012-08-28 05:00:00,34.659866393887334
2012-08-28 06:00:00,99.96445934407338
2012-08-28 07:00:00,371.33762227354106
2012-08-28 08:00:00,560.9541422469985
2012-08-28 09:00:00,325.6877295568614
2012-08-28 10:00:00,202.23837947781522
2012-08-28 11:00:00,224.83032441469638
2012-08-28 12:00:00,266.0174556786794
2012-08-28 13:00:00,266.08125351989605
2012-08-28 14:00:00,250.78919396113446
2012-08-28 15:00:00,263.14316433190527
2012-08-28 16:00:00,398.448292304004
2012-08-28 17:00:00,736.1948353817103
2012-08-28 18:00:00,747.809993164691
2012-08-28 19:00:00,508.48301126073386
2012-08-28 20:00:00,370.7247861819646
2012-08-28 21:00:00,276.70639009569305
2012-08-28 22:00:00,210.92185902397773
2012-08-28 23:00:00,145.90899617752672
2012-08-29 00:00:00,41.92795987193389
2012-08-29 01:00:00,23.188167291383415
2012-08-29 02:00:00,15.538671199288197
2012-08-29 03:00:00,13.785369538105131
2012-08-29 04:00:00,14.583990989087043
2012-08-29 05:00:00,31.794120591291595
2012-08-29 06:00:00,139.00128621176503
2012-08-29 07:00:00,373.96768735285343
2012-08-29 08:00:00,594.9222637762023
2012-08-29 09:00:00,325.4183721933765
2012-08-29 10:00:00,208.2224401249936
2012-08-29 11:00:00,236.24950075599668
2012-08-29 12:00:00,274.6230734003448
2012-08-29 13:00:00,274.70682391598604
2012-08-29 14:00:00,263.5786299688441
2012-08-29 15:00:00,272.4327212470284
2012-08-29 16:00:00,409.60070057618606
2012-08-29 17:00:00,763.091424804852
2012-08-29 18:00:00,758.6629837535921
2012-08-29 19:00:00,518.4092276362568
2012-08-29 20:00:00,380.87819615203745
2012-08-29 21:00:00,287.34660111928645
2012-08-29 22:00:00,225.4398092072223
2012-08-29 23:00:00,159.60770795221123
2012-08-30 00:00:00,43.3805658752296
2012-08-30 01:00:00,24.251881856058272
2012-08-30 02:00:00,15.841737530312091
2012-08-30 03:00:00,14.88705732011094
2012-08-30 04:00:00,14.88705732011094
2012-08-30 05:00:00,32.09718692231548
2012-08-30 06:00:00,138.0245035046126
2012-08-30 07:00:00,378.3813813106275
2012-08-30 08:00:00,596.1502874568954
2012-08-30 09:00:00,325.4183721933765
2012-08-30 10:00:00,210.3609674268227
2012-08-30 11:00:00,235.22314090497406
2012-08-30 12:00:00,272.90272848256774
2012-08-30 13:00:00,267.06429569679335
2012-08-30 14:00:00,258.7608437163228
2012-08-30 15:00:00,264.1166741219613
2012-08-30 16:00:00,400.4356746336969
2012-08-30 17:00:00,738.2367877679003
2012-08-30 18:00:00,736.2258496926424
2012-08-30 19:00:00,514.8710006848081
2012-08-30 20:00:00,380.77210077898854
2012-08-30 21:00:00,281.6985418733226
2012-08-30 22:00:00,221.1138555500207
2012-08-30 23:00:00,158.17161969413561
2012-08-31 00:00:00,58.760290249767195
2012-08-31 01:00:00,31.582432070237367
2012-08-31 02:00:00,16.700827578185088
2012-08-31 03:00:00,12.71176732611537
2012-08-31 04:00:00,13.510388777097281
2012-08-31 05:00:00,25.35075550156986
2012-08-31 06:00:00,112.97779387141333
2012-08-31 07:00:00,352.908900359301
2012-08-31 08:00:00,539.4793694012692
2012-08-31 09:00:00,332.00086171025464
2012-08-31 10:00:00,251.11926641537957
2012-08-31 11:00:00,285.6783839781789
2012-08-31 12:00:00,354.89796918480374
2012-08-31 13:00:00,353.576558459105
2012-08-31 14:00:00,350.1222687531162
2012-08-31 15:00:00,353.9952699274092
2012-08-31 16:00:00,475.145977484623
2012-08-31 17:00:00,720.0366300209199
2012-08-31 18:00:00,682.9356233803215
2012-08-31 19:00:00,456.97614298867285
2012-08-31 20:00:00,351.4352699875587
2012-08-31 21:00:00,264.4139503881147
2012-08-31 22:00:00,222.30436987810387
2012-08-31 23:00:00,195.58050902178982
2012-09-20 00:00:00,37.35405803894383
2012-09-20 01:00:00,16.70407755247057
2012-09-20 02:00:00,10.794978609614878
2012-09-20 03:00:00,9.840298399413724
2012-09-20 04:00:00,9.840298399413724
2012-09-20 05:00:00,26.82855485903049
2012-09-20 06:00:00,132.37149443174042
2012-09-20 07:00:00,409.9169449062908
2012-09-20 08:00:00,672.4301232310621
2012-09-20 09:00:00,328.9525937330328
2012-09-20 10:00:00,199.77782304948826
2012-09-20 11:00:00,239.51083813142134
2012-09-20 12:00:00,280.39471811998806
2012-09-20 13:00:00,280.0042481471317
2012-09-20 14:00:00,262.45821333581347
2012-09-20 15:00:00,268.648136758464
2012-09-20 16:00:00,403.6501483887935
2012-09-20 17:00:00,758.9370837894172
2012-09-20 18:00:00,739.5696290490233
2012-09-20 19:00:00,516.9346844508561
2012-09-20 20:00:00,360.79003374169656
2012-09-20 21:00:00,271.4072560175808
2012-09-20 22:00:00,203.0486953460098
2012-09-20 23:00:00,140.4022828769935
2012-09-21 00:00:00,57.23995946728312
2012-09-21 01:00:00,28.843628824824176
2012-09-21 02:00:00,15.928780533913393
2012-09-21 03:00:00,9.969837946478345
2012-09-21 04:00:00,9.969837946478345
2012-09-21 05:00:00,23.321548457472392
2012-09-21 06:00:00,122.7304382161749
2012-09-21 07:00:00,359.56400325070405
2012-09-21 08:00:00,592.4636171154073
2012-09-21 09:00:00,342.0955501126168
2012-09-21 10:00:00,259.55306493019475
2012-09-21 11:00:00,289.95971721004327
2012-09-21 12:00:00,335.75455535113304
2012-09-21 13:00:00,336.46249783089644
2012-09-21 14:00:00,322.17495760814495
2012-09-21 15:00:00,343.04368903736844
2012-09-21 16:00:00,472.96735586304357
2012-09-21 17:00:00,733.0975826078011
2012-09-21 18:00:00,687.2562401730789
2012-09-21 19:00:00,461.7525125908178
2012-09-21 20:00:00,346.60185842692687
2012-09-21 21:00:00,256.54182467949124
2012-09-21 22:00:00,200.40090725171532
2012-09-21 23:00:00,141.27885518628605
2012-09-22 00:00:00,110.62164615597831
2012-09-22 01:00:00,82.36971086835526
2012-09-22 02:00:00,54.6335739185332
2012-09-22 03:00:00,29.06864552574915
2012-09-22 04:00:00,16.406527225441625
2012-09-22 05:00:00,19.247125862592448
2012-09-22 06:00:00,30.635542585085318
2012-09-22 07:00:00,106.45849423699224
2012-09-22 08:00:00,181.16993853101616
2012-09-22 09:00:00,289.95403407368246
2012-09-22 10:00:00,409.32858405986934
2012-09-22 11:00:00,546.1132130470984
2012-09-22 12:00:00,587.2252759594004
2012-09-22 13:00:00,576.8296822457525
2012-09-22 14:00:00,595.3628634340728
2012-09-22 15:00:00,590.1986198097133
2012-09-22 16:00:00,542.6158133708959
2012-09-22 17:00:00,560.2678463581157
2012-09-22 18:00:00,532.5051965794306
2012-09-22 19:00:00,435.31442985161976
2012-09-22 20:00:00,351.9895017577293
2012-09-22 21:00:00,268.86545416492635
2012-09-22 22:00:00,224.49549728157947
2012-09-22 23:00:00,187.84093308932688
2012-09-23 00:00:00,111.25811636457333
2012-09-23 01:00:00,90.29093117814043
2012-09-23 02:00:00,63.964797371518614
2012-09-23 03:00:00,31.018582129151614
2012-09-23 04:00:00,15.212076539580465
2012-09-23 05:00:00,14.246114727357623
2012-09-23 06:00:00,2.296821824398986
2012-09-23 07:00:00,120.48791800030654
2012-09-23 08:00:00,152.61936339637037
2012-09-23 09:00:00,206.08276431296625
2012-09-23 10:00:00,365.31613326076143
2012-09-23 11:00:00,504.78364770608596
2012-09-23 12:00:00,590.0642875171644
2012-09-23 13:00:00,603.0069425908304
2012-09-23 14:00:00,605.2099549456608
2012-09-23 15:00:00,592.1359254823703
2012-09-23 16:00:00,543.4458759963082
2012-09-23 17:00:00,499.1679581986959
2012-09-23 18:00:00,429.155963350645
2012-09-23 19:00:00,343.37312463788487
2012-09-23 20:00:00,231.52613581440932
2012-09-23 21:00:00,142.33994187161755
2012-09-23 22:00:00,115.76988967713181
2012-09-23 23:00:00,84.90833832398579
2012-09-24 00:00:00,32.415081889795125
2012-09-24 01:00:00,16.666971596058833
2012-09-24 02:00:00,9.533426781210299
2012-09-24 03:00:00,7.631863473990418
2012-09-24 04:00:00,8.195421022692885
2012-09-24 05:00:00,21.679540413631255
2012-09-24 06:00:00,122.65126012741983
2012-09-24 07:00:00,385.4476572358263
2012-09-24 08:00:00,617.3579455777102
2012-09-24 09:00:00,332.2694846835157
2012-09-24 10:00:00,198.92869891713994
2012-09-24 11:00:00,206.1634379351124
2012-09-24 12:00:00,253.1687548017073
2012-09-24 13:00:00,254.1945852122204
2012-09-24 14:00:00,248.67770015475227
2012-09-24 15:00:00,254.79693484213465
2012-09-24 16:00:00,393.6911536079053
2012-09-24 17:00:00,720.3856551660298
2012-09-24 18:00:00,681.3397210719637
2012-09-24 19:00:00,470.87288456073924
2012-09-24 20:00:00,326.5811827194839
2012-09-24 21:00:00,231.31248066745044
2012-09-24 22:00:00,160.87954365836558
2012-09-24 23:00:00,81.94979622665132
2012-09-25 00:00:00,33.94685425766232
2012-09-25 01:00:00,15.207061677111813
2012-09-25 02:00:00,8.387513983384192
2012-09-25 03:00:00,7.432833773183037
2012-09-25 04:00:00,7.432833773183037
2012-09-25 05:00:00,26.974987843344028
2012-09-25 06:00:00,136.5435791535334
2012-09-25 07:00:00,410.0373003919594
2012-09-25 08:00:00,649.8367172847562
2012-09-25 09:00:00,352.19886503027226
2012-09-25 10:00:00,199.20276937878197
2012-09-25 11:00:00,236.0445239479514
2012-09-25 12:00:00,276.24133176870635
2012-09-25 13:00:00,269.8921203615402
2012-09-25 14:00:00,256.008292368028
2012-09-25 15:00:00,264.4525917130713
2012-09-25 16:00:00,410.1881898523012
2012-09-25 17:00:00,767.0094786517014
2012-09-25 18:00:00,758.3031536442949
2012-09-25 19:00:00,505.99035686815864
2012-09-25 20:00:00,360.40315742036597
2012-09-25 21:00:00,267.670176061216
2012-09-25 22:00:00,201.38410396488422
2012-09-25 23:00:00,131.89285539842297
2012-09-26 00:00:00,38.99601996382422
2012-09-26 01:00:00,22.23828394278202
2012-09-26 02:00:00,14.591959566037184
2012-09-26 03:00:00,13.63727935583603
2012-09-26 04:00:00,13.95324846402379
2012-09-26 05:00:00,33.39146702677863
2012-09-26 06:00:00,139.91564992851917
2012-09-26 07:00:00,392.5325235037069
2012-09-26 08:00:00,644.2819776437797
2012-09-26 09:00:00,325.18508247740044
2012-09-26 10:00:00,192.1459458750919
2012-09-26 11:00:00,238.09030899812205
2012-09-26 12:00:00,275.8247917386595
2012-09-26 13:00:00,276.8358005494468
2012-09-26 14:00:00,252.2390061825181
2012-09-26 15:00:00,261.70628628326943
2012-09-26 16:00:00,411.1882170852955
2012-09-26 17:00:00,774.4502596033841
2012-09-26 18:00:00,763.2416394301899
2012-09-26 19:00:00,517.1806047022823
2012-09-26 20:00:00,370.4382583642457
2012-09-26 21:00:00,278.8875613919959
2012-09-26 22:00:00,141.28243103574277
2012-09-26 23:00:00,103.37461668518657
2012-09-27 00:00:00,43.55949135601654
2012-09-27 01:00:00,23.670159103194237
2012-09-27 02:00:00,17.76106016033855
2012-09-27 03:00:00,16.806379950137394
2012-09-27 04:00:00,10.978851269909104
2012-09-27 05:00:00,31.238962808281983
2012-09-27 06:00:00,126.50958022770519
2012-09-27 07:00:00,390.09985955281604
2012-09-27 08:00:00,603.4207887914372
2012-09-27 09:00:00,328.05731725243305
2012-09-27 10:00:00,192.29425661459396
2012-09-27 11:00:00,226.2238251201162
2012-09-27 12:00:00,265.0759439990588
2012-09-27 13:00:00,264.6854740262024
2012-09-27 14:00:00,260.07037488114713
2012-09-27 15:00:00,269.23970547360125
2012-09-27 16:00:00,380.6210602883808
2012-09-27 17:00:00,673.7921653335429
2012-09-27 18:00:00,666.5903881766696
2012-09-27 19:00:00,510.3274779442885
2012-09-27 20:00:00,335.3199592770944
2012-09-27 21:00:00,107.09857642026955
2012-09-27 22:00:00,90.04254427818606
2012-09-27 23:00:00,86.97706652820908
2012-09-28 00:00:00,47.05208193253658
2012-09-28 01:00:00,29.537374926969242
2012-09-28 02:00:00,10.231188451149603
2012-09-28 03:00:00,13.82712608253958
2012-09-28 04:00:00,16.087827042329838
2012-09-28 05:00:00,28.008224329172
2012-09-28 06:00:00,103.33822822258514
2012-09-28 07:00:00,334.1910684040002
2012-09-28 08:00:00,590.4922206660974
2012-09-28 09:00:00,335.98176608705757
2012-09-28 10:00:00,214.76010127518552
2012-09-28 11:00:00,257.4562119893635
2012-09-28 12:00:00,318.24986165084937
2012-09-28 13:00:00,320.19306168738837
2012-09-28 14:00:00,318.0227534179923
2012-09-28 15:00:00,310.4763263709746
2012-09-28 16:00:00,453.50510212681735
2012-09-28 17:00:00,693.2898166893228
2012-09-28 18:00:00,668.3149893099959
2012-09-28 19:00:00,368.22493367400546
2012-09-28 20:00:00,260.9847325260328
2012-09-28 21:00:00,182.85177488178147
2012-09-28 22:00:00,186.2205759887579
2012-09-28 23:00:00,153.21963301228905
2012-09-29 00:00:00,111.30577002695759
2012-09-29 01:00:00,85.60148130419613
2012-09-29 02:00:00,65.02089700210759
2012-09-29 03:00:00,34.24577082990401
2012-09-29 04:00:00,20.13411269848183
2012-09-29 05:00:00,17.761969856773582
2012-09-29 06:00:00,28.16465341096262
2012-09-29 07:00:00,129.81253755048618
2012-09-29 08:00:00,175.2109183203119
2012-09-29 09:00:00,262.1062360326769
2012-09-29 10:00:00,405.88350265420934
2012-09-29 11:00:00,539.4654970427268
2012-09-29 12:00:00,641.864087436393
2012-09-29 13:00:00,640.8608737881765
2012-09-29 14:00:00,644.9795310393644
2012-09-29 15:00:00,640.112095369963
2012-09-29 16:00:00,600.4369785214175
2012-09-29 17:00:00,571.5676497098383
2012-09-29 18:00:00,505.9674801534573
2012-09-29 19:00:00,401.8942907119285
2012-09-29 20:00:00,310.7249879886231
2012-09-29 21:00:00,237.97916606618324
2012-09-29 22:00:00,181.02835727266444
2012-09-29 23:00:00,160.35458996894627
2012-09-30 00:00:00,106.59267718465217
2012-09-30 01:00:00,82.57451149644288
2012-09-30 02:00:00,59.754572681702925
2012-09-30 03:00:00,29.2524553864834
2012-09-30 04:00:00,12.38079178648774
2012-09-30 05:00:00,11.436916744085364
2012-09-30 06:00:00,0.0
2012-09-30 07:00:00,118.79860109122303
2012-09-30 08:00:00,139.40803103405545
2012-09-30 09:00:00,217.31866939055124
2012-09-30 10:00:00,358.2191479561081
2012-09-30 11:00:00,525.3296817157146
2012-09-30 12:00:00,606.827264910877
2012-09-30 13:00:00,610.412624165573
2012-09-30 14:00:00,612.6156365204034
2012-09-30 15:00:00,596.5100764845224
2012-09-30 16:00:00,552.933262353856
2012-09-30 17:00:00,518.1727536555587
2012-09-30 18:00:00,404.52051446009784
2012-09-30 19:00:00,193.56683736683004
2012-09-30 20:00:00,147.7678837581887
2012-09-30 21:00:00,159.05621379836478
2012-09-30 22:00:00,105.95535282228349
2012-09-30 23:00:00,81.90925448207288
2012-10-20 00:00:00,101.94011057794745
2012-10-20 01:00:00,76.23257291807886
2012-10-20 02:00:00,50.5295447807391
2012-10-20 03:00:00,22.788925529673612
2012-10-20 04:00:00,12.478306351543571
2012-10-20 05:00:00,13.815932144914706
2012-10-20 06:00:00,21.809264050444593
2012-10-20 07:00:00,123.39603142465322
2012-10-20 08:00:00,212.34627104944016
2012-10-20 09:00:00,267.89639069303877
2012-10-20 10:00:00,396.3194772010193
2012-10-20 11:00:00,518.5253337761369
2012-10-20 12:00:00,623.8027515218356
2012-10-20 13:00:00,628.554260374785
2012-10-20 14:00:00,627.9094935256268
2012-10-20 15:00:00,623.0420578562254
2012-10-20 16:00:00,551.7337484049623
2012-10-20 17:00:00,533.4847138990267
2012-10-20 18:00:00,459.4680822353956
2012-10-20 19:00:00,376.0155173653887
2012-10-20 20:00:00,289.5504655103643
2012-10-20 21:00:00,203.0158394660447
2012-10-20 22:00:00,173.79771919685376
2012-10-20 23:00:00,143.30821117776307
2012-10-21 00:00:00,94.26067065519644
2012-10-21 01:00:00,70.40814753714156
2012-10-21 02:00:00,52.94901679805015
2012-10-21 03:00:00,27.458241235053972
2012-10-21 04:00:00,12.328123468752727
2012-10-21 05:00:00,11.083752963961475
2012-10-21 06:00:00,2.5982035802811123
2012-10-21 07:00:00,98.23697968463394
2012-10-21 08:00:00,129.83940822416167
2012-10-21 09:00:00,233.35937862715534
2012-10-21 10:00:00,352.13509981519627
2012-10-21 11:00:00,471.0226994732105
2012-10-21 12:00:00,553.5773727281406
2012-10-21 13:00:00,593.2537481540301
2012-10-21 14:00:00,569.0199684763943
2012-10-21 15:00:00,569.9253617518997
2012-10-21 16:00:00,523.5905138629664
2012-10-21 17:00:00,483.232510614452
2012-10-21 18:00:00,414.7796957223361
2012-10-21 19:00:00,329.085295890719
2012-10-21 20:00:00,221.77907502755855
2012-10-21 21:00:00,111.51985354516252
2012-10-21 22:00:00,98.43143057509326
2012-10-21 23:00:00,77.8502017796344
2012-10-22 00:00:00,28.1241500953237
2012-10-22 01:00:00,15.32321030868404
2012-10-22 02:00:00,7.166882537629929
2012-10-22 03:00:00,5.5566385074613756
2012-10-22 04:00:00,3.216319515139302
2012-10-22 05:00:00,21.831707318007105
2012-10-22 06:00:00,117.71171490624931
2012-10-22 07:00:00,328.9848222518166
2012-10-22 08:00:00,617.5932548745492
2012-10-22 09:00:00,323.8973850374826
2012-10-22 10:00:00,191.17725270269432
2012-10-22 11:00:00,207.9726869683571
2012-10-22 12:00:00,257.3939245317822
2012-10-22 13:00:00,258.345161099463
2012-10-22 14:00:00,246.2887185833541
2012-10-22 15:00:00,256.6436714516618
2012-10-22 16:00:00,393.26853466727107
2012-10-22 17:00:00,734.6192406149627
2012-10-22 18:00:00,670.3688215568828
2012-10-22 19:00:00,467.2870813839727
2012-10-22 20:00:00,322.8895376863793
2012-10-22 21:00:00,215.81719964839706
2012-10-22 22:00:00,125.10064567807271
2012-10-22 23:00:00,68.96089170284463
2012-10-23 00:00:00,30.3799102528522
2012-10-23 01:00:00,15.207061677111813
2012-10-23 02:00:00,10.46149022475167
2012-10-23 03:00:00,8.34328252405497
2012-10-23 04:00:00,7.432833773183037
2012-10-23 05:00:00,27.885436594215964
2012-10-23 06:00:00,128.83434856051264
2012-10-23 07:00:00,404.1434441786888
2012-10-23 08:00:00,642.1894686392438
2012-10-23 09:00:00,351.46593994783194
2012-10-23 10:00:00,213.3203651001549
2012-10-23 11:00:00,232.2296442693464
2012-10-23 12:00:00,259.4164818171785
2012-10-23 13:00:00,267.65922243390185
2012-10-23 14:00:00,270.2888470384
2012-10-23 15:00:00,276.4787704610505
2012-10-23 16:00:00,417.59880835809804
2012-10-23 17:00:00,768.5618392678398
2012-10-23 18:00:00,750.8338221288273
2012-10-23 19:00:00,504.67081998620034
2012-10-23 20:00:00,347.6910807197454
2012-10-23 21:00:00,257.12601860872934
2012-10-23 22:00:00,178.51052063022377
2012-10-23 23:00:00,113.06885127892203
2012-10-24 00:00:00,40.19674437399511
2012-10-24 01:00:00,20.817027617080633
2012-10-24 02:00:00,14.907928674224944
2012-10-24 03:00:00,9.96627221474741
2012-10-24 04:00:00,9.96627221474741
2012-10-24 05:00:00,25.78205610012706
2012-10-24 06:00:00,132.87896722008986
2012-10-24 07:00:00,373.9458086371407
2012-10-24 08:00:00,654.6378320272406
2012-10-24 09:00:00,345.12697233838463
2012-10-24 10:00:00,199.43406503033077
2012-10-24 11:00:00,214.6075972199559
2012-10-24 12:00:00,275.7114373388134
2012-10-24 13:00:00,275.43432176580313
2012-10-24 14:00:00,274.5313966609754
2012-10-24 15:00:00,284.88167729718685
2012-10-24 16:00:00,423.0267737352917
2012-10-24 17:00:00,767.8811281750684
2012-10-24 18:00:00,760.6199609088387
2012-10-24 19:00:00,481.12622650846765
2012-10-24 20:00:00,344.46934852981207
2012-10-24 21:00:00,251.73636717066185
2012-10-24 22:00:00,190.95577099981386
2012-10-24 23:00:00,106.42278151323099
2012-10-25 00:00:00,46.04883630741814
2012-10-25 01:00:00,21.120093948104532
2012-10-25 02:00:00,15.210995005248842
2012-10-25 03:00:00,13.087863154429336
2012-10-25 04:00:00,13.72778733079332
2012-10-25 05:00:00,27.868427739726684
2012-10-25 06:00:00,117.82088735885459
2012-10-25 07:00:00,363.9205332574646
2012-10-25 08:00:00,654.6469210550785
2012-10-25 09:00:00,340.7370528121046
2012-10-25 10:00:00,187.37966926435362
2012-10-25 11:00:00,205.52110629931863
2012-10-25 12:00:00,225.7549473663543
2012-10-25 13:00:00,223.2075918988783
2012-10-25 14:00:00,244.41078843210664
2012-10-25 15:00:00,260.5650125204844
2012-10-25 16:00:00,399.9784234885428
2012-10-25 17:00:00,726.6748058278295
2012-10-25 18:00:00,573.1019171064812
2012-10-25 19:00:00,427.42423508404147
2012-10-25 20:00:00,282.91022705263293
2012-10-25 21:00:00,204.7604857762474
2012-10-25 22:00:00,175.0491595011901
2012-10-25 23:00:00,126.52992047334546
2012-10-26 00:00:00,53.407730065590016
2012-10-26 01:00:00,27.96912210500191
2012-10-26 02:00:00,17.047765678945748
2012-10-26 03:00:00,13.217402701493953
2012-10-26 04:00:00,13.217402701493953
2012-10-26 05:00:00,24.998096577425436
2012-10-26 06:00:00,114.95055619655334
2012-10-26 07:00:00,343.3516805469164
2012-10-26 08:00:00,571.8287590593005
2012-10-26 09:00:00,328.09408488043965
2012-10-26 10:00:00,214.54098507805745
2012-10-26 11:00:00,242.64886205177055
2012-10-26 12:00:00,270.82818059244164
2012-10-26 13:00:00,281.20381363094873
2012-10-26 14:00:00,306.1219368308051
2012-10-26 15:00:00,328.646439442276
2012-10-26 16:00:00,402.1263897078205
2012-10-26 17:00:00,564.1581920002984
2012-10-26 18:00:00,543.853995461458
2012-10-26 19:00:00,388.3016338637568
2012-10-26 20:00:00,279.56353317568636
2012-10-26 21:00:00,216.05127988423837
2012-10-26 22:00:00,179.24998325104576
2012-10-26 23:00:00,163.986074303189
2012-10-27 00:00:00,100.37282419414012
2012-10-27 01:00:00,76.38228467274274
2012-10-27 02:00:00,56.18125131171165
2012-10-27 03:00:00,25.856175210075385
2012-10-27 04:00:00,17.305365319410754
2012-10-27 05:00:00,18.979563188185455
2012-10-27 06:00:00,27.127587920157346
2012-10-27 07:00:00,131.91524696094095
2012-10-27 08:00:00,176.7281066420896
2012-10-27 09:00:00,255.91289209236666
2012-10-27 10:00:00,391.9474020073654
2012-10-27 11:00:00,533.6753423823648
2012-10-27 12:00:00,624.6403926395911
2012-10-27 13:00:00,642.4140831458069
2012-10-27 14:00:00,632.2078218036588
2012-10-27 15:00:00,537.634072151082
2012-10-27 16:00:00,491.4813581637302
2012-10-27 17:00:00,500.9183354466337
2012-10-27 18:00:00,462.3735984084228
2012-10-27 19:00:00,379.3148055964372
2012-10-27 20:00:00,284.82362947057885
2012-10-27 21:00:00,212.077807548139
2012-10-27 22:00:00,174.65687350772234
2012-10-27 23:00:00,133.06160141281217
2012-10-28 00:00:00,88.63707740868213
2012-10-28 01:00:00,77.62467720384663
2012-10-28 02:00:00,58.41944817754972
2012-10-28 03:00:00,29.641074649999112
2012-10-28 04:00:00,12.769411050003448
2012-10-28 05:00:00,13.043521553347395
2012-10-28 06:00:00,6.451546467581206
2012-10-28 07:00:00,85.31397718432228
2012-10-28 08:00:00,125.49416757177279
2012-10-28 09:00:00,201.43074669627757
2012-10-28 10:00:00,322.09842716734164
2012-10-28 11:00:00,439.7717355566629
2012-10-28 12:00:00,457.64334928684616
2012-10-28 13:00:00,458.06691706714736
2012-10-28 14:00:00,471.3953783700612
2012-10-28 15:00:00,473.6227376357283
2012-10-28 16:00:00,268.85609952372533
2012-10-28 17:00:00,215.74019465851032
2012-10-28 18:00:00,144.40669475663069
2012-10-28 19:00:00,133.73064113412278
2012-10-28 20:00:00,79.84580209944558
2012-10-28 21:00:00,58.619693187311846
2012-10-28 22:00:00,54.764538983091946
2012-10-28 23:00:00,33.834734601747265
2012-10-29 00:00:00,2.1375010049744496
2012-10-30 13:00:00,88.33136252321086
2012-10-30 14:00:00,80.31637049472438
2012-10-30 15:00:00,86.9575962484604
2012-10-30 16:00:00,115.83312423111278
2012-10-30 17:00:00,229.81836589993657
2012-10-30 18:00:00,233.01883771700346
2012-10-30 19:00:00,425.75892205640577
2012-10-30 20:00:00,184.5003217234418
2012-10-30 21:00:00,124.20059798282793
2012-10-30 22:00:00,116.11220567105762
2012-10-30 23:00:00,66.11634273717108
2012-10-31 00:00:00,26.165914816028163
2012-10-31 01:00:00,14.558315961518234
2012-10-31 02:00:00,8.520114823830935
2012-10-31 03:00:00,7.835707638217738
2012-10-31 04:00:00,8.1397281765297
2012-10-31 05:00:00,20.819278262977306
2012-10-31 06:00:00,106.38539755308861
2012-10-31 07:00:00,301.68892096244963
2012-10-31 08:00:00,592.1656082995229
2012-10-31 09:00:00,330.08976667964794
2012-10-31 10:00:00,161.26429250288965
2012-10-31 11:00:00,185.4190244131052
2012-10-31 12:00:00,239.80957907094816
2012-10-31 13:00:00,242.8419622099304
2012-10-31 14:00:00,215.606931189013
2012-10-31 15:00:00,237.77223733046355
2012-10-31 16:00:00,284.56387160777996
2012-10-31 17:00:00,515.5179854061936
2012-10-31 18:00:00,501.2600433130167
2012-10-31 19:00:00,378.4423046149166
2012-10-31 20:00:00,228.99694935027358
2012-10-31 21:00:00,156.51539859940328
2012-10-31 22:00:00,152.92300975670378
2012-10-31 23:00:00,101.35283629664862
2012-11-20 00:00:00,25.53172339098921
2012-11-20 01:00:00,14.53674057957792
2012-11-20 02:00:00,7.528555816106424
2012-11-20 03:00:00,7.0960862210545015
2012-11-20 04:00:00,7.856734454705463
2012-11-20 05:00:00,23.746445348969427
2012-11-20 06:00:00,119.61890704085499
2012-11-20 07:00:00,323.8247900145953
2012-11-20 08:00:00,607.7251379710301
2012-11-20 09:00:00,325.47915751500955
2012-11-20 10:00:00,159.00759154607405
2012-11-20 11:00:00,189.2845107705592
2012-11-20 12:00:00,209.60927056894974
2012-11-20 13:00:00,227.25551022444733
2012-11-20 14:00:00,209.53681112068867
2012-11-20 15:00:00,222.00318114924298
2012-11-20 16:00:00,269.4033846792905
2012-11-20 17:00:00,468.1694694710209
2012-11-20 18:00:00,476.25263465688965
2012-11-20 19:00:00,356.6623230165932
2012-11-20 20:00:00,216.01460830472627
2012-11-20 21:00:00,169.6416116612487
2012-11-20 22:00:00,141.40763333090212
2012-11-20 23:00:00,72.99189631614438
2012-11-21 00:00:00,26.145625752931238
2012-11-21 01:00:00,14.134056687952393
2012-11-21 02:00:00,8.377698679714273
2012-11-21 03:00:00,7.423018469513117
2012-11-21 04:00:00,7.423018469513117
2012-11-21 05:00:00,21.33237407437221
2012-11-21 06:00:00,99.7138476972034
2012-11-21 07:00:00,303.22992553762185
2012-11-21 08:00:00,576.2459217034177
2012-11-21 09:00:00,320.7999145523733
2012-11-21 10:00:00,187.35078904829209
2012-11-21 11:00:00,211.11086466198068
2012-11-21 12:00:00,255.66692185329057
2012-11-21 13:00:00,261.3967472139671
2012-11-21 14:00:00,255.7619270729135
2012-11-21 15:00:00,261.9518504955639
2012-11-21 16:00:00,335.07342342520593
2012-11-21 17:00:00,537.8576919954652
2012-11-21 18:00:00,602.5193261969985
2012-11-21 19:00:00,400.5008250750591
2012-11-21 20:00:00,250.5413892072238
2012-11-21 21:00:00,181.74553719339409
2012-11-21 22:00:00,154.2578318575478
2012-11-21 23:00:00,100.18158585934471
2012-11-22 00:00:00,49.18304184031687
2012-11-22 01:00:00,29.591875457763177
2012-11-22 02:00:00,14.041392310414755
2012-11-22 03:00:00,9.011930376355888
2012-11-22 04:00:00,7.175471605820632
2012-11-22 05:00:00,10.618688925476704
2012-11-22 06:00:00,39.49030270293801
2012-11-22 07:00:00,162.84504496763236
2012-11-22 08:00:00,296.23150603845545
2012-11-22 09:00:00,267.9871157588736
2012-11-22 10:00:00,234.28483867410273
2012-11-22 11:00:00,287.34941162499996
2012-11-22 12:00:00,325.31276279346446
2012-11-22 13:00:00,317.94401786561184
2012-11-22 14:00:00,312.7320463857032
2012-11-22 15:00:00,314.97036471677063
2012-11-22 16:00:00,389.3211651526109
2012-11-22 17:00:00,540.506071538168
2012-11-22 18:00:00,412.85300532192923
2012-11-22 19:00:00,349.26560452044714
2012-11-22 20:00:00,230.47759918522598
2012-11-22 21:00:00,171.58622567692842
2012-11-22 22:00:00,151.36436588779262
2012-11-22 23:00:00,95.16644008758745
2012-11-23 00:00:00,35.19150946066908
2012-11-23 01:00:00,19.844919570958268
2012-11-23 02:00:00,9.54935566900144
2012-11-23 03:00:00,6.881127483062868
2012-11-23 04:00:00,6.358916867913636
2012-11-23 05:00:00,18.232575722136183
2012-11-23 06:00:00,89.26026798565024
2012-11-23 07:00:00,284.1633946143462
2012-11-23 08:00:00,521.4500093388289
2012-11-23 09:00:00,309.75859927773695
2012-11-23 10:00:00,207.21613573346457
2012-11-23 11:00:00,245.99321693857692
2012-11-23 12:00:00,304.3418884841938
2012-11-23 13:00:00,319.7475190842379
2012-11-23 14:00:00,335.10459489369873
2012-11-23 15:00:00,338.11426579729573
2012-11-23 16:00:00,410.75461532561206
2012-11-23 17:00:00,609.0982733904613
2012-11-23 18:00:00,526.8404082700349
2012-11-23 19:00:00,365.0545438155914
2012-11-23 20:00:00,260.5639417407421
2012-11-23 21:00:00,212.4611798005115
2012-11-23 22:00:00,156.98558325904543
2012-11-23 23:00:00,127.71982245131431
2012-11-24 00:00:00,81.29024467812646
2012-11-24 01:00:00,52.92449204408491
2012-11-24 02:00:00,26.267000074876403
2012-11-24 03:00:00,20.33425333785906
2012-11-24 04:00:00,14.819670961019659
2012-11-24 05:00:00,18.60116507185562
2012-11-24 06:00:00,28.66608126002149
2012-11-24 07:00:00,113.13829892138266
2012-11-24 08:00:00,149.67635652263166
2012-11-24 09:00:00,195.7929245992165
2012-11-24 10:00:00,252.43737168130244
2012-11-24 11:00:00,277.73651768844644
2012-11-24 12:00:00,275.05520604388084
2012-11-24 13:00:00,353.1603958749848
2012-11-24 14:00:00,319.14810999656476
2012-11-24 15:00:00,304.6103329751925
2012-11-24 16:00:00,319.48125821023956
2012-11-24 17:00:00,296.19104337058116
2012-11-24 18:00:00,245.18426889221954
2012-11-24 19:00:00,219.674081409746
2012-11-24 20:00:00,169.57134774967446
2012-11-24 21:00:00,114.41316231100744
2012-11-24 22:00:00,109.12829922303693
2012-11-24 23:00:00,97.5081052540892
2012-11-25 00:00:00,67.12684512078394
2012-11-25 01:00:00,56.889870956708876
2012-11-25 02:00:00,45.221873492033176
2012-11-25 03:00:00,27.548679643668418
2012-11-25 04:00:00,16.527832264149325
2012-11-25 05:00:00,10.69619466522236
2012-11-25 06:00:00,13.002279315668215
2012-11-25 07:00:00,73.71207465672572
2012-11-25 08:00:00,102.36485840052433
2012-11-25 09:00:00,148.81696862185495
2012-11-25 10:00:00,225.4444000447006
2012-11-25 11:00:00,248.0219419710871
2012-11-25 12:00:00,288.9223255828602
2012-11-25 13:00:00,289.47243361765493
2012-11-25 14:00:00,287.91316602816613
2012-11-25 15:00:00,296.9121200737692
2012-11-25 16:00:00,295.65873775853447
2012-11-25 17:00:00,250.42889512015606
2012-11-25 18:00:00,203.45852164915755
2012-11-25 19:00:00,213.12406093901615
2012-11-25 20:00:00,117.01056218964946
2012-11-25 21:00:00,72.08807932337537
2012-11-25 22:00:00,54.10005837409375
2012-11-25 23:00:00,42.3136899464258
2012-11-26 00:00:00,22.288913722481773
2012-11-26 01:00:00,10.681314867971839
2012-11-26 02:00:00,4.913386754872494
2012-11-26 03:00:00,3.9587065446713416
2012-11-26 04:00:00,3.9587065446713416
2012-11-26 05:00:00,19.13480700976118
2012-11-26 06:00:00,92.02582366723422
2012-11-26 07:00:00,288.292592825537
2012-11-26 08:00:00,534.6085286586133
2012-11-26 09:00:00,294.70193084533616
2012-11-26 10:00:00,161.00232469528387
2012-11-26 11:00:00,201.95757509117684
2012-11-26 12:00:00,236.691184936731
2012-11-26 13:00:00,236.30071496387467
2012-11-26 14:00:00,225.04106666175738
2012-11-26 15:00:00,231.23099008440784
2012-11-26 16:00:00,318.90604310083336
2012-11-26 17:00:00,597.6433184597446
2012-11-26 18:00:00,507.95799786876773
2012-11-26 19:00:00,384.906983679448
2012-11-26 20:00:00,241.61035616046505
2012-11-26 21:00:00,160.9235715468276
2012-11-26 22:00:00,123.71377974606244
2012-11-26 23:00:00,66.93161696059431
2012-11-27 00:00:00,26.18694163251589
2012-11-27 01:00:00,13.818694544355004
2012-11-27 02:00:00,8.050766431255656
2012-11-27 03:00:00,0.0
2012-11-27 04:00:00,0.0
2012-11-27 05:00:00,20.105003601566963
2012-11-27 06:00:00,108.88251292380737
2012-11-27 07:00:00,182.5408877585433
2012-11-27 08:00:00,390.74029929600795
2012-11-27 09:00:00,312.6862209230995
2012-11-27 10:00:00,89.82499725592544
2012-11-27 11:00:00,91.55602273001074
2012-11-27 12:00:00,91.78789834631449
2012-11-27 13:00:00,89.1186295015468
2012-11-27 14:00:00,83.38243634497168
2012-11-27 15:00:00,144.92265705539765
2012-11-27 16:00:00,185.38057313996896
2012-11-27 17:00:00,357.16958529399454
2012-11-27 18:00:00,343.93367331345553
2012-11-27 19:00:00,288.75801512612674
2012-11-27 20:00:00,205.44095244973457
2012-11-27 21:00:00,120.0730095967671
2012-11-27 22:00:00,106.63063052612634
2012-11-27 23:00:00,58.58261298112938
2012-11-28 00:00:00,24.074855485937622
2012-11-28 01:00:00,11.020382143841257
2012-11-28 02:00:00,5.252454030741904
2012-11-28 03:00:00,7.039678775960335
2012-11-28 04:00:00,6.9115432468114255
2012-11-28 05:00:00,20.11665641697979
2012-11-28 06:00:00,95.52846632229793
2012-11-28 07:00:00,287.33410262441515
2012-11-28 08:00:00,571.2901349186762
2012-11-28 09:00:00,299.9415882321528
2012-11-28 10:00:00,166.50753507858923
2012-11-28 11:00:00,189.03464971297754
2012-11-28 12:00:00,230.89956617733756
2012-11-28 13:00:00,232.08428124167114
2012-11-28 14:00:00,220.18405626475652
2012-11-28 15:00:00,231.4822809476096
2012-11-28 16:00:00,277.33150728631176
2012-11-28 17:00:00,534.2375038108698
2012-11-28 18:00:00,454.3353889732469
2012-11-28 19:00:00,343.6838259477916
2012-11-28 20:00:00,232.63520856017178
2012-11-28 21:00:00,147.17617139306793
2012-11-28 22:00:00,121.96015437304717
2012-11-28 23:00:00,86.83488573908139
2012-11-29 00:00:00,25.76838967220067
2012-11-29 01:00:00,13.116064305527257
2012-11-29 02:00:00,7.34813619242791
2012-11-29 04:00:00,5.904106450026237
2012-11-29 05:00:00,19.54216335343489
2012-11-29 06:00:00,92.99605626610757
2012-11-29 07:00:00,287.7714387600376
2012-11-29 08:00:00,572.3710735957052
2012-11-29 09:00:00,303.2022093437056
2012-11-29 10:00:00,162.46152163419885
2012-11-29 11:00:00,210.26853329109744
2012-11-29 12:00:00,234.57093707157532
2012-11-29 13:00:00,246.97299573524813
2012-11-29 14:00:00,223.89413302747448
2012-11-29 15:00:00,228.03714083476342
2012-11-29 16:00:00,274.3647905172151
2012-11-29 17:00:00,519.4539779901655
2012-11-29 18:00:00,458.5196080746037
2012-11-29 19:00:00,308.552012217739
2012-11-29 20:00:00,227.39820566980327
2012-11-29 21:00:00,140.36643596198422
2012-11-29 22:00:00,123.88844169302803
2012-11-29 23:00:00,102.98963833407518
2012-11-30 00:00:00,33.24142322274922
2012-11-30 01:00:00,19.44471626931941
2012-11-30 02:00:00,9.54935566900144
2012-11-30 03:00:00,6.358916867913636
2012-11-30 04:00:00,5.762347295640421
2012-11-30 05:00:00,17.636006149862972
2012-11-30 06:00:00,83.61969650181888
2012-11-30 07:00:00,265.81387312512845
2012-11-30 08:00:00,514.5819266079368
2012-11-30 09:00:00,291.35229276054315
2012-11-30 10:00:00,173.28265486789766
2012-11-30 11:00:00,222.2289929164299
2012-11-30 12:00:00,255.38580873395256
2012-11-30 13:00:00,264.204368435764
2012-11-30 14:00:00,250.08704836069404
2012-11-30 15:00:00,269.93503765702195
2012-11-30 16:00:00,318.4330530784235
2012-11-30 17:00:00,503.48400889863103
2012-11-30 18:00:00,446.6022357745407
2012-11-30 19:00:00,317.5615101470615
2012-11-30 20:00:00,212.155494140685
2012-11-30 21:00:00,141.90374735693112
2012-11-30 22:00:00,145.34599021826725
2012-11-30 23:00:00,94.53854512292456
2012-12-20 00:00:00,27.605742549057368
2012-12-20 01:00:00,15.924165179254093
2012-12-20 02:00:00,10.015066236398399
2012-12-20 03:00:00,8.829457693908683
2012-12-20 04:00:00,8.829457693908683
2012-12-20 05:00:00,22.03457086407705
2012-12-20 06:00:00,113.33439406574178
2012-12-20 07:00:00,317.30286560466453
2012-12-20 08:00:00,580.9583642142106
2012-12-20 09:00:00,318.4207558729004
2012-12-20 10:00:00,152.69437536422748
2012-12-20 11:00:00,189.94129079459165
2012-12-20 12:00:00,212.29199909235874
2012-12-20 13:00:00,212.94405644054385
2012-12-20 14:00:00,196.4090950201327
2012-12-20 15:00:00,198.98914618313023
2012-12-20 16:00:00,225.6513751675357
2012-12-20 17:00:00,469.9647021180373
2012-12-20 18:00:00,442.3254227410805
2012-12-20 19:00:00,206.43605047584558
2012-12-20 20:00:00,135.96461164130807
2012-12-20 21:00:00,85.88114480522901
2012-12-20 22:00:00,71.0163741181682
2012-12-20 23:00:00,51.6475151131618
2012-12-21 00:00:00,29.297217958524904
2012-12-21 01:00:00,20.34735227684503
2012-12-21 02:00:00,10.35194649145184
2012-12-21 03:00:00,7.161507690364037
2012-12-21 04:00:00,6.302538548820708
2012-12-21 05:00:00,12.930751042905223
2012-12-21 06:00:00,65.46441261985625
2012-12-21 07:00:00,273.6979617629178
2012-12-21 08:00:00,477.7994657545629
2012-12-21 09:00:00,265.9467436320759
2012-12-21 10:00:00,147.48623038509348
2012-12-21 11:00:00,157.01216741296923
2012-12-21 12:00:00,182.6079718737991
2012-12-21 13:00:00,181.6047582255826
2012-12-21 14:00:00,169.38092163127857
2012-12-21 15:00:00,174.23846273674877
2012-12-21 16:00:00,204.30228829263288
2012-12-21 17:00:00,344.3771969260249
2012-12-21 18:00:00,324.26018988721756
2012-12-21 19:00:00,212.0160481662439
2012-12-21 20:00:00,154.65726423806365
2012-12-21 21:00:00,116.72299920589671
2012-12-21 22:00:00,103.88934472400368
2012-12-21 23:00:00,78.19802433185198
2012-12-22 00:00:00,47.004179466276305
2012-12-22 01:00:00,50.412860900105294
2012-12-22 02:00:00,38.355364926313044
2012-12-22 03:00:00,18.161474543412364
2012-12-22 04:00:00,9.835319975032524
2012-12-22 05:00:00,13.388102060084064
2012-12-22 06:00:00,18.765562125463955
2012-12-22 07:00:00,73.76919362323048
2012-12-22 08:00:00,103.1231172178221
2012-12-22 09:00:00,153.69817404895483
2012-12-22 10:00:00,226.6839459402956
2012-12-22 11:00:00,255.024863507677
2012-12-22 12:00:00,254.55030770895615
2012-12-22 13:00:00,296.3267490170944
2012-12-22 14:00:00,287.05744331256767
2012-12-22 15:00:00,250.58521648984208
2012-12-22 16:00:00,267.30966126508406
2012-12-22 17:00:00,237.05829694212494
2012-12-22 18:00:00,201.48457376842345
2012-12-22 19:00:00,166.1513845806346
2012-12-22 20:00:00,125.98639838325232
2012-12-22 21:00:00,94.23895975117539
2012-12-22 22:00:00,87.36003776255973
2012-12-22 23:00:00,71.25566359453265
2012-12-23 00:00:00,59.59222789340067
2012-12-23 01:00:00,51.095575802841395
2012-12-23 02:00:00,40.356757569771155
2012-12-23 03:00:00,21.155087879667473
2012-12-23 04:00:00,9.947256486244413
2012-12-23 05:00:00,10.140738003708615
2012-12-23 06:00:00,6.546962330823805
2012-12-23 07:00:00,37.83192164270699
2012-12-23 08:00:00,59.130643016557734
2012-12-23 09:00:00,106.24450552266876
2012-12-23 10:00:00,204.40171036326242
2012-12-23 11:00:00,220.03744314550428
2012-12-23 12:00:00,287.05737626718803
2012-12-23 13:00:00,301.8278578835246
2012-12-23 14:00:00,311.00817950463073
2012-12-23 15:00:00,344.4056389891313
2012-12-23 16:00:00,335.65726502935183
2012-12-23 17:00:00,234.96619741218933
2012-12-23 18:00:00,198.80733090881594
2012-12-23 19:00:00,177.2505953553329
2012-12-23 20:00:00,111.86078159721859
2012-12-23 21:00:00,70.66364847014356
2012-12-23 22:00:00,51.53808675992217
2012-12-23 23:00:00,41.39284559531503
2012-12-24 00:00:00,18.939073160393264
2012-12-24 01:00:00,10.829105155586776
2012-12-24 02:00:00,5.660948089638965
2012-12-24 03:00:00,4.706267879437812
2012-12-24 05:00:00,10.509625878190892
2012-12-24 06:00:00,79.61859999033798
2012-12-24 07:00:00,255.11400105715697
2012-12-24 08:00:00,522.5120124691306
2012-12-24 09:00:00,268.08986011892426
2012-12-24 10:00:00,126.69691986882306
2012-12-24 11:00:00,120.85954249440648
2012-12-24 12:00:00,166.26334654623147
2012-12-24 13:00:00,92.56425912186022
2012-12-24 14:00:00,73.44339515315868
2012-12-24 15:00:00,70.0295076900408
2012-12-24 16:00:00,90.58777139333104
2012-12-24 17:00:00,194.34694159796925
2012-12-24 18:00:00,197.58664273690545
2012-12-24 19:00:00,209.26322040803964
2012-12-24 20:00:00,105.25584041377168
2012-12-24 21:00:00,68.05339637884133
2012-12-24 22:00:00,70.59445083322353
2012-12-24 23:00:00,29.779434602400396
2012-12-25 00:00:00,30.383204905602582
2012-12-25 01:00:00,28.76611526429114
2012-12-25 02:00:00,18.75074279322029
2012-12-25 04:00:00,12.206844022341803
2012-12-25 05:00:00,14.683113754373386
2012-12-25 06:00:00,22.490854201978077
2012-12-25 07:00:00,115.16747873596806
2012-12-25 08:00:00,266.917512412224
2012-12-25 09:00:00,187.03767154028662
2012-12-25 10:00:00,170.503575264082
2012-12-25 11:00:00,222.56825424614004
2012-12-25 12:00:00,245.35612540402744
2012-12-25 13:00:00,253.60062829311846
2012-12-25 14:00:00,253.53460518069105
2012-12-25 15:00:00,257.2843313960176
2012-12-25 16:00:00,258.99277649694614
2012-12-25 17:00:00,264.2080052299164
2012-12-25 18:00:00,263.939137894674
2012-12-25 19:00:00,234.52795564740376
2012-12-25 20:00:00,156.9790851590053
2012-12-25 21:00:00,121.69147189840588
2012-12-25 22:00:00,102.51495807895468
2012-12-25 23:00:00,45.56131421519724
2012-12-26 00:00:00,22.69260967575149
2012-12-26 01:00:00,16.006469579612265
2012-12-26 02:00:00,10.838312513664446
2012-12-26 03:00:00,6.099109472909269
2012-12-26 04:00:00,5.599880667235104
2012-12-26 05:00:00,16.500895319901574
2012-12-26 06:00:00,79.44046315482315
2012-12-26 07:00:00,181.57671716426358
2012-12-26 08:00:00,415.94940046531684
2012-12-26 09:00:00,186.4255317494076
2012-12-26 10:00:00,74.74296926593196
2012-12-26 11:00:00,76.9400779512247
2012-12-26 12:00:00,87.76194628066064
2012-12-26 13:00:00,87.3714763078043
2012-12-26 14:00:00,75.05871010152082
2012-12-26 15:00:00,77.50061534338144
2012-12-26 16:00:00,95.1247684743906
2012-12-26 17:00:00,185.0577527203923
2012-12-26 18:00:00,179.1150165613977
2012-12-26 19:00:00,150.01712634554042
2012-12-26 20:00:00,88.16582623146208
2012-12-26 21:00:00,90.85245496421061
2012-12-26 22:00:00,35.825578037606334
2012-12-26 23:00:00,21.747844376862044
2012-12-27 00:00:00,17.61385145843049
2012-12-27 01:00:00,4.96782414785356
2012-12-27 02:00:00,4.937831702720107
2012-12-27 03:00:00,6.468710467338227
2012-12-27 04:00:00,3.9831514925189544
2012-12-27 05:00:00,21.390323779887222
2012-12-27 06:00:00,82.83019761147048
2012-12-27 07:00:00,272.9921724523352
2012-12-27 08:00:00,562.4101412446295
2012-12-27 09:00:00,287.20736259348473
2012-12-27 10:00:00,122.05695148822859
2012-12-27 11:00:00,132.91920353764792
2012-12-27 12:00:00,145.87776772933907
2012-12-27 13:00:00,145.48729775648275
2012-12-27 14:00:00,143.36895550349212
2012-12-27 15:00:00,145.4149335141223
2012-12-27 16:00:00,178.04081471739926
2012-12-27 17:00:00,345.3482620961058
2012-12-27 18:00:00,313.7586495284788
2012-12-27 19:00:00,242.2496374542764
2012-12-27 20:00:00,171.47551521733078
2012-12-27 21:00:00,115.54959510264554
2012-12-27 22:00:00,93.36588658350546
2012-12-27 23:00:00,65.88888823067875
2012-12-28 00:00:00,31.348771080117686
2012-12-28 01:00:00,20.240726461376212
2012-12-28 02:00:00,11.593489726746233
2012-12-28 03:00:00,9.085877237286285
2012-12-28 04:00:00,8.814578535835846
2012-12-28 05:00:00,18.642778549630936
2012-12-28 06:00:00,79.39397600804662
2012-12-28 07:00:00,245.08981662582832
2012-12-28 08:00:00,483.5855330705784
2012-12-28 09:00:00,270.54082581488353
2012-12-28 10:00:00,132.23952117074052
2012-12-28 11:00:00,149.96258074613286
2012-12-28 12:00:00,195.4968251026432
2012-12-28 13:00:00,195.10635512978686
2012-12-28 14:00:00,180.82924209392124
2012-12-28 15:00:00,188.74712651667463
2012-12-28 16:00:00,234.98651877528437
2012-12-28 17:00:00,331.56192074016366
2012-12-28 18:00:00,305.2981450084355
2012-12-28 19:00:00,201.967899233133
2012-12-28 20:00:00,144.62881580155417
2012-12-28 21:00:00,107.1892178238701
2012-12-28 22:00:00,93.58976546625057
2012-12-28 23:00:00,73.69366076926306
2012-12-29 00:00:00,59.614946697569074
2012-12-29 01:00:00,48.25036162610095
2012-12-29 02:00:00,36.76836977304773
2012-12-29 03:00:00,17.88833548902133
2012-12-29 04:00:00,11.077033409190385
2012-12-29 05:00:00,11.21694348740192
2012-12-29 06:00:00,16.18670337433466
2012-12-29 07:00:00,62.7701269792607
2012-12-29 08:00:00,97.18496010706171
2012-12-29 09:00:00,140.9891085402562
2012-12-29 10:00:00,160.4094002178252
2012-12-29 11:00:00,163.43077282397775
2012-12-29 12:00:00,202.83571970480224
2012-12-29 13:00:00,202.44524973194592
2012-12-29 14:00:00,263.0222490389827
2012-12-29 15:00:00,260.1369949185322
2012-12-29 16:00:00,265.2176012795985
2012-12-29 17:00:00,219.75074329584388
2012-12-29 18:00:00,194.9737669985235
2012-12-29 19:00:00,162.85028173685882
2012-12-29 20:00:00,114.94657534809309
2012-12-29 21:00:00,93.43660037020878
2012-12-29 22:00:00,88.70264738592104
2012-12-29 23:00:00,68.40971933632164
2012-12-30 00:00:00,61.96810792642425
2012-12-30 01:00:00,52.6560336254343
2012-12-30 02:00:00,41.32238389437479
2012-12-30 03:00:00,22.445965801862368
2012-12-30 04:00:00,11.27364885247505
2012-12-30 05:00:00,10.820208799725535
2012-12-30 06:00:00,9.254247421774256
2012-12-30 07:00:00,41.573125204785946
2012-12-30 08:00:00,72.52355654069599
2012-12-30 09:00:00,113.93553510398897
2012-12-30 10:00:00,188.07649119723737
2012-12-30 11:00:00,231.29528703748468
2012-12-30 12:00:00,239.62782042396583
2012-12-30 13:00:00,238.07543178537017
2012-12-30 14:00:00,246.7035011784141
2012-12-30 15:00:00,254.46203248325912
2012-12-30 16:00:00,251.52284034905023
2012-12-30 17:00:00,216.5527203241329
2012-12-30 18:00:00,171.0071659194585
2012-12-30 19:00:00,205.3090967881161
2012-12-30 20:00:00,82.90977663683789
2012-12-30 21:00:00,56.115441065225355
2012-12-30 22:00:00,47.90225035460095
2012-12-30 23:00:00,34.98113926698815
2012-12-31 00:00:00,15.196020127323882
2012-12-31 01:00:00,7.086052122517392
2012-12-31 02:00:00,2.074342025138642
2012-12-31 03:00:00,2.0724461220182557
2012-12-31 04:00:00,4.3785049323933825
2012-12-31 05:00:00,13.4698768019141
2012-12-31 06:00:00,76.55001779057208
2012-12-31 07:00:00,248.82640436485508
2012-12-31 08:00:00,481.2855718741495
2012-12-31 09:00:00,266.6069535365998
2012-12-31 10:00:00,108.68289799727755
2012-12-31 11:00:00,120.09253982978443
2012-12-31 12:00:00,147.71372217084678
2012-12-31 13:00:00,143.1120824168977
2012-12-31 14:00:00,134.3122574279509
2012-12-31 15:00:00,139.01025587460137
2012-12-31 16:00:00,170.30352849743238
2012-12-31 17:00:00,344.5773734660992
2012-12-31 18:00:00,335.0810892726966
2012-12-31 19:00:00,234.2464269352857
2012-12-31 20:00:00,163.81129674184464
2012-12-31 21:00:00,122.7246031235752
2012-12-31 22:00:00,87.01326610212409
2012-12-31 23:00:00,41.88353032990004
