datetime,count
2011-01-20 00:00:00,13.08
2011-01-20 01:00:00,5.04
2011-01-20 02:00:00,4.43
2011-01-20 03:00:00,3.36
2011-01-20 04:00:00,3.0
2011-01-20 05:00:00,6.14
2011-01-20 06:00:00,35.15
2011-01-20 07:00:00,92.69
2011-01-20 08:00:00,204.06
2011-01-20 09:00:00,124.08
2011-01-20 10:00:00,59.76
2011-01-20 11:00:00,61.09
2011-01-20 12:00:00,81.8
2011-01-20 13:00:00,75.55
2011-01-20 14:00:00,77.47
2011-01-20 15:00:00,80.16
2011-01-20 16:00:00,90.83
2011-01-20 17:00:00,190.95
2011-01-20 18:00:00,179.96
2011-01-20 19:00:00,100.42
2011-01-20 20:00:00,69.58
2011-01-20 21:00:00,47.78
2011-01-20 22:00:00,41.13
2011-01-20 23:00:00,26.55
2011-01-21 00:00:00,20.16
2011-01-21 01:00:00,6.74
2011-01-21 02:00:00,7.49
2011-01-21 03:00:00,2.15
2011-01-21 04:00:00,2.408333333333333
2011-01-21 05:00:00,4.22
2011-01-21 06:00:00,32.07
2011-01-21 07:00:00,92.25
2011-01-21 08:00:00,196.86
2011-01-21 09:00:00,125.55
2011-01-21 10:00:00,47.67
2011-01-21 11:00:00,61.5
2011-01-21 12:00:00,71.39
2011-01-21 13:00:00,68.69
2011-01-21 14:00:00,64.99
2011-01-21 15:00:00,61.82
2011-01-21 16:00:00,78.58
2011-01-21 17:00:00,151.62
2011-01-21 18:00:00,150.26
2011-01-21 19:00:00,103.66
2011-01-21 20:00:00,67.5
2011-01-21 21:00:00,44.48
2011-01-21 22:00:00,31.97
2011-01-21 23:00:00,19.91
2011-01-22 00:00:00,26.52
2011-01-22 01:00:00,18.94
2011-01-22 02:00:00,13.86
2011-01-22 03:00:00,7.91
2011-01-22 04:00:00,2.68
2011-01-22 06:00:00,4.14
2011-01-22 07:00:00,17.05
2011-01-22 08:00:00,27.38
2011-01-22 09:00:00,35.23
2011-01-22 10:00:00,56.62
2011-01-22 11:00:00,58.1
2011-01-22 12:00:00,75.54
2011-01-22 13:00:00,80.54
2011-01-22 14:00:00,76.8
2011-01-22 15:00:00,77.08
2011-01-22 16:00:00,78.58
2011-01-22 17:00:00,82.64
2011-01-22 18:00:00,61.34
2011-01-22 19:00:00,41.36
2011-01-22 20:00:00,44.56
2011-01-22 21:00:00,40.55
2011-01-22 22:00:00,29.03
2011-01-22 23:00:00,18.92
2011-01-23 00:00:00,28.5
2011-01-23 01:00:00,21.26
2011-01-23 02:00:00,16.05
2011-01-23 03:00:00,12.62
2011-01-23 05:00:00,2.37
2011-01-23 06:00:00,2.98
2011-01-23 07:00:00,12.2
2011-01-23 08:00:00,23.57
2011-01-23 09:00:00,32.36
2011-01-23 10:00:00,54.39
2011-01-23 11:00:00,60.02
2011-01-23 12:00:00,72.13
2011-01-23 13:00:00,70.54
2011-01-23 14:00:00,73.95
2011-01-23 15:00:00,74.31
2011-01-23 16:00:00,77.09
2011-01-23 17:00:00,75.07
2011-01-23 18:00:00,71.7
2011-01-23 19:00:00,48.73
2011-01-23 20:00:00,34.67
2011-01-23 21:00:00,33.68
2011-01-23 22:00:00,19.94
2011-01-23 23:00:00,15.11
2011-01-24 00:00:00,10.23
2011-01-24 01:00:00,4.13
2011-01-24 03:00:00,1.9
2011-01-24 04:00:00,2.53
2011-01-24 05:00:00,6.16
2011-01-24 06:00:00,32.31
2011-01-24 07:00:00,81.5
2011-01-24 08:00:00,178.98
2011-01-24 09:00:00,108.61
2011-01-24 10:00:00,51.85
2011-01-24 11:00:00,48.2
2011-01-24 12:00:00,57.79
2011-01-24 13:00:00,48.66
2011-01-24 14:00:00,45.12
2011-01-24 15:00:00,55.83
2011-01-24 16:00:00,67.53
2011-01-24 17:00:00,153.5
2011-01-24 18:00:00,150.49
2011-01-24 19:00:00,96.86
2011-01-24 20:00:00,61.98
2011-01-24 21:00:00,48.09
2011-01-24 22:00:00,24.63
2011-01-24 23:00:00,19.34
2011-01-25 00:00:00,8.99
2011-01-25 01:00:00,3.46
2011-01-25 02:00:00,2.17
2011-01-25 04:00:00,1.91
2011-01-25 05:00:00,4.26
2011-01-25 06:00:00,34.42
2011-01-25 07:00:00,79.93
2011-01-25 08:00:00,180.02
2011-01-25 09:00:00,112.26
2011-01-25 10:00:00,56.55
2011-01-25 11:00:00,58.02
2011-01-25 12:00:00,71.77
2011-01-25 13:00:00,73.7
2011-01-25 14:00:00,74.22
2011-01-25 15:00:00,75.32
2011-01-25 16:00:00,91.4
2011-01-25 17:00:00,205.0
2011-01-25 18:00:00,182.08
2011-01-25 19:00:00,109.27
2011-01-25 20:00:00,72.27
2011-01-25 21:00:00,49.32
2011-01-25 22:00:00,37.78
2011-01-25 23:00:00,21.17
2011-01-26 00:00:00,9.39
2011-01-26 01:00:00,5.44
2011-01-26 02:00:00,3.38
2011-01-26 05:00:00,3.06
2011-01-26 06:00:00,28.74
2011-01-26 07:00:00,71.73
2011-01-26 08:00:00,146.13
2011-01-26 09:00:00,93.15
2011-01-26 10:00:00,42.82
2011-01-26 11:00:00,36.22
2011-01-26 12:00:00,32.59
2011-01-26 13:00:00,31.91
2011-01-26 14:00:00,30.62
2011-01-26 15:00:00,28.6
2011-01-26 16:00:00,51.91
2011-01-26 17:00:00,125.05
2011-01-27 16:00:00,79.93
2011-01-27 17:00:00,167.98
2011-01-27 18:00:00,134.05
2011-01-27 19:00:00,99.86
2011-01-27 20:00:00,77.29
2011-01-27 21:00:00,53.72
2011-01-27 22:00:00,38.82
2011-01-27 23:00:00,23.84
2011-01-28 00:00:00,14.36
2011-01-28 01:00:00,6.28
2011-01-28 02:00:00,2.08
2011-01-28 03:00:00,2.31
2011-01-28 05:00:00,5.51
2011-01-28 06:00:00,30.53
2011-01-28 07:00:00,83.6
2011-01-28 08:00:00,181.71
2011-01-28 09:00:00,96.22
2011-01-28 10:00:00,42.61
2011-01-28 11:00:00,44.77
2011-01-28 12:00:00,45.23
2011-01-28 13:00:00,46.1
2011-01-28 14:00:00,43.49
2011-01-28 15:00:00,48.39
2011-01-28 16:00:00,71.08
2011-01-28 17:00:00,164.38
2011-01-28 18:00:00,153.19
2011-01-28 19:00:00,102.24
2011-01-28 20:00:00,71.19
2011-01-28 21:00:00,47.1
2011-01-28 22:00:00,39.0
2011-01-28 23:00:00,26.36
2011-01-29 00:00:00,28.93
2011-01-29 01:00:00,21.81
2011-01-29 02:00:00,18.2
2011-01-29 03:00:00,11.14
2011-01-29 04:00:00,3.14
2011-01-29 06:00:00,3.3
2011-01-29 07:00:00,10.13
2011-01-29 08:00:00,24.49
2011-01-29 09:00:00,38.63
2011-01-29 10:00:00,58.45
2011-01-29 11:00:00,62.14
2011-01-29 12:00:00,80.52
2011-01-29 13:00:00,83.27
2011-01-29 14:00:00,78.56
2011-01-29 15:00:00,79.72
2011-01-29 16:00:00,85.81
2011-01-29 17:00:00,73.96
2011-01-29 18:00:00,70.3
2011-01-29 19:00:00,61.11
2011-01-29 20:00:00,48.41
2011-01-29 21:00:00,42.93
2011-01-29 22:00:00,33.91
2011-01-29 23:00:00,23.14
2011-01-30 00:00:00,30.5
2011-01-30 01:00:00,26.92
2011-01-30 02:00:00,21.43
2011-01-30 03:00:00,11.4
2011-01-30 04:00:00,5.3
2011-01-30 05:00:00,4.37
2011-01-30 07:00:00,9.51
2011-01-30 08:00:00,17.98
2011-01-30 09:00:00,28.87
2011-01-30 10:00:00,55.72
2011-01-30 11:00:00,59.06
2011-01-30 12:00:00,100.87
2011-01-30 13:00:00,81.61
2011-01-30 14:00:00,82.35
2011-01-30 15:00:00,96.65
2011-01-30 16:00:00,96.02
2011-01-30 17:00:00,75.82
2011-01-30 18:00:00,63.24
2011-01-30 19:00:00,42.44
2011-01-30 20:00:00,37.24
2011-01-30 21:00:00,33.6
2011-01-30 22:00:00,23.05
2011-01-30 23:00:00,18.14
2011-01-31 00:00:00,12.3
2011-01-31 01:00:00,3.76
2011-01-31 02:00:00,2.9
2011-01-31 03:00:00,2.47
2011-01-31 04:00:00,2.07
2011-01-31 05:00:00,2.5
2011-01-31 06:00:00,33.11
2011-01-31 07:00:00,79.86
2011-01-31 08:00:00,167.05
2011-01-31 09:00:00,91.44
2011-01-31 10:00:00,42.01
2011-01-31 11:00:00,41.34
2011-01-31 12:00:00,59.66
2011-01-31 13:00:00,55.68
2011-01-31 14:00:00,50.82
2011-01-31 15:00:00,48.44
2011-01-31 16:00:00,69.71
2011-01-31 17:00:00,158.65
2011-01-31 18:00:00,153.64
2011-01-31 19:00:00,130.5
2011-01-31 20:00:00,60.12
2011-01-31 21:00:00,32.04
2011-01-31 22:00:00,29.2
2011-01-31 23:00:00,17.33
2011-02-20 00:00:00,40.1
2011-02-20 01:00:00,26.47
2011-02-20 02:00:00,18.17
2011-02-20 03:00:00,8.92
2011-02-20 04:00:00,2.98
2011-02-20 06:00:00,3.18
2011-02-20 07:00:00,12.79
2011-02-20 08:00:00,22.05
2011-02-20 09:00:00,43.2
2011-02-20 10:00:00,90.57
2011-02-20 11:00:00,119.5
2011-02-20 12:00:00,137.42
2011-02-20 13:00:00,157.95
2011-02-20 14:00:00,157.94
2011-02-20 15:00:00,169.34
2011-02-20 16:00:00,165.53
2011-02-20 17:00:00,112.47
2011-02-20 18:00:00,91.04
2011-02-20 19:00:00,77.68
2011-02-20 20:00:00,72.55
2011-02-20 21:00:00,57.68
2011-02-20 22:00:00,49.48
2011-02-20 23:00:00,42.17
2011-02-21 00:00:00,26.15
2011-02-21 01:00:00,17.6
2011-02-21 02:00:00,11.11
2011-02-21 03:00:00,5.06
2011-02-21 04:00:00,3.54
2011-02-21 05:00:00,8.68
2011-02-21 06:00:00,18.46
2011-02-21 07:00:00,93.9
2011-02-21 08:00:00,112.88
2011-02-21 09:00:00,88.97
2011-02-21 10:00:00,89.19
2011-02-21 11:00:00,89.2
2011-02-21 12:00:00,89.24
2011-02-21 13:00:00,69.62
2011-02-21 14:00:00,89.83
2011-02-21 15:00:00,92.09
2011-02-21 16:00:00,82.04
2011-02-21 17:00:00,90.96
2011-02-21 18:00:00,83.12
2011-02-21 19:00:00,72.35
2011-02-21 20:00:00,39.72
2011-02-21 21:00:00,35.36
2011-02-21 22:00:00,26.33
2011-02-21 23:00:00,18.56
2011-02-22 06:00:00,33.0
2011-02-22 07:00:00,91.58
2011-02-22 08:00:00,197.49
2011-02-22 09:00:00,113.05
2011-02-22 10:00:00,44.82
2011-02-22 11:00:00,52.04
2011-02-22 12:00:00,60.9
2011-02-22 13:00:00,70.86
2011-02-22 14:00:00,70.55
2011-02-22 15:00:00,72.49
2011-02-22 16:00:00,73.61
2011-02-22 17:00:00,166.59
2011-02-22 18:00:00,160.83
2011-02-22 19:00:00,99.4
2011-02-22 20:00:00,74.37
2011-02-22 21:00:00,55.09
2011-02-22 22:00:00,33.27
2011-02-22 23:00:00,25.51
2011-02-23 00:00:00,11.71
2011-02-23 01:00:00,5.39
2011-02-23 02:00:00,2.32
2011-02-23 03:00:00,1.3
2011-02-23 05:00:00,6.02
2011-02-23 06:00:00,32.18
2011-02-23 07:00:00,87.53
2011-02-23 08:00:00,199.83
2011-02-23 09:00:00,124.81
2011-02-23 10:00:00,57.17
2011-02-23 11:00:00,58.47
2011-02-23 12:00:00,73.86
2011-02-23 13:00:00,75.12
2011-02-23 14:00:00,81.35
2011-02-23 15:00:00,80.74
2011-02-23 16:00:00,105.8
2011-02-23 17:00:00,214.59
2011-02-23 18:00:00,206.26
2011-02-23 19:00:00,134.48
2011-02-23 20:00:00,74.91
2011-02-23 21:00:00,65.68
2011-02-23 22:00:00,45.25
2011-02-23 23:00:00,33.23
2011-02-24 00:00:00,13.02
2011-02-24 01:00:00,6.33
2011-02-24 02:00:00,2.61
2011-02-24 03:00:00,1.63
2011-02-24 05:00:00,5.65
2011-02-24 06:00:00,34.43
2011-02-24 07:00:00,93.14
2011-02-24 08:00:00,229.74
2011-02-24 09:00:00,126.31
2011-02-24 10:00:00,58.11
2011-02-24 11:00:00,79.27
2011-02-24 12:00:00,89.29
2011-02-24 13:00:00,88.35
2011-02-24 14:00:00,92.1
2011-02-24 15:00:00,57.6
2011-02-24 16:00:00,77.15
2011-02-24 17:00:00,197.45
2011-02-24 18:00:00,153.33
2011-02-24 19:00:00,116.27
2011-02-24 20:00:00,73.87
2011-02-24 21:00:00,63.58
2011-02-24 22:00:00,39.81
2011-02-24 23:00:00,40.31
2011-02-25 00:00:00,16.15
2011-02-25 01:00:00,12.53
2011-02-25 02:00:00,8.33
2011-02-25 03:00:00,2.07
2011-02-25 05:00:00,12.0
2011-02-25 06:00:00,51.34
2011-02-25 07:00:00,93.61
2011-02-25 08:00:00,156.33
2011-02-25 09:00:00,83.28
2011-02-25 10:00:00,53.74
2011-02-25 11:00:00,145.23
2011-02-25 12:00:00,162.36
2011-02-25 13:00:00,159.88
2011-02-25 14:00:00,158.0
2011-02-25 15:00:00,178.5
2011-02-25 16:00:00,116.45
2011-02-25 17:00:00,184.72
2011-02-25 18:00:00,170.0
2011-02-25 19:00:00,111.17
2011-02-25 20:00:00,67.74
2011-02-25 21:00:00,54.7
2011-02-25 22:00:00,41.74
2011-02-25 23:00:00,33.66
2011-02-26 00:00:00,32.53
2011-02-26 01:00:00,21.34
2011-02-26 02:00:00,17.19
2011-02-26 03:00:00,12.32
2011-02-26 04:00:00,3.93
2011-02-26 05:00:00,3.25
2011-02-26 06:00:00,3.56
2011-02-26 07:00:00,9.18
2011-02-26 08:00:00,25.47
2011-02-26 09:00:00,51.96
2011-02-26 10:00:00,106.83
2011-02-26 11:00:00,129.23
2011-02-26 12:00:00,138.77
2011-02-26 13:00:00,137.77
2011-02-26 14:00:00,139.84
2011-02-26 15:00:00,142.43
2011-02-26 16:00:00,150.15
2011-02-26 17:00:00,116.73
2011-02-26 18:00:00,87.69
2011-02-26 19:00:00,68.43
2011-02-26 20:00:00,57.95
2011-02-26 21:00:00,48.3
2011-02-26 22:00:00,47.71
2011-02-26 23:00:00,45.09
2011-02-27 00:00:00,34.86
2011-02-27 01:00:00,28.85
2011-02-27 02:00:00,23.86
2011-02-27 03:00:00,12.7
2011-02-27 04:00:00,6.06
2011-02-27 06:00:00,3.35
2011-02-27 07:00:00,10.32
2011-02-27 08:00:00,32.46
2011-02-27 09:00:00,51.76
2011-02-27 10:00:00,83.73
2011-02-27 11:00:00,124.74
2011-02-27 12:00:00,161.24
2011-02-27 13:00:00,163.2
2011-02-27 14:00:00,185.82
2011-02-27 15:00:00,220.32
2011-02-27 16:00:00,254.82
2011-02-27 17:00:00,143.26
2011-02-27 18:00:00,102.0
2011-02-27 19:00:00,88.53
2011-02-27 20:00:00,69.76
2011-02-27 21:00:00,60.21
2011-02-27 22:00:00,52.53
2011-02-27 23:00:00,42.71
2011-02-28 00:00:00,16.4
2011-02-28 01:00:00,5.11
2011-02-28 03:00:00,1.96
2011-02-28 05:00:00,11.08
2011-02-28 06:00:00,49.46
2011-02-28 07:00:00,107.45
2011-02-28 08:00:00,197.07
2011-02-28 09:00:00,125.4
2011-02-28 10:00:00,79.4
2011-02-28 11:00:00,93.24
2011-02-28 12:00:00,116.74
2011-02-28 13:00:00,67.09
2011-02-28 14:00:00,62.56
2011-02-28 15:00:00,61.14
2011-02-28 16:00:00,96.7
2011-02-28 17:00:00,182.12
2011-02-28 18:00:00,178.72
2011-02-28 19:00:00,109.35
2011-02-28 20:00:00,104.33
2011-02-28 21:00:00,78.85
2011-02-28 22:00:00,38.73
2011-02-28 23:00:00,27.29
2011-03-20 00:00:00,43.59
2011-03-20 01:00:00,32.9
2011-03-20 02:00:00,24.32
2011-03-20 03:00:00,11.91
2011-03-20 04:00:00,3.51
2011-03-20 05:00:00,4.1
2011-03-20 06:00:00,3.67
2011-03-20 07:00:00,20.77
2011-03-20 08:00:00,52.0
2011-03-20 09:00:00,80.26
2011-03-20 10:00:00,133.27
2011-03-20 11:00:00,150.47
2011-03-20 12:00:00,165.94
2011-03-20 13:00:00,157.91
2011-03-20 14:00:00,161.89
2011-03-20 15:00:00,173.36
2011-03-20 16:00:00,208.58
2011-03-20 17:00:00,136.94
2011-03-20 18:00:00,135.93
2011-03-20 19:00:00,92.97
2011-03-20 20:00:00,85.93
2011-03-20 21:00:00,71.04
2011-03-20 22:00:00,54.53
2011-03-20 23:00:00,39.91
2011-03-21 00:00:00,13.03
2011-03-21 01:00:00,7.9
2011-03-21 02:00:00,4.98
2011-03-21 03:00:00,3.18
2011-03-21 05:00:00,8.02
2011-03-21 06:00:00,47.46
2011-03-21 07:00:00,81.53
2011-03-21 08:00:00,211.81
2011-03-21 09:00:00,124.94
2011-03-21 10:00:00,69.8
2011-03-21 11:00:00,81.56
2011-03-21 12:00:00,88.46
2011-03-21 13:00:00,113.09
2011-03-21 14:00:00,117.04
2011-03-21 15:00:00,132.65
2011-03-21 16:00:00,172.23
2011-03-21 17:00:00,366.65
2011-03-21 18:00:00,369.93
2011-03-21 19:00:00,267.74
2011-03-21 20:00:00,195.53
2011-03-21 21:00:00,102.23
2011-03-21 22:00:00,101.79
2011-03-21 23:00:00,55.23
2011-03-22 00:00:00,32.69
2011-03-22 01:00:00,8.71
2011-03-22 02:00:00,8.94
2011-03-22 03:00:00,4.39
2011-03-22 04:00:00,3.87
2011-03-22 05:00:00,17.45
2011-03-22 06:00:00,56.05
2011-03-22 07:00:00,142.91
2011-03-22 08:00:00,231.64
2011-03-22 09:00:00,136.25
2011-03-22 10:00:00,94.24
2011-03-22 11:00:00,95.04
2011-03-22 12:00:00,132.31
2011-03-22 13:00:00,116.97
2011-03-22 14:00:00,110.7
2011-03-22 15:00:00,117.2
2011-03-22 16:00:00,171.34
2011-03-22 17:00:00,356.19
2011-03-22 18:00:00,335.67
2011-03-22 19:00:00,183.24
2011-03-22 20:00:00,138.39
2011-03-22 21:00:00,96.82
2011-03-22 22:00:00,63.73
2011-03-22 23:00:00,38.0
2011-03-23 00:00:00,15.38
2011-03-23 01:00:00,8.0
2011-03-23 02:00:00,4.42
2011-03-23 03:00:00,3.2
2011-03-23 05:00:00,9.51
2011-03-23 06:00:00,51.3
2011-03-23 07:00:00,106.04
2011-03-23 08:00:00,235.07
2011-03-23 09:00:00,140.25
2011-03-23 10:00:00,62.42
2011-03-23 11:00:00,66.93
2011-03-23 12:00:00,69.01
2011-03-23 13:00:00,75.51
2011-03-23 14:00:00,83.2
2011-03-23 15:00:00,79.02
2011-03-23 16:00:00,127.2
2011-03-23 17:00:00,234.55
2011-03-23 18:00:00,196.11
2011-03-23 19:00:00,133.65
2011-03-23 20:00:00,66.86
2011-03-23 21:00:00,50.44
2011-03-23 22:00:00,44.79
2011-03-23 23:00:00,26.45
2011-03-24 00:00:00,15.57
2011-03-24 01:00:00,7.61
2011-03-24 02:00:00,4.62
2011-03-24 03:00:00,2.74
2011-03-24 04:00:00,2.23
2011-03-24 05:00:00,9.99
2011-03-24 06:00:00,43.26
2011-03-24 07:00:00,83.46
2011-03-24 08:00:00,133.95
2011-03-24 09:00:00,138.87
2011-03-24 10:00:00,66.74
2011-03-24 11:00:00,68.66
2011-03-24 12:00:00,81.43
2011-03-24 13:00:00,87.03
2011-03-24 14:00:00,90.3
2011-03-24 15:00:00,84.69
2011-03-24 16:00:00,100.32
2011-03-24 17:00:00,206.57
2011-03-24 18:00:00,182.92
2011-03-24 19:00:00,114.64
2011-03-24 20:00:00,77.94
2011-03-24 21:00:00,65.81
2011-03-24 22:00:00,48.68
2011-03-24 23:00:00,35.26
2011-03-25 00:00:00,21.25
2011-03-25 01:00:00,5.69
2011-03-25 02:00:00,3.21
2011-03-25 03:00:00,2.495
2011-03-25 04:00:00,1.66
2011-03-25 05:00:00,7.77
2011-03-25 06:00:00,37.16
2011-03-25 07:00:00,111.3
2011-03-25 08:00:00,230.45
2011-03-25 09:00:00,143.27
2011-03-25 10:00:00,82.93
2011-03-25 11:00:00,88.24
2011-03-25 12:00:00,95.84
2011-03-25 13:00:00,99.98
2011-03-25 14:00:00,102.47
2011-03-25 15:00:00,93.27
2011-03-25 16:00:00,120.91
2011-03-25 17:00:00,210.5
2011-03-25 18:00:00,200.91
2011-03-25 19:00:00,126.44
2011-03-25 20:00:00,85.96
2011-03-25 21:00:00,72.67
2011-03-25 22:00:00,47.51
2011-03-25 23:00:00,38.33
2011-03-26 00:00:00,39.21
2011-03-26 01:00:00,27.66
2011-03-26 02:00:00,18.75
2011-03-26 03:00:00,9.98
2011-03-26 04:00:00,4.64
2011-03-26 05:00:00,4.26
2011-03-26 06:00:00,10.06
2011-03-26 07:00:00,28.6
2011-03-26 08:00:00,59.23
2011-03-26 09:00:00,95.18
2011-03-26 10:00:00,125.01
2011-03-26 11:00:00,124.74
2011-03-26 12:00:00,143.07
2011-03-26 13:00:00,153.46
2011-03-26 14:00:00,155.11
2011-03-26 15:00:00,159.34
2011-03-26 16:00:00,154.63
2011-03-26 17:00:00,141.39
2011-03-26 18:00:00,133.18
2011-03-26 19:00:00,90.81
2011-03-26 20:00:00,56.51
2011-03-26 21:00:00,57.92
2011-03-26 22:00:00,47.1
2011-03-26 23:00:00,37.97
2011-03-27 00:00:00,39.79
2011-03-27 01:00:00,24.69
2011-03-27 02:00:00,19.69
2011-03-27 03:00:00,10.41
2011-03-27 04:00:00,5.19
2011-03-27 06:00:00,10.36
2011-03-27 07:00:00,39.03
2011-03-27 08:00:00,55.51
2011-03-27 09:00:00,88.18
2011-03-27 10:00:00,115.13
2011-03-27 11:00:00,123.4
2011-03-27 12:00:00,135.96
2011-03-27 13:00:00,149.93
2011-03-27 14:00:00,160.47
2011-03-27 15:00:00,156.78
2011-03-27 16:00:00,159.58
2011-03-27 17:00:00,139.66
2011-03-27 18:00:00,117.99
2011-03-27 19:00:00,95.58
2011-03-27 20:00:00,54.05
2011-03-27 21:00:00,51.69
2011-03-27 22:00:00,40.59
2011-03-27 23:00:00,31.98
2011-03-28 00:00:00,12.18
2011-03-28 01:00:00,4.75
2011-03-28 02:00:00,3.05
2011-03-28 03:00:00,2.49
2011-03-28 05:00:00,7.86
2011-03-28 06:00:00,38.69
2011-03-28 07:00:00,110.09
2011-03-28 08:00:00,210.22
2011-03-28 09:00:00,133.14
2011-03-28 10:00:00,71.76
2011-03-28 11:00:00,68.08
2011-03-28 12:00:00,73.11
2011-03-28 13:00:00,74.45
2011-03-28 14:00:00,87.9
2011-03-28 15:00:00,89.49
2011-03-28 16:00:00,120.88
2011-03-28 17:00:00,235.33
2011-03-28 18:00:00,214.04
2011-03-28 19:00:00,137.65
2011-03-28 20:00:00,101.91
2011-03-28 21:00:00,71.93
2011-03-28 22:00:00,50.42
2011-03-28 23:00:00,35.23
2011-03-29 00:00:00,15.24
2011-03-29 01:00:00,3.39
2011-03-29 02:00:00,3.34
2011-03-29 03:00:00,2.56
2011-03-29 04:00:00,2.07
2011-03-29 05:00:00,7.6
2011-03-29 06:00:00,41.99
2011-03-29 07:00:00,113.83
2011-03-29 08:00:00,223.29
2011-03-29 09:00:00,136.07
2011-03-29 10:00:00,76.35
2011-03-29 11:00:00,76.06
2011-03-29 12:00:00,90.73
2011-03-29 13:00:00,85.14
2011-03-29 14:00:00,88.92
2011-03-29 15:00:00,96.14
2011-03-29 16:00:00,117.05
2011-03-29 17:00:00,257.56
2011-03-29 18:00:00,237.7
2011-03-29 19:00:00,155.09
2011-03-29 20:00:00,101.48
2011-03-29 21:00:00,85.82
2011-03-29 22:00:00,55.92
2011-03-29 23:00:00,35.84
2011-03-30 00:00:00,17.14
2011-03-30 01:00:00,9.42
2011-03-30 02:00:00,3.79
2011-03-30 03:00:00,3.12
2011-03-30 04:00:00,3.22
2011-03-30 05:00:00,12.11
2011-03-30 06:00:00,48.6
2011-03-30 07:00:00,130.06
2011-03-30 08:00:00,238.48
2011-03-30 09:00:00,155.8
2011-03-30 10:00:00,82.73
2011-03-30 11:00:00,79.84
2011-03-30 12:00:00,89.48
2011-03-30 13:00:00,86.64
2011-03-30 14:00:00,84.35
2011-03-30 15:00:00,55.65
2011-03-30 16:00:00,61.14
2011-03-30 17:00:00,153.37
2011-03-30 18:00:00,140.12
2011-03-30 19:00:00,91.4
2011-03-30 20:00:00,61.41
2011-03-30 21:00:00,65.7
2011-03-30 22:00:00,37.3
2011-03-30 23:00:00,26.4
2011-03-31 00:00:00,9.63
2011-03-31 01:00:00,5.95
2011-03-31 02:00:00,4.38
2011-03-31 03:00:00,2.8
2011-03-31 04:00:00,2.54
2011-03-31 05:00:00,8.9
2011-03-31 06:00:00,27.72
2011-03-31 07:00:00,89.4
2011-03-31 08:00:00,190.81
2011-03-31 09:00:00,94.02
2011-03-31 10:00:00,56.86
2011-03-31 11:00:00,53.82
2011-03-31 12:00:00,59.9
2011-03-31 13:00:00,66.42
2011-03-31 14:00:00,65.56
2011-03-31 15:00:00,47.19
2011-03-31 16:00:00,83.8
2011-03-31 17:00:00,169.42
2011-03-31 18:00:00,149.74
2011-03-31 19:00:00,118.86
2011-03-31 20:00:00,61.92
2011-03-31 21:00:00,66.19
2011-03-31 22:00:00,43.51
2011-03-31 23:00:00,38.37
2011-04-20 00:00:00,39.71
2011-04-20 01:00:00,6.88
2011-04-20 02:00:00,9.2
2011-04-20 03:00:00,3.69
2011-04-20 04:00:00,4.46
2011-04-20 05:00:00,17.15
2011-04-20 06:00:00,62.5
2011-04-20 07:00:00,177.41
2011-04-20 08:00:00,338.49
2011-04-20 09:00:00,151.56
2011-04-20 10:00:00,117.78
2011-04-20 11:00:00,117.26
2011-04-20 12:00:00,140.42
2011-04-20 13:00:00,140.48
2011-04-20 14:00:00,138.02
2011-04-20 15:00:00,136.1
2011-04-20 16:00:00,204.82
2011-04-20 17:00:00,351.03
2011-04-20 18:00:00,352.06
2011-04-20 19:00:00,300.55
2011-04-20 20:00:00,220.72
2011-04-20 21:00:00,175.0
2011-04-20 22:00:00,138.41
2011-04-20 23:00:00,88.05
2011-04-21 00:00:00,41.86
2011-04-21 01:00:00,15.92
2011-04-21 02:00:00,11.26
2011-04-21 03:00:00,4.0
2011-04-21 04:00:00,3.59
2011-04-21 05:00:00,18.58
2011-04-21 06:00:00,49.44
2011-04-21 07:00:00,150.91
2011-04-21 08:00:00,232.99
2011-04-21 09:00:00,142.5
2011-04-21 10:00:00,96.24
2011-04-21 11:00:00,118.91
2011-04-21 12:00:00,145.68
2011-04-21 13:00:00,123.89
2011-04-21 14:00:00,118.16
2011-04-21 15:00:00,120.76
2011-04-21 16:00:00,168.53
2011-04-21 17:00:00,337.78
2011-04-21 18:00:00,319.17
2011-04-21 19:00:00,235.73
2011-04-21 20:00:00,202.5
2011-04-21 21:00:00,127.83
2011-04-21 22:00:00,103.91
2011-04-21 23:00:00,64.13
2011-04-22 00:00:00,32.14
2011-04-22 01:00:00,23.47
2011-04-22 02:00:00,10.14
2011-04-22 03:00:00,6.1
2011-04-22 04:00:00,4.89
2011-04-22 05:00:00,11.41
2011-04-22 06:00:00,57.2
2011-04-22 07:00:00,120.28
2011-04-22 08:00:00,241.57
2011-04-22 09:00:00,97.78
2011-04-22 10:00:00,99.01
2011-04-22 11:00:00,78.29
2011-04-22 12:00:00,91.32
2011-04-22 13:00:00,72.94
2011-04-22 14:00:00,26.51
2011-04-22 15:00:00,73.17
2011-04-22 16:00:00,106.53
2011-04-22 17:00:00,144.91
2011-04-22 18:00:00,106.23
2011-04-22 19:00:00,97.57
2011-04-22 20:00:00,70.2
2011-04-22 21:00:00,60.67
2011-04-22 22:00:00,49.6
2011-04-22 23:00:00,47.73
2011-04-23 00:00:00,35.5
2011-04-23 01:00:00,24.41
2011-04-23 02:00:00,21.61
2011-04-23 03:00:00,20.04
2011-04-23 04:00:00,6.52
2011-04-23 05:00:00,6.86
2011-04-23 06:00:00,14.48
2011-04-23 07:00:00,49.99
2011-04-23 08:00:00,44.97
2011-04-23 09:00:00,68.43
2011-04-23 10:00:00,119.92
2011-04-23 11:00:00,87.17
2011-04-23 12:00:00,168.87
2011-04-23 13:00:00,175.44
2011-04-23 14:00:00,232.6
2011-04-23 15:00:00,273.53
2011-04-23 16:00:00,283.57
2011-04-23 17:00:00,313.48
2011-04-23 18:00:00,271.3
2011-04-23 19:00:00,214.59
2011-04-23 20:00:00,153.0
2011-04-23 21:00:00,147.02
2011-04-23 22:00:00,130.57
2011-04-23 23:00:00,114.84
2011-04-24 00:00:00,94.44
2011-04-24 01:00:00,71.05
2011-04-24 02:00:00,46.52
2011-04-24 03:00:00,26.41
2011-04-24 04:00:00,10.43
2011-04-24 05:00:00,11.55
2011-04-24 06:00:00,15.25
2011-04-24 07:00:00,72.6
2011-04-24 08:00:00,121.77
2011-04-24 09:00:00,149.69
2011-04-24 10:00:00,233.13
2011-04-24 11:00:00,290.4
2011-04-24 12:00:00,312.25
2011-04-24 13:00:00,311.45
2011-04-24 14:00:00,317.48
2011-04-24 15:00:00,313.72
2011-04-24 16:00:00,337.82
2011-04-24 17:00:00,337.57249999999993
2011-04-24 18:00:00,308.83
2011-04-24 19:00:00,210.31
2011-04-24 20:00:00,142.69
2011-04-24 21:00:00,59.78
2011-04-24 22:00:00,49.12
2011-04-24 23:00:00,63.9
2011-04-25 00:00:00,18.7
2011-04-25 01:00:00,12.93
2011-04-25 02:00:00,10.76
2011-04-25 03:00:00,4.46
2011-04-25 04:00:00,4.37
2011-04-25 05:00:00,11.78
2011-04-25 06:00:00,68.22
2011-04-25 07:00:00,194.52
2011-04-25 08:00:00,339.57
2011-04-25 09:00:00,154.33
2011-04-25 10:00:00,115.79
2011-04-25 11:00:00,116.86
2011-04-25 12:00:00,134.74
2011-04-25 13:00:00,145.0
2011-04-25 14:00:00,150.77
2011-04-25 15:00:00,153.16
2011-04-25 16:00:00,210.52
2011-04-25 17:00:00,401.9
2011-04-25 18:00:00,390.06
2011-04-25 19:00:00,290.96
2011-04-25 20:00:00,216.62
2011-04-25 21:00:00,172.11
2011-04-25 22:00:00,106.71
2011-04-25 23:00:00,59.16
2011-04-26 00:00:00,26.34
2011-04-26 01:00:00,15.36
2011-04-26 02:00:00,7.74
2011-04-26 03:00:00,3.57
2011-04-26 04:00:00,4.26
2011-04-26 05:00:00,18.61
2011-04-26 06:00:00,72.18
2011-04-26 07:00:00,195.89
2011-04-26 08:00:00,348.9
2011-04-26 09:00:00,140.96
2011-04-26 10:00:00,111.27
2011-04-26 11:00:00,113.62
2011-04-26 12:00:00,132.8
2011-04-26 13:00:00,141.78
2011-04-26 14:00:00,141.05
2011-04-26 15:00:00,134.0
2011-04-26 16:00:00,209.13
2011-04-26 17:00:00,396.88
2011-04-26 18:00:00,394.5
2011-04-26 19:00:00,281.65
2011-04-26 20:00:00,206.97
2011-04-26 21:00:00,177.08
2011-04-26 22:00:00,139.07
2011-04-26 23:00:00,68.95
2011-04-27 00:00:00,26.78
2011-04-27 01:00:00,13.35
2011-04-27 02:00:00,9.72
2011-04-27 03:00:00,3.56
2011-04-27 04:00:00,4.69
2011-04-27 05:00:00,14.42
2011-04-27 06:00:00,71.9
2011-04-27 07:00:00,192.93
2011-04-27 08:00:00,347.53
2011-04-27 09:00:00,152.87
2011-04-27 10:00:00,92.96
2011-04-27 11:00:00,96.93
2011-04-27 12:00:00,108.32
2011-04-27 13:00:00,106.12
2011-04-27 14:00:00,127.11
2011-04-27 15:00:00,132.22
2011-04-27 16:00:00,210.2
2011-04-27 17:00:00,282.59
2011-04-27 18:00:00,270.11
2011-04-27 19:00:00,317.66
2011-04-27 20:00:00,198.71
2011-04-27 21:00:00,132.86
2011-04-27 22:00:00,103.98
2011-04-27 23:00:00,58.2
2011-04-28 00:00:00,42.13
2011-04-28 01:00:00,14.19
2011-04-28 02:00:00,5.71
2011-04-28 03:00:00,5.19
2011-04-28 04:00:00,4.66
2011-04-28 05:00:00,17.4
2011-04-28 06:00:00,72.9
2011-04-28 07:00:00,193.89
2011-04-28 08:00:00,343.32
2011-04-28 09:00:00,175.31
2011-04-28 10:00:00,106.71
2011-04-28 11:00:00,104.0
2011-04-28 12:00:00,106.66
2011-04-28 13:00:00,114.37
2011-04-28 14:00:00,110.75
2011-04-28 15:00:00,135.62
2011-04-28 16:00:00,227.14
2011-04-28 17:00:00,369.51
2011-04-28 18:00:00,362.6
2011-04-28 19:00:00,271.54
2011-04-28 20:00:00,197.35
2011-04-28 21:00:00,162.07
2011-04-28 22:00:00,134.05
2011-04-28 23:00:00,115.29
2011-04-29 00:00:00,54.28
2011-04-29 01:00:00,28.77
2011-04-29 02:00:00,17.75
2011-04-29 03:00:00,7.07
2011-04-29 04:00:00,5.67
2011-04-29 05:00:00,18.88
2011-04-29 06:00:00,67.8
2011-04-29 07:00:00,217.43
2011-04-29 08:00:00,367.59
2011-04-29 09:00:00,195.38
2011-04-29 10:00:00,142.6
2011-04-29 11:00:00,169.13
2011-04-29 12:00:00,201.04
2011-04-29 13:00:00,198.81
2011-04-29 14:00:00,197.74
2011-04-29 15:00:00,195.69
2011-04-29 16:00:00,217.55
2011-04-29 17:00:00,329.46
2011-04-29 18:00:00,331.68
2011-04-29 19:00:00,218.24
2011-04-29 20:00:00,164.75
2011-04-29 21:00:00,134.91
2011-04-29 22:00:00,105.15
2011-04-29 23:00:00,98.58
2011-04-30 00:00:00,47.7
2011-04-30 01:00:00,39.73
2011-04-30 02:00:00,30.71
2011-04-30 03:00:00,21.23
2011-04-30 04:00:00,6.37
2011-04-30 05:00:00,5.77
2011-04-30 06:00:00,20.0
2011-04-30 07:00:00,37.27
2011-04-30 08:00:00,61.82
2011-04-30 09:00:00,159.01
2011-04-30 10:00:00,230.92
2011-04-30 11:00:00,279.59
2011-04-30 12:00:00,309.67
2011-04-30 13:00:00,320.12
2011-04-30 14:00:00,313.27
2011-04-30 15:00:00,316.88
2011-04-30 16:00:00,305.61
2011-04-30 17:00:00,319.30333333333334
2011-04-30 18:00:00,302.34
2011-04-30 19:00:00,225.01
2011-04-30 20:00:00,146.24
2011-04-30 21:00:00,110.86
2011-04-30 22:00:00,107.46
2011-04-30 23:00:00,94.87
2011-05-20 00:00:00,37.62
2011-05-20 01:00:00,22.56
2011-05-20 02:00:00,12.26
2011-05-20 03:00:00,5.8
2011-05-20 04:00:00,5.08
2011-05-20 05:00:00,25.41
2011-05-20 06:00:00,87.87
2011-05-20 07:00:00,280.56
2011-05-20 08:00:00,455.78
2011-05-20 09:00:00,213.04
2011-05-20 10:00:00,159.62
2011-05-20 11:00:00,172.21
2011-05-20 12:00:00,251.45
2011-05-20 13:00:00,216.08
2011-05-20 14:00:00,244.17
2011-05-20 15:00:00,250.43
2011-05-20 16:00:00,358.3
2011-05-20 17:00:00,537.66
2011-05-20 18:00:00,479.43
2011-05-20 19:00:00,299.29
2011-05-20 20:00:00,236.5
2011-05-20 21:00:00,204.15
2011-05-20 22:00:00,148.91
2011-05-20 23:00:00,125.15
2011-05-21 00:00:00,110.2
2011-05-21 01:00:00,78.45
2011-05-21 02:00:00,58.79
2011-05-21 03:00:00,23.77
2011-05-21 04:00:00,8.44
2011-05-21 05:00:00,9.74
2011-05-21 06:00:00,15.86
2011-05-21 07:00:00,51.88
2011-05-21 08:00:00,118.19
2011-05-21 09:00:00,206.6
2011-05-21 10:00:00,274.27
2011-05-21 11:00:00,369.9
2011-05-21 12:00:00,386.75
2011-05-21 13:00:00,409.59
2011-05-21 14:00:00,407.82
2011-05-21 15:00:00,404.36
2011-05-21 16:00:00,405.83
2011-05-21 17:00:00,352.98
2011-05-21 18:00:00,334.99
2011-05-21 19:00:00,337.86
2011-05-21 20:00:00,244.5
2011-05-21 21:00:00,216.73
2011-05-21 22:00:00,159.69
2011-05-21 23:00:00,145.92
2011-05-22 00:00:00,112.41
2011-05-22 01:00:00,70.95
2011-05-22 02:00:00,56.78
2011-05-22 03:00:00,27.76
2011-05-22 04:00:00,11.24
2011-05-22 05:00:00,12.43
2011-05-22 06:00:00,12.63
2011-05-22 07:00:00,45.83
2011-05-22 08:00:00,89.79
2011-05-22 09:00:00,166.46
2011-05-22 10:00:00,271.05
2011-05-22 11:00:00,372.76
2011-05-22 12:00:00,379.6
2011-05-22 13:00:00,387.27
2011-05-22 14:00:00,347.06
2011-05-22 15:00:00,372.11
2011-05-22 16:00:00,383.23
2011-05-22 17:00:00,357.53299999999996
2011-05-22 18:00:00,325.4866666666667
2011-05-22 19:00:00,300.19
2011-05-22 20:00:00,254.03
2011-05-22 21:00:00,185.6
2011-05-22 22:00:00,131.24
2011-05-22 23:00:00,89.27
2011-05-23 00:00:00,30.67
2011-05-23 01:00:00,19.7
2011-05-23 02:00:00,7.12
2011-05-23 03:00:00,3.83
2011-05-23 04:00:00,4.52
2011-05-23 05:00:00,17.69
2011-05-23 06:00:00,95.75
2011-05-23 07:00:00,238.09
2011-05-23 08:00:00,390.58
2011-05-23 09:00:00,194.53
2011-05-23 10:00:00,117.42
2011-05-23 11:00:00,145.81
2011-05-23 12:00:00,191.73
2011-05-23 13:00:00,184.68
2011-05-23 14:00:00,161.53
2011-05-23 15:00:00,163.59
2011-05-23 16:00:00,281.31
2011-05-23 17:00:00,431.16
2011-05-23 18:00:00,493.73
2011-05-23 19:00:00,371.37
2011-05-23 20:00:00,223.73
2011-05-23 21:00:00,126.92
2011-05-23 22:00:00,118.05
2011-05-23 23:00:00,63.17
2011-05-24 00:00:00,25.79
2011-05-24 01:00:00,10.41
2011-05-24 02:00:00,7.93
2011-05-24 03:00:00,4.14
2011-05-24 04:00:00,5.94
2011-05-24 05:00:00,18.05
2011-05-24 06:00:00,100.64
2011-05-24 07:00:00,144.26
2011-05-24 08:00:00,327.32
2011-05-24 09:00:00,204.5
2011-05-24 10:00:00,122.84
2011-05-24 11:00:00,151.42
2011-05-24 12:00:00,182.86
2011-05-24 13:00:00,190.43
2011-05-24 14:00:00,160.48
2011-05-24 15:00:00,177.73
2011-05-24 16:00:00,290.38
2011-05-24 17:00:00,440.96
2011-05-24 18:00:00,498.99
2011-05-24 19:00:00,357.2
2011-05-24 20:00:00,274.99
2011-05-24 21:00:00,224.18
2011-05-24 22:00:00,76.1
2011-05-24 23:00:00,81.81
2011-05-25 00:00:00,25.55
2011-05-25 01:00:00,13.19
2011-05-25 02:00:00,8.95
2011-05-25 03:00:00,4.68
2011-05-25 04:00:00,5.25
2011-05-25 05:00:00,25.53
2011-05-25 06:00:00,107.07
2011-05-25 07:00:00,313.65
2011-05-25 08:00:00,434.59
2011-05-25 09:00:00,208.25
2011-05-25 10:00:00,133.78
2011-05-25 11:00:00,152.22
2011-05-25 12:00:00,200.51
2011-05-25 13:00:00,187.87
2011-05-25 14:00:00,162.14
2011-05-25 15:00:00,168.1
2011-05-25 16:00:00,285.91
2011-05-25 17:00:00,551.9
2011-05-25 18:00:00,512.58
2011-05-25 19:00:00,402.55
2011-05-25 20:00:00,301.51
2011-05-25 21:00:00,219.55
2011-05-25 22:00:00,158.74
2011-05-25 23:00:00,87.98
2011-05-26 00:00:00,51.7
2011-05-26 01:00:00,23.24
2011-05-26 02:00:00,8.94
2011-05-26 03:00:00,4.94
2011-05-26 04:00:00,5.37
2011-05-26 05:00:00,21.98
2011-05-26 06:00:00,95.6
2011-05-26 07:00:00,216.44
2011-05-26 08:00:00,440.58
2011-05-26 09:00:00,201.18
2011-05-26 10:00:00,118.68
2011-05-26 11:00:00,152.84
2011-05-26 12:00:00,188.81
2011-05-26 13:00:00,166.15
2011-05-26 14:00:00,160.53
2011-05-26 15:00:00,162.38
2011-05-26 16:00:00,261.92
2011-05-26 17:00:00,534.89
2011-05-26 18:00:00,495.95
2011-05-26 19:00:00,356.62
2011-05-26 20:00:00,290.21
2011-05-26 21:00:00,212.77
2011-05-26 22:00:00,162.09
2011-05-26 23:00:00,119.29
2011-05-27 00:00:00,63.18
2011-05-27 01:00:00,25.23
2011-05-27 02:00:00,14.0
2011-05-27 03:00:00,6.12
2011-05-27 04:00:00,6.14
2011-05-27 05:00:00,26.97
2011-05-27 06:00:00,103.18
2011-05-27 07:00:00,281.45
2011-05-27 08:00:00,456.99
2011-05-27 09:00:00,210.38
2011-05-27 10:00:00,145.24
2011-05-27 11:00:00,164.5
2011-05-27 12:00:00,227.74
2011-05-27 13:00:00,223.88
2011-05-27 14:00:00,218.25
2011-05-27 15:00:00,224.17
2011-05-27 16:00:00,330.05
2011-05-27 17:00:00,530.25
2011-05-27 18:00:00,430.61
2011-05-27 19:00:00,284.1
2011-05-27 20:00:00,233.51
2011-05-27 21:00:00,163.86
2011-05-27 22:00:00,156.9
2011-05-27 23:00:00,131.35
2011-05-28 00:00:00,111.47
2011-05-28 01:00:00,86.31
2011-05-28 02:00:00,61.01
2011-05-28 03:00:00,28.03
2011-05-28 04:00:00,8.12
2011-05-28 05:00:00,9.36
2011-05-28 06:00:00,19.33
2011-05-28 07:00:00,48.77
2011-05-28 08:00:00,113.68
2011-05-28 09:00:00,202.87
2011-05-28 10:00:00,292.95
2011-05-28 11:00:00,367.71
2011-05-28 12:00:00,374.57
2011-05-28 13:00:00,391.38
2011-05-28 14:00:00,387.93
2011-05-28 15:00:00,418.71
2011-05-28 16:00:00,411.04
2011-05-28 17:00:00,379.543
2011-05-28 18:00:00,322.02
2011-05-28 19:00:00,291.69
2011-05-28 20:00:00,275.7
2011-05-28 21:00:00,207.67
2011-05-28 22:00:00,179.26
2011-05-28 23:00:00,140.66
2011-05-29 00:00:00,119.41
2011-05-29 01:00:00,89.76
2011-05-29 02:00:00,62.0
2011-05-29 03:00:00,26.79
2011-05-29 04:00:00,10.46
2011-05-29 05:00:00,13.25
2011-05-29 06:00:00,16.27
2011-05-29 07:00:00,32.74
2011-05-29 08:00:00,94.31
2011-05-29 09:00:00,132.09
2011-05-29 10:00:00,233.79
2011-05-29 11:00:00,274.96
2011-05-29 12:00:00,326.9
2011-05-29 13:00:00,396.76
2011-05-29 14:00:00,377.56
2011-05-29 15:00:00,380.19
2011-05-29 16:00:00,353.96
2011-05-29 17:00:00,344.44833333333327
2011-05-29 18:00:00,256.26
2011-05-29 19:00:00,257.44
2011-05-29 20:00:00,232.5
2011-05-29 21:00:00,161.11
2011-05-29 22:00:00,131.21
2011-05-29 23:00:00,102.27
2011-05-30 00:00:00,77.0
2011-05-30 01:00:00,62.17
2011-05-30 02:00:00,40.99
2011-05-30 03:00:00,20.1
2011-05-30 04:00:00,13.64
2011-05-30 05:00:00,9.31
2011-05-30 06:00:00,35.63
2011-05-30 07:00:00,79.16
2011-05-30 08:00:00,156.58
2011-05-30 09:00:00,217.03
2011-05-30 10:00:00,289.27
2011-05-30 11:00:00,364.9
2011-05-30 12:00:00,373.79
2011-05-30 13:00:00,369.76
2011-05-30 14:00:00,366.23
2011-05-30 15:00:00,366.7
2011-05-30 16:00:00,361.55
2011-05-30 17:00:00,426.7
2011-05-30 18:00:00,415.69
2011-05-30 19:00:00,319.7
2011-05-30 20:00:00,334.71
2011-05-30 21:00:00,307.41
2011-05-30 22:00:00,236.71
2011-05-30 23:00:00,95.31
2011-05-31 00:00:00,28.28
2011-05-31 01:00:00,16.55
2011-05-31 02:00:00,7.73
2011-05-31 03:00:00,3.81
2011-05-31 04:00:00,6.0
2011-05-31 05:00:00,24.55
2011-05-31 06:00:00,107.46
2011-05-31 07:00:00,298.48
2011-05-31 08:00:00,448.96
2011-05-31 09:00:00,191.14
2011-05-31 10:00:00,127.23
2011-05-31 11:00:00,128.11
2011-05-31 12:00:00,153.11
2011-05-31 13:00:00,148.6
2011-05-31 14:00:00,145.82
2011-05-31 15:00:00,145.23
2011-05-31 16:00:00,229.58
2011-05-31 17:00:00,505.63
2011-05-31 18:00:00,505.85
2011-05-31 19:00:00,374.84
2011-05-31 20:00:00,285.54
2011-05-31 21:00:00,214.46
2011-05-31 22:00:00,151.82
2011-05-31 23:00:00,79.65
2011-06-20 00:00:00,35.92
2011-06-20 01:00:00,16.79
2011-06-20 02:00:00,8.08
2011-06-20 03:00:00,4.09
2011-06-20 04:00:00,4.43
2011-06-20 05:00:00,17.02
2011-06-20 06:00:00,94.74
2011-06-20 07:00:00,134.38
2011-06-20 08:00:00,305.49
2011-06-20 09:00:00,207.44
2011-06-20 10:00:00,112.86
2011-06-20 11:00:00,127.03
2011-06-20 12:00:00,175.65
2011-06-20 13:00:00,178.53
2011-06-20 14:00:00,168.56
2011-06-20 15:00:00,167.69
2011-06-20 16:00:00,291.41
2011-06-20 17:00:00,562.66
2011-06-20 18:00:00,530.87
2011-06-20 19:00:00,392.53
2011-06-20 20:00:00,298.14
2011-06-20 21:00:00,208.29
2011-06-20 22:00:00,125.23
2011-06-20 23:00:00,77.12
2011-06-21 00:00:00,30.34
2011-06-21 01:00:00,12.04
2011-06-21 02:00:00,6.16
2011-06-21 03:00:00,5.06
2011-06-21 04:00:00,4.9
2011-06-21 05:00:00,20.26
2011-06-21 06:00:00,111.57
2011-06-21 07:00:00,239.63
2011-06-21 08:00:00,418.75
2011-06-21 09:00:00,201.05
2011-06-21 10:00:00,110.22
2011-06-21 11:00:00,120.04
2011-06-21 12:00:00,170.21
2011-06-21 13:00:00,168.14
2011-06-21 14:00:00,155.43
2011-06-21 15:00:00,162.58
2011-06-21 16:00:00,278.6
2011-06-21 17:00:00,548.11
2011-06-21 18:00:00,502.25
2011-06-21 19:00:00,344.9
2011-06-21 20:00:00,237.69
2011-06-21 21:00:00,223.65
2011-06-21 22:00:00,145.65
2011-06-21 23:00:00,77.95
2011-06-22 00:00:00,35.81
2011-06-22 01:00:00,17.26
2011-06-22 02:00:00,8.54
2011-06-22 03:00:00,6.13
2011-06-22 04:00:00,5.67
2011-06-22 05:00:00,28.19
2011-06-22 06:00:00,112.74
2011-06-22 07:00:00,301.28
2011-06-22 08:00:00,433.59
2011-06-22 09:00:00,193.12
2011-06-22 10:00:00,125.96
2011-06-22 11:00:00,143.09
2011-06-22 12:00:00,167.67
2011-06-22 13:00:00,159.29
2011-06-22 14:00:00,159.46
2011-06-22 15:00:00,160.66
2011-06-22 16:00:00,257.66
2011-06-22 17:00:00,500.59
2011-06-22 18:00:00,492.85
2011-06-22 19:00:00,372.93
2011-06-22 20:00:00,284.47
2011-06-22 21:00:00,217.92
2011-06-22 22:00:00,169.27
2011-06-22 23:00:00,98.86
2011-06-23 00:00:00,42.47
2011-06-23 01:00:00,19.52
2011-06-23 02:00:00,9.31
2011-06-23 03:00:00,5.44
2011-06-23 04:00:00,6.37
2011-06-23 05:00:00,25.23
2011-06-23 06:00:00,116.73
2011-06-23 07:00:00,319.55
2011-06-23 08:00:00,430.04
2011-06-23 09:00:00,205.69
2011-06-23 10:00:00,128.66
2011-06-23 11:00:00,154.08
2011-06-23 12:00:00,177.01
2011-06-23 13:00:00,180.63
2011-06-23 14:00:00,160.2
2011-06-23 15:00:00,169.67
2011-06-23 16:00:00,288.23
2011-06-23 17:00:00,473.53
2011-06-23 18:00:00,492.7
2011-06-23 19:00:00,364.68
2011-06-23 20:00:00,294.3
2011-06-23 21:00:00,219.15
2011-06-23 22:00:00,166.23
2011-06-23 23:00:00,119.42
2011-06-24 00:00:00,64.49
2011-06-24 01:00:00,23.12
2011-06-24 02:00:00,11.34
2011-06-24 03:00:00,6.68
2011-06-24 04:00:00,5.34
2011-06-24 05:00:00,26.55
2011-06-24 06:00:00,100.44
2011-06-24 07:00:00,270.69
2011-06-24 08:00:00,448.09
2011-06-24 09:00:00,229.43
2011-06-24 10:00:00,134.77
2011-06-24 11:00:00,165.94
2011-06-24 12:00:00,219.78
2011-06-24 13:00:00,215.96
2011-06-24 14:00:00,222.85
2011-06-24 15:00:00,215.04
2011-06-24 16:00:00,341.04
2011-06-24 17:00:00,560.63
2011-06-24 18:00:00,495.25
2011-06-24 19:00:00,371.58
2011-06-24 20:00:00,288.07
2011-06-24 21:00:00,232.72
2011-06-24 22:00:00,196.33
2011-06-24 23:00:00,150.54
2011-06-25 00:00:00,116.87
2011-06-25 01:00:00,82.76
2011-06-25 02:00:00,55.59
2011-06-25 03:00:00,32.31
2011-06-25 04:00:00,9.99
2011-06-25 05:00:00,9.47
2011-06-25 06:00:00,30.3
2011-06-25 07:00:00,69.19
2011-06-25 08:00:00,153.12
2011-06-25 09:00:00,214.26
2011-06-25 10:00:00,301.35
2011-06-25 11:00:00,389.65
2011-06-25 12:00:00,432.25
2011-06-25 13:00:00,428.67
2011-06-25 14:00:00,426.48
2011-06-25 15:00:00,416.93
2011-06-25 16:00:00,406.12
2011-06-25 17:00:00,400.708
2011-06-25 18:00:00,383.085
2011-06-25 19:00:00,357.71
2011-06-25 20:00:00,287.98
2011-06-25 21:00:00,233.15
2011-06-25 22:00:00,198.2
2011-06-25 23:00:00,129.23
2011-06-26 00:00:00,103.7
2011-06-26 01:00:00,84.44
2011-06-26 02:00:00,70.47
2011-06-26 03:00:00,31.54
2011-06-26 04:00:00,9.85
2011-06-26 05:00:00,13.36
2011-06-26 06:00:00,25.18
2011-06-26 07:00:00,52.34
2011-06-26 08:00:00,105.17
2011-06-26 09:00:00,176.51
2011-06-26 10:00:00,296.81
2011-06-26 11:00:00,386.39
2011-06-26 12:00:00,414.16
2011-06-26 13:00:00,404.78
2011-06-26 14:00:00,406.64
2011-06-26 15:00:00,399.59
2011-06-26 16:00:00,391.57
2011-06-26 17:00:00,375.4475
2011-06-26 18:00:00,358.9233333333333
2011-06-26 19:00:00,334.25
2011-06-26 20:00:00,243.4
2011-06-26 21:00:00,182.01
2011-06-26 22:00:00,182.66
2011-06-26 23:00:00,80.86
2011-06-27 00:00:00,35.63
2011-06-27 01:00:00,16.03
2011-06-27 02:00:00,9.91
2011-06-27 03:00:00,4.94
2011-06-27 04:00:00,5.56
2011-06-27 05:00:00,20.38
2011-06-27 06:00:00,112.74
2011-06-27 07:00:00,301.22
2011-06-27 08:00:00,389.46
2011-06-27 09:00:00,201.49
2011-06-27 10:00:00,123.17
2011-06-27 11:00:00,148.8
2011-06-27 12:00:00,173.6
2011-06-27 13:00:00,169.07
2011-06-27 14:00:00,167.19
2011-06-27 15:00:00,164.0
2011-06-27 16:00:00,287.1
2011-06-27 17:00:00,569.87
2011-06-27 18:00:00,538.94
2011-06-27 19:00:00,396.51
2011-06-27 20:00:00,302.82
2011-06-27 21:00:00,196.38
2011-06-27 22:00:00,124.44
2011-06-27 23:00:00,90.1
2011-06-28 00:00:00,31.42
2011-06-28 01:00:00,17.86
2011-06-28 02:00:00,9.58
2011-06-28 03:00:00,6.15
2011-06-28 04:00:00,5.92
2011-06-28 05:00:00,24.1
2011-06-28 06:00:00,112.91
2011-06-28 07:00:00,299.09
2011-06-28 08:00:00,433.4
2011-06-28 09:00:00,197.42
2011-06-28 10:00:00,117.94
2011-06-28 11:00:00,141.98
2011-06-28 12:00:00,167.77
2011-06-28 13:00:00,160.37
2011-06-28 14:00:00,148.72
2011-06-28 15:00:00,159.66
2011-06-28 16:00:00,244.23
2011-06-28 17:00:00,415.86
2011-06-28 18:00:00,384.38
2011-06-28 19:00:00,344.82
2011-06-28 20:00:00,304.0
2011-06-28 21:00:00,209.53
2011-06-28 22:00:00,147.84
2011-06-28 23:00:00,94.11
2011-06-29 00:00:00,32.52
2011-06-29 01:00:00,17.27
2011-06-29 02:00:00,6.84
2011-06-29 03:00:00,5.59
2011-06-29 04:00:00,6.41
2011-06-29 05:00:00,25.95
2011-06-29 06:00:00,110.18
2011-06-29 07:00:00,304.74
2011-06-29 08:00:00,467.11
2011-06-29 09:00:00,204.82
2011-06-29 10:00:00,123.18
2011-06-29 11:00:00,161.06
2011-06-29 12:00:00,199.3
2011-06-29 13:00:00,191.21
2011-06-29 14:00:00,158.47
2011-06-29 15:00:00,170.01
2011-06-29 16:00:00,291.41
2011-06-29 17:00:00,563.36
2011-06-29 18:00:00,555.87
2011-06-29 19:00:00,376.87
2011-06-29 20:00:00,301.16
2011-06-29 21:00:00,231.68
2011-06-29 22:00:00,175.8
2011-06-29 23:00:00,99.23
2011-06-30 00:00:00,47.41
2011-06-30 01:00:00,21.02
2011-06-30 02:00:00,8.5
2011-06-30 03:00:00,6.37
2011-06-30 04:00:00,6.07
2011-06-30 05:00:00,27.32
2011-06-30 06:00:00,118.54
2011-06-30 07:00:00,323.35
2011-06-30 08:00:00,459.41
2011-06-30 09:00:00,209.5
2011-06-30 10:00:00,125.01
2011-06-30 11:00:00,154.43
2011-06-30 12:00:00,210.37
2011-06-30 13:00:00,201.34
2011-06-30 14:00:00,161.45
2011-06-30 15:00:00,178.93
2011-06-30 16:00:00,293.38
2011-06-30 17:00:00,575.73
2011-06-30 18:00:00,556.53
2011-06-30 19:00:00,382.11
2011-06-30 20:00:00,303.36
2011-06-30 21:00:00,232.14
2011-06-30 22:00:00,181.3
2011-06-30 23:00:00,121.71
2011-07-20 00:00:00,34.39
2011-07-20 01:00:00,16.46
2011-07-20 02:00:00,6.72
2011-07-20 03:00:00,5.62
2011-07-20 04:00:00,6.21
2011-07-20 05:00:00,30.27
2011-07-20 06:00:00,122.99
2011-07-20 07:00:00,308.64
2011-07-20 08:00:00,429.8
2011-07-20 09:00:00,203.85
2011-07-20 10:00:00,120.43
2011-07-20 11:00:00,135.67
2011-07-20 12:00:00,162.96
2011-07-20 13:00:00,155.69
2011-07-20 14:00:00,150.26
2011-07-20 15:00:00,153.32
2011-07-20 16:00:00,248.74
2011-07-20 17:00:00,499.73
2011-07-20 18:00:00,503.75
2011-07-20 19:00:00,378.03
2011-07-20 20:00:00,292.76
2011-07-20 21:00:00,218.56
2011-07-20 22:00:00,166.6
2011-07-20 23:00:00,111.52
2011-07-21 00:00:00,45.5
2011-07-21 01:00:00,17.16
2011-07-21 02:00:00,6.54
2011-07-21 03:00:00,5.47
2011-07-21 04:00:00,5.2
2011-07-21 05:00:00,21.34
2011-07-21 06:00:00,123.12
2011-07-21 07:00:00,304.9
2011-07-21 08:00:00,434.74
2011-07-21 09:00:00,197.69
2011-07-21 10:00:00,120.89
2011-07-21 11:00:00,129.95
2011-07-21 12:00:00,151.32
2011-07-21 13:00:00,147.19
2011-07-21 14:00:00,142.7
2011-07-21 15:00:00,147.98
2011-07-21 16:00:00,238.47
2011-07-21 17:00:00,465.95
2011-07-21 18:00:00,464.8
2011-07-21 19:00:00,378.93
2011-07-21 20:00:00,281.46
2011-07-21 21:00:00,223.09
2011-07-21 22:00:00,173.95
2011-07-21 23:00:00,120.16
2011-07-22 00:00:00,55.86
2011-07-22 01:00:00,29.88
2011-07-22 02:00:00,21.41
2011-07-22 03:00:00,6.54
2011-07-22 04:00:00,6.86
2011-07-22 05:00:00,23.27
2011-07-22 06:00:00,106.57
2011-07-22 07:00:00,291.6
2011-07-22 08:00:00,457.76
2011-07-22 09:00:00,229.38
2011-07-22 10:00:00,153.67
2011-07-22 11:00:00,173.13
2011-07-22 12:00:00,187.35
2011-07-22 13:00:00,185.56
2011-07-22 14:00:00,188.06
2011-07-22 15:00:00,176.25
2011-07-22 16:00:00,320.96
2011-07-22 17:00:00,473.16
2011-07-22 18:00:00,452.19
2011-07-22 19:00:00,334.92
2011-07-22 20:00:00,293.23
2011-07-22 21:00:00,228.74
2011-07-22 22:00:00,184.59
2011-07-22 23:00:00,144.48
2011-07-23 00:00:00,122.84
2011-07-23 01:00:00,81.65
2011-07-23 02:00:00,60.85
2011-07-23 03:00:00,27.29
2011-07-23 04:00:00,8.8
2011-07-23 05:00:00,10.29
2011-07-23 06:00:00,33.15
2011-07-23 07:00:00,67.92
2011-07-23 08:00:00,154.96
2011-07-23 09:00:00,226.06
2011-07-23 10:00:00,292.96
2011-07-23 11:00:00,327.37
2011-07-23 12:00:00,358.45
2011-07-23 13:00:00,349.79
2011-07-23 14:00:00,354.43
2011-07-23 15:00:00,349.31
2011-07-23 16:00:00,403.37
2011-07-23 17:00:00,382.51
2011-07-23 18:00:00,368.58
2011-07-23 19:00:00,310.97
2011-07-23 20:00:00,295.77
2011-07-23 21:00:00,237.56
2011-07-23 22:00:00,198.5
2011-07-23 23:00:00,143.99
2011-07-24 00:00:00,115.35
2011-07-24 01:00:00,89.96
2011-07-24 02:00:00,80.81
2011-07-24 03:00:00,29.68
2011-07-24 04:00:00,7.36
2011-07-24 05:00:00,9.55
2011-07-24 06:00:00,26.56
2011-07-24 07:00:00,58.42
2011-07-24 08:00:00,104.53
2011-07-24 09:00:00,187.81
2011-07-24 10:00:00,292.58
2011-07-24 11:00:00,329.59
2011-07-24 12:00:00,361.54
2011-07-24 13:00:00,356.67
2011-07-24 14:00:00,352.56
2011-07-24 15:00:00,347.13
2011-07-24 16:00:00,378.87
2011-07-24 17:00:00,378.465
2011-07-24 18:00:00,369.71
2011-07-24 19:00:00,333.13
2011-07-24 20:00:00,272.81
2011-07-24 21:00:00,199.84
2011-07-24 22:00:00,155.42
2011-07-24 23:00:00,82.49
2011-07-25 00:00:00,44.0
2011-07-25 01:00:00,27.18
2011-07-25 02:00:00,8.36
2011-07-25 03:00:00,4.89
2011-07-25 04:00:00,6.06
2011-07-25 05:00:00,23.94
2011-07-25 06:00:00,115.46
2011-07-25 07:00:00,306.41
2011-07-25 08:00:00,398.95
2011-07-25 09:00:00,197.23
2011-07-25 10:00:00,123.08
2011-07-25 11:00:00,125.61
2011-07-25 12:00:00,157.52
2011-07-25 13:00:00,155.82
2011-07-25 14:00:00,131.09
2011-07-25 15:00:00,137.02
2011-07-25 16:00:00,247.46
2011-07-25 17:00:00,487.37
2011-07-25 18:00:00,454.67
2011-07-25 19:00:00,389.32
2011-07-25 20:00:00,286.64
2011-07-25 21:00:00,151.26
2011-07-25 22:00:00,126.33
2011-07-25 23:00:00,66.4
2011-07-26 00:00:00,26.95
2011-07-26 01:00:00,15.4
2011-07-26 02:00:00,8.02
2011-07-26 03:00:00,4.53
2011-07-26 04:00:00,6.08
2011-07-26 05:00:00,27.32
2011-07-26 06:00:00,112.81
2011-07-26 07:00:00,309.94
2011-07-26 08:00:00,427.68
2011-07-26 09:00:00,192.65
2011-07-26 10:00:00,126.76
2011-07-26 11:00:00,152.37
2011-07-26 12:00:00,189.44
2011-07-26 13:00:00,194.18
2011-07-26 14:00:00,166.75
2011-07-26 15:00:00,160.56
2011-07-26 16:00:00,278.02
2011-07-26 17:00:00,553.36
2011-07-26 18:00:00,551.61
2011-07-26 19:00:00,377.62
2011-07-26 20:00:00,301.3
2011-07-26 21:00:00,235.63
2011-07-26 22:00:00,165.19
2011-07-26 23:00:00,78.14
2011-07-27 00:00:00,43.85
2011-07-27 01:00:00,15.29
2011-07-27 02:00:00,8.07
2011-07-27 03:00:00,4.47
2011-07-27 04:00:00,4.71
2011-07-27 05:00:00,27.83
2011-07-27 06:00:00,115.09
2011-07-27 07:00:00,302.77
2011-07-27 08:00:00,444.17
2011-07-27 09:00:00,199.97
2011-07-27 10:00:00,123.36
2011-07-27 11:00:00,160.57
2011-07-27 12:00:00,201.55
2011-07-27 13:00:00,197.53
2011-07-27 14:00:00,166.9
2011-07-27 15:00:00,175.1
2011-07-27 16:00:00,284.37
2011-07-27 17:00:00,564.63
2011-07-27 18:00:00,551.03
2011-07-27 19:00:00,395.6
2011-07-27 20:00:00,310.36
2011-07-27 21:00:00,230.51
2011-07-27 22:00:00,172.58
2011-07-27 23:00:00,90.07
2011-07-28 00:00:00,48.4
2011-07-28 01:00:00,19.91
2011-07-28 02:00:00,10.21
2011-07-28 03:00:00,6.13
2011-07-28 04:00:00,5.78
2011-07-28 05:00:00,29.01
2011-07-28 06:00:00,112.58
2011-07-28 07:00:00,310.58
2011-07-28 08:00:00,441.3
2011-07-28 09:00:00,196.89
2011-07-28 10:00:00,115.83
2011-07-28 11:00:00,130.6
2011-07-28 12:00:00,159.09
2011-07-28 13:00:00,147.72
2011-07-28 14:00:00,160.24
2011-07-28 15:00:00,153.06
2011-07-28 16:00:00,241.13
2011-07-28 17:00:00,497.96
2011-07-28 18:00:00,494.9
2011-07-28 19:00:00,372.87
2011-07-28 20:00:00,287.6
2011-07-28 21:00:00,208.85
2011-07-28 22:00:00,165.5
2011-07-28 23:00:00,120.65
2011-07-29 00:00:00,60.09
2011-07-29 01:00:00,29.51
2011-07-29 02:00:00,21.43
2011-07-29 03:00:00,6.6
2011-07-29 04:00:00,6.88
2011-07-29 05:00:00,24.5
2011-07-29 06:00:00,109.08
2011-07-29 07:00:00,298.29
2011-07-29 08:00:00,440.97
2011-07-29 09:00:00,222.03
2011-07-29 10:00:00,138.92
2011-07-29 11:00:00,167.33
2011-07-29 12:00:00,188.89
2011-07-29 13:00:00,185.59
2011-07-29 14:00:00,185.86
2011-07-29 15:00:00,181.75
2011-07-29 16:00:00,325.12
2011-07-29 17:00:00,482.83
2011-07-29 18:00:00,461.06
2011-07-29 19:00:00,346.99
2011-07-29 20:00:00,280.28
2011-07-29 21:00:00,233.63
2011-07-29 22:00:00,201.17
2011-07-29 23:00:00,146.75
2011-07-30 00:00:00,128.37
2011-07-30 01:00:00,82.06
2011-07-30 02:00:00,64.79
2011-07-30 03:00:00,32.13
2011-07-30 04:00:00,9.23
2011-07-30 05:00:00,9.73
2011-07-30 06:00:00,29.7
2011-07-30 07:00:00,60.14
2011-07-30 08:00:00,139.56
2011-07-30 09:00:00,233.54
2011-07-30 10:00:00,292.14
2011-07-30 11:00:00,335.57
2011-07-30 12:00:00,384.5
2011-07-30 13:00:00,371.18
2011-07-30 14:00:00,356.33
2011-07-30 15:00:00,355.14
2011-07-30 16:00:00,394.22
2011-07-30 17:00:00,376.84
2011-07-30 18:00:00,363.91
2011-07-30 19:00:00,361.62
2011-07-30 20:00:00,272.45
2011-07-30 21:00:00,234.4
2011-07-30 22:00:00,185.54
2011-07-30 23:00:00,149.84
2011-07-31 00:00:00,117.8
2011-07-31 01:00:00,90.67
2011-07-31 02:00:00,84.71
2011-07-31 03:00:00,30.61
2011-07-31 04:00:00,9.22
2011-07-31 05:00:00,10.27
2011-07-31 06:00:00,28.19
2011-07-31 07:00:00,60.15
2011-07-31 08:00:00,111.22
2011-07-31 09:00:00,189.01
2011-07-31 10:00:00,277.08
2011-07-31 11:00:00,334.02
2011-07-31 12:00:00,372.85
2011-07-31 13:00:00,368.79
2011-07-31 14:00:00,362.08
2011-07-31 15:00:00,352.01
2011-07-31 16:00:00,374.51
2011-07-31 17:00:00,365.39333333333326
2011-07-31 18:00:00,367.71
2011-07-31 19:00:00,325.53
2011-07-31 20:00:00,268.2
2011-07-31 21:00:00,219.27
2011-07-31 22:00:00,151.49
2011-07-31 23:00:00,79.93
2011-08-20 00:00:00,114.11
2011-08-20 01:00:00,78.33
2011-08-20 02:00:00,58.98
2011-08-20 03:00:00,30.67
2011-08-20 04:00:00,9.23
2011-08-20 05:00:00,17.04
2011-08-20 06:00:00,17.88
2011-08-20 07:00:00,49.83
2011-08-20 08:00:00,113.88
2011-08-20 09:00:00,211.19
2011-08-20 10:00:00,271.81
2011-08-20 11:00:00,367.83
2011-08-20 12:00:00,379.71
2011-08-20 13:00:00,373.15
2011-08-20 14:00:00,384.3
2011-08-20 15:00:00,379.32
2011-08-20 16:00:00,385.25
2011-08-20 17:00:00,402.66966666666667
2011-08-20 18:00:00,368.39
2011-08-20 19:00:00,338.1
2011-08-20 20:00:00,282.44
2011-08-20 21:00:00,212.18
2011-08-20 22:00:00,170.19
2011-08-20 23:00:00,136.96
2011-08-21 00:00:00,117.06
2011-08-21 01:00:00,77.03
2011-08-21 02:00:00,72.78
2011-08-21 03:00:00,37.08
2011-08-21 04:00:00,6.92
2011-08-21 05:00:00,7.13
2011-08-21 06:00:00,14.66
2011-08-21 07:00:00,53.16
2011-08-21 08:00:00,93.03
2011-08-21 09:00:00,186.11
2011-08-21 10:00:00,275.73
2011-08-21 11:00:00,313.9
2011-08-21 12:00:00,374.1
2011-08-21 13:00:00,406.63
2011-08-21 14:00:00,288.44
2011-08-21 15:00:00,296.76
2011-08-21 16:00:00,305.08
2011-08-21 17:00:00,235.99
2011-08-21 18:00:00,236.72
2011-08-21 19:00:00,316.44
2011-08-21 20:00:00,228.75
2011-08-21 21:00:00,199.66
2011-08-21 22:00:00,163.46
2011-08-21 23:00:00,91.22
2011-08-22 00:00:00,32.73
2011-08-22 01:00:00,14.16
2011-08-22 02:00:00,11.87
2011-08-22 03:00:00,5.39
2011-08-22 04:00:00,6.66
2011-08-22 05:00:00,27.04
2011-08-22 06:00:00,105.79
2011-08-22 07:00:00,280.68
2011-08-22 08:00:00,385.09
2011-08-22 09:00:00,201.2
2011-08-22 10:00:00,124.82
2011-08-22 11:00:00,161.26
2011-08-22 12:00:00,197.79
2011-08-22 13:00:00,199.65
2011-08-22 14:00:00,181.57
2011-08-22 15:00:00,179.09
2011-08-22 16:00:00,301.75
2011-08-22 17:00:00,569.96
2011-08-22 18:00:00,564.08
2011-08-22 19:00:00,403.92
2011-08-22 20:00:00,306.88
2011-08-22 21:00:00,208.98
2011-08-22 22:00:00,117.01
2011-08-22 23:00:00,91.85
2011-08-23 00:00:00,31.39
2011-08-23 01:00:00,14.53
2011-08-23 02:00:00,8.16
2011-08-23 03:00:00,4.2
2011-08-23 04:00:00,4.91
2011-08-23 05:00:00,26.25
2011-08-23 06:00:00,114.93
2011-08-23 07:00:00,322.81
2011-08-23 08:00:00,441.3
2011-08-23 09:00:00,207.17
2011-08-23 10:00:00,128.49
2011-08-23 11:00:00,146.91
2011-08-23 12:00:00,205.39
2011-08-23 13:00:00,197.43
2011-08-23 14:00:00,175.07
2011-08-23 15:00:00,171.08
2011-08-23 16:00:00,297.04
2011-08-23 17:00:00,588.01
2011-08-23 18:00:00,573.95
2011-08-23 19:00:00,399.02
2011-08-23 20:00:00,290.04
2011-08-23 21:00:00,230.4
2011-08-23 22:00:00,164.6
2011-08-23 23:00:00,78.82
2011-08-24 00:00:00,37.56
2011-08-24 01:00:00,18.93
2011-08-24 02:00:00,9.27
2011-08-24 03:00:00,5.28
2011-08-24 04:00:00,7.23
2011-08-24 05:00:00,24.43
2011-08-24 06:00:00,115.8
2011-08-24 07:00:00,325.64
2011-08-24 08:00:00,434.4
2011-08-24 09:00:00,206.69
2011-08-24 10:00:00,126.16
2011-08-24 11:00:00,155.64
2011-08-24 12:00:00,188.19
2011-08-24 13:00:00,185.35
2011-08-24 14:00:00,174.03
2011-08-24 15:00:00,174.71
2011-08-24 16:00:00,281.25
2011-08-24 17:00:00,577.85
2011-08-24 18:00:00,549.22
2011-08-24 19:00:00,373.34
2011-08-24 20:00:00,281.34
2011-08-24 21:00:00,212.88
2011-08-24 22:00:00,153.19
2011-08-24 23:00:00,100.92
2011-08-25 00:00:00,44.92
2011-08-25 01:00:00,21.35
2011-08-25 02:00:00,9.27
2011-08-25 03:00:00,6.46
2011-08-25 04:00:00,6.82
2011-08-25 05:00:00,26.74
2011-08-25 06:00:00,103.6
2011-08-25 07:00:00,270.68
2011-08-25 08:00:00,418.48
2011-08-25 09:00:00,211.25
2011-08-25 10:00:00,125.89
2011-08-25 11:00:00,111.36
2011-08-25 12:00:00,119.62
2011-08-25 13:00:00,133.13
2011-08-25 14:00:00,159.19
2011-08-25 15:00:00,167.95
2011-08-25 16:00:00,245.55
2011-08-25 17:00:00,401.93
2011-08-25 18:00:00,382.9
2011-08-25 19:00:00,295.31
2011-08-25 20:00:00,246.9
2011-08-25 21:00:00,208.76
2011-08-25 22:00:00,144.49
2011-08-25 23:00:00,117.11
2011-08-26 00:00:00,56.4
2011-08-26 01:00:00,22.16
2011-08-26 02:00:00,12.18
2011-08-26 03:00:00,5.99
2011-08-26 04:00:00,6.29
2011-08-26 05:00:00,20.1
2011-08-26 06:00:00,86.01
2011-08-26 07:00:00,268.56
2011-08-26 08:00:00,416.39
2011-08-26 09:00:00,221.01
2011-08-26 10:00:00,159.82
2011-08-26 11:00:00,162.95
2011-08-26 12:00:00,221.1
2011-08-26 13:00:00,231.15
2011-08-26 14:00:00,203.8
2011-08-26 15:00:00,207.52
2011-08-26 16:00:00,317.42
2011-08-26 17:00:00,474.14
2011-08-26 18:00:00,398.86
2011-08-26 19:00:00,297.78
2011-08-26 20:00:00,239.62
2011-08-26 21:00:00,200.64
2011-08-26 22:00:00,157.71
2011-08-26 23:00:00,147.23
2011-08-27 00:00:00,111.98
2011-08-27 01:00:00,72.75
2011-08-27 02:00:00,61.28
2011-08-27 03:00:00,35.41
2011-08-27 04:00:00,7.27
2011-08-27 05:00:00,7.64
2011-08-27 06:00:00,19.86
2011-08-27 07:00:00,59.83
2011-08-27 08:00:00,145.79
2011-08-27 09:00:00,181.41
2011-08-27 10:00:00,211.72
2011-08-27 11:00:00,249.59
2011-08-27 12:00:00,290.13
2011-08-27 13:00:00,311.13
2011-08-27 14:00:00,271.71
2011-08-27 15:00:00,281.26
2011-08-27 16:00:00,166.87
2011-08-27 17:00:00,169.91
2011-08-28 07:00:00,75.86
2011-08-28 08:00:00,118.85
2011-08-28 09:00:00,189.42
2011-08-28 10:00:00,302.42
2011-08-28 11:00:00,353.03
2011-08-28 12:00:00,408.06
2011-08-28 13:00:00,437.39
2011-08-28 14:00:00,398.64
2011-08-28 15:00:00,397.52
2011-08-28 16:00:00,355.74
2011-08-28 17:00:00,403.895
2011-08-28 18:00:00,390.7275000000001
2011-08-28 19:00:00,339.63
2011-08-28 20:00:00,262.1
2011-08-28 21:00:00,187.85
2011-08-28 22:00:00,144.28
2011-08-28 23:00:00,74.29
2011-08-29 00:00:00,38.49
2011-08-29 01:00:00,21.71
2011-08-29 02:00:00,8.21
2011-08-29 03:00:00,6.82
2011-08-29 04:00:00,5.89
2011-08-29 05:00:00,24.05
2011-08-29 06:00:00,109.64
2011-08-29 07:00:00,310.16
2011-08-29 08:00:00,404.5
2011-08-29 09:00:00,201.48
2011-08-29 10:00:00,122.93
2011-08-29 11:00:00,158.55
2011-08-29 12:00:00,200.69
2011-08-29 13:00:00,204.23
2011-08-29 14:00:00,175.08
2011-08-29 15:00:00,175.45
2011-08-29 16:00:00,299.07
2011-08-29 17:00:00,553.64
2011-08-29 18:00:00,535.41
2011-08-29 19:00:00,408.1
2011-08-29 20:00:00,292.96
2011-08-29 21:00:00,207.48
2011-08-29 22:00:00,147.28
2011-08-29 23:00:00,69.45
2011-08-30 00:00:00,38.63
2011-08-30 01:00:00,16.29
2011-08-30 02:00:00,7.29
2011-08-30 03:00:00,4.55
2011-08-30 04:00:00,7.33
2011-08-30 05:00:00,21.98
2011-08-30 06:00:00,114.17
2011-08-30 07:00:00,338.73
2011-08-30 08:00:00,460.19
2011-08-30 09:00:00,203.33
2011-08-30 10:00:00,128.11
2011-08-30 11:00:00,153.99
2011-08-30 12:00:00,196.85
2011-08-30 13:00:00,197.28
2011-08-30 14:00:00,174.36
2011-08-30 15:00:00,171.63
2011-08-30 16:00:00,301.44
2011-08-30 17:00:00,582.37
2011-08-30 18:00:00,556.35
2011-08-30 19:00:00,396.2
2011-08-30 20:00:00,298.26
2011-08-30 21:00:00,212.85
2011-08-30 22:00:00,163.88
2011-08-30 23:00:00,80.25
2011-08-31 00:00:00,37.75
2011-08-31 01:00:00,13.61
2011-08-31 02:00:00,7.57
2011-08-31 03:00:00,6.53
2011-08-31 04:00:00,6.7
2011-08-31 05:00:00,27.05
2011-08-31 06:00:00,112.01
2011-08-31 07:00:00,328.92
2011-08-31 08:00:00,433.04
2011-08-31 09:00:00,209.75
2011-08-31 10:00:00,132.35
2011-08-31 11:00:00,144.07
2011-08-31 12:00:00,203.72
2011-08-31 13:00:00,200.0
2011-08-31 14:00:00,174.5
2011-08-31 15:00:00,173.41
2011-08-31 16:00:00,289.73
2011-08-31 17:00:00,586.58
2011-08-31 18:00:00,549.12
2011-08-31 19:00:00,367.09
2011-08-31 20:00:00,297.71
2011-08-31 21:00:00,219.09
2011-08-31 22:00:00,159.76
2011-08-31 23:00:00,85.32
2011-09-20 00:00:00,35.58
2011-09-20 01:00:00,11.71
2011-09-20 02:00:00,3.97
2011-09-20 03:00:00,4.69
2011-09-20 04:00:00,5.41
2011-09-20 05:00:00,21.53
2011-09-20 06:00:00,106.27
2011-09-20 07:00:00,306.24
2011-09-20 08:00:00,260.14
2011-09-20 09:00:00,135.77
2011-09-20 10:00:00,74.95
2011-09-20 11:00:00,75.93
2011-09-20 12:00:00,74.92
2011-09-20 13:00:00,78.28
2011-09-20 14:00:00,113.25
2011-09-20 15:00:00,171.87
2011-09-20 16:00:00,204.2
2011-09-20 17:00:00,320.47
2011-09-20 18:00:00,323.35
2011-09-20 19:00:00,296.13
2011-09-20 20:00:00,181.37
2011-09-20 21:00:00,128.76
2011-09-20 22:00:00,132.23
2011-09-20 23:00:00,68.21
2011-09-21 00:00:00,26.25
2011-09-21 01:00:00,10.12
2011-09-21 02:00:00,7.03
2011-09-21 03:00:00,3.59
2011-09-21 04:00:00,4.99
2011-09-21 05:00:00,16.33
2011-09-21 06:00:00,93.82
2011-09-21 07:00:00,245.64
2011-09-21 08:00:00,316.38
2011-09-21 09:00:00,101.77
2011-09-21 10:00:00,102.63
2011-09-21 11:00:00,104.72
2011-09-21 12:00:00,172.46
2011-09-21 13:00:00,176.7
2011-09-21 14:00:00,158.11
2011-09-21 15:00:00,166.6
2011-09-21 16:00:00,270.78
2011-09-21 17:00:00,397.45
2011-09-21 18:00:00,348.67
2011-09-21 19:00:00,194.78
2011-09-21 20:00:00,126.01
2011-09-21 21:00:00,103.37
2011-09-21 22:00:00,111.68
2011-09-21 23:00:00,67.61
2011-09-22 00:00:00,24.07
2011-09-22 01:00:00,10.39
2011-09-22 02:00:00,7.52
2011-09-22 03:00:00,4.4
2011-09-22 04:00:00,4.38
2011-09-22 05:00:00,17.07
2011-09-22 06:00:00,93.27
2011-09-22 07:00:00,262.17
2011-09-22 08:00:00,299.92
2011-09-22 09:00:00,155.72
2011-09-22 10:00:00,112.79
2011-09-22 11:00:00,106.38
2011-09-22 12:00:00,124.76
2011-09-22 13:00:00,128.66
2011-09-22 14:00:00,125.11
2011-09-22 15:00:00,131.99
2011-09-22 16:00:00,274.72
2011-09-22 17:00:00,346.45
2011-09-22 18:00:00,280.18
2011-09-22 19:00:00,181.04
2011-09-22 20:00:00,145.11
2011-09-22 21:00:00,118.91
2011-09-22 22:00:00,119.45
2011-09-22 23:00:00,78.87
2011-09-23 00:00:00,33.58
2011-09-23 01:00:00,16.17
2011-09-23 02:00:00,11.19
2011-09-23 03:00:00,5.84
2011-09-23 04:00:00,4.65
2011-09-23 05:00:00,15.68
2011-09-23 06:00:00,84.06
2011-09-23 07:00:00,161.46
2011-09-23 08:00:00,245.31
2011-09-23 09:00:00,120.71
2011-09-23 10:00:00,66.77
2011-09-23 11:00:00,69.05
2011-09-23 12:00:00,88.29
2011-09-23 13:00:00,94.97
2011-09-23 14:00:00,95.26
2011-09-23 15:00:00,89.49
2011-09-23 16:00:00,212.89
2011-09-23 17:00:00,225.97
2011-09-23 18:00:00,226.06
2011-09-23 19:00:00,215.96
2011-09-23 20:00:00,193.43
2011-09-23 21:00:00,145.59
2011-09-23 22:00:00,146.19
2011-09-23 23:00:00,105.61
2011-09-24 00:00:00,80.17
2011-09-24 01:00:00,76.54
2011-09-24 02:00:00,67.36
2011-09-24 03:00:00,30.93
2011-09-24 04:00:00,8.33
2011-09-24 05:00:00,12.22
2011-09-24 06:00:00,14.08
2011-09-24 07:00:00,59.2
2011-09-24 08:00:00,118.94
2011-09-24 09:00:00,158.11
2011-09-24 10:00:00,241.0
2011-09-24 11:00:00,295.34
2011-09-24 12:00:00,336.03
2011-09-24 13:00:00,349.15
2011-09-24 14:00:00,332.93
2011-09-24 15:00:00,340.25
2011-09-24 16:00:00,311.61
2011-09-24 17:00:00,290.21
2011-09-24 18:00:00,266.65
2011-09-24 19:00:00,232.76
2011-09-24 20:00:00,189.91
2011-09-24 21:00:00,154.17
2011-09-24 22:00:00,139.26
2011-09-24 23:00:00,126.08
2011-09-25 00:00:00,103.18
2011-09-25 01:00:00,78.76
2011-09-25 02:00:00,63.83
2011-09-25 03:00:00,34.81
2011-09-25 04:00:00,9.76
2011-09-25 05:00:00,20.09
2011-09-25 06:00:00,15.96
2011-09-25 07:00:00,46.81
2011-09-25 08:00:00,92.48
2011-09-25 09:00:00,171.9
2011-09-25 10:00:00,250.78
2011-09-25 11:00:00,315.5
2011-09-25 12:00:00,332.38
2011-09-25 13:00:00,340.82
2011-09-25 14:00:00,324.53
2011-09-25 15:00:00,330.07
2011-09-25 16:00:00,374.93
2011-09-25 17:00:00,282.0825
2011-09-25 18:00:00,269.6
2011-09-25 19:00:00,228.59
2011-09-25 20:00:00,187.53
2011-09-25 21:00:00,130.2
2011-09-25 22:00:00,135.87
2011-09-25 23:00:00,89.58
2011-09-26 00:00:00,24.23
2011-09-26 01:00:00,10.42
2011-09-26 02:00:00,5.97
2011-09-26 03:00:00,3.49
2011-09-26 04:00:00,4.24
2011-09-26 05:00:00,19.52
2011-09-26 06:00:00,97.49
2011-09-26 07:00:00,270.65
2011-09-26 08:00:00,316.13
2011-09-26 09:00:00,198.58
2011-09-26 10:00:00,107.02
2011-09-26 11:00:00,124.14
2011-09-26 12:00:00,143.66
2011-09-26 13:00:00,169.75
2011-09-26 14:00:00,168.05
2011-09-26 15:00:00,162.03
2011-09-26 16:00:00,287.37
2011-09-26 17:00:00,547.51
2011-09-26 18:00:00,322.39
2011-09-26 19:00:00,258.45
2011-09-26 20:00:00,191.16
2011-09-26 21:00:00,142.17
2011-09-26 22:00:00,127.44
2011-09-26 23:00:00,64.68
2011-09-27 00:00:00,25.99
2011-09-27 01:00:00,10.07
2011-09-27 02:00:00,6.4
2011-09-27 03:00:00,3.39
2011-09-27 04:00:00,3.8
2011-09-27 05:00:00,13.42
2011-09-27 06:00:00,104.38
2011-09-27 07:00:00,279.01
2011-09-27 08:00:00,399.35
2011-09-27 09:00:00,188.46
2011-09-27 10:00:00,68.62
2011-09-27 11:00:00,104.66
2011-09-27 12:00:00,118.24
2011-09-27 13:00:00,169.94
2011-09-27 14:00:00,134.72
2011-09-27 15:00:00,126.6
2011-09-27 16:00:00,199.6
2011-09-27 17:00:00,234.48
2011-09-27 18:00:00,248.13
2011-09-27 19:00:00,204.29
2011-09-27 20:00:00,239.74
2011-09-27 21:00:00,167.35
2011-09-27 22:00:00,131.4
2011-09-27 23:00:00,64.72
2011-09-28 00:00:00,30.26
2011-09-28 01:00:00,13.25
2011-09-28 02:00:00,4.51
2011-09-28 03:00:00,3.97
2011-09-28 04:00:00,6.81
2011-09-28 05:00:00,16.82
2011-09-28 06:00:00,58.8
2011-09-28 07:00:00,109.46
2011-09-28 08:00:00,261.0
2011-09-28 09:00:00,141.93
2011-09-28 10:00:00,72.27
2011-09-28 11:00:00,106.98
2011-09-28 12:00:00,136.1
2011-09-28 13:00:00,174.57
2011-09-28 14:00:00,160.37
2011-09-28 15:00:00,164.29
2011-09-28 16:00:00,298.15
2011-09-28 17:00:00,551.61
2011-09-28 18:00:00,348.29
2011-09-28 19:00:00,270.09
2011-09-28 20:00:00,109.83
2011-09-28 21:00:00,105.35
2011-09-28 22:00:00,130.17
2011-09-28 23:00:00,67.7
2011-09-29 00:00:00,23.74
2011-09-29 01:00:00,11.72
2011-09-29 02:00:00,6.07
2011-09-29 03:00:00,4.79
2011-09-29 04:00:00,5.83
2011-09-29 05:00:00,21.38
2011-09-29 06:00:00,120.54
2011-09-29 07:00:00,322.83
2011-09-29 08:00:00,432.19
2011-09-29 09:00:00,215.67
2011-09-29 10:00:00,128.67
2011-09-29 11:00:00,158.88
2011-09-29 12:00:00,205.04
2011-09-29 13:00:00,195.32
2011-09-29 14:00:00,185.66
2011-09-29 15:00:00,184.17
2011-09-29 16:00:00,290.19
2011-09-29 17:00:00,569.22
2011-09-29 18:00:00,548.0
2011-09-29 19:00:00,381.76
2011-09-29 20:00:00,262.91
2011-09-29 21:00:00,203.14
2011-09-29 22:00:00,147.78
2011-09-29 23:00:00,114.74
2011-09-30 00:00:00,48.41
2011-09-30 01:00:00,26.17
2011-09-30 02:00:00,12.05
2011-09-30 03:00:00,6.45
2011-09-30 04:00:00,6.12
2011-09-30 05:00:00,25.32
2011-09-30 06:00:00,89.3
2011-09-30 07:00:00,269.27
2011-09-30 08:00:00,451.39
2011-09-30 09:00:00,221.02
2011-09-30 10:00:00,168.18
2011-09-30 11:00:00,195.03
2011-09-30 12:00:00,248.29
2011-09-30 13:00:00,251.86
2011-09-30 14:00:00,251.33
2011-09-30 15:00:00,250.09
2011-09-30 16:00:00,367.88
2011-09-30 17:00:00,528.05
2011-09-30 18:00:00,475.24
2011-09-30 19:00:00,284.52
2011-09-30 20:00:00,203.63
2011-09-30 21:00:00,177.86
2011-09-30 22:00:00,126.08
2011-09-30 23:00:00,110.35
2011-10-20 00:00:00,22.0
2011-10-20 01:00:00,15.94
2011-10-20 02:00:00,6.76
2011-10-20 03:00:00,4.89
2011-10-20 04:00:00,5.2
2011-10-20 05:00:00,27.03
2011-10-20 06:00:00,98.53
2011-10-20 07:00:00,288.5
2011-10-20 08:00:00,429.86
2011-10-20 09:00:00,213.97
2011-10-20 10:00:00,131.87
2011-10-20 11:00:00,145.37
2011-10-20 12:00:00,172.2
2011-10-20 13:00:00,167.82
2011-10-20 14:00:00,143.76
2011-10-20 15:00:00,143.97
2011-10-20 16:00:00,247.66
2011-10-20 17:00:00,449.84
2011-10-20 18:00:00,427.62
2011-10-20 19:00:00,258.62
2011-10-20 20:00:00,212.11
2011-10-20 21:00:00,139.39
2011-10-20 22:00:00,112.27
2011-10-20 23:00:00,80.85
2011-10-21 00:00:00,48.55
2011-10-21 01:00:00,24.48
2011-10-21 02:00:00,14.21
2011-10-21 03:00:00,6.405
2011-10-21 04:00:00,5.12
2011-10-21 05:00:00,25.57
2011-10-21 06:00:00,90.56
2011-10-21 07:00:00,250.21
2011-10-21 08:00:00,402.92
2011-10-21 09:00:00,220.36
2011-10-21 10:00:00,163.56
2011-10-21 11:00:00,188.03
2011-10-21 12:00:00,236.86
2011-10-21 13:00:00,226.43
2011-10-21 14:00:00,229.53
2011-10-21 15:00:00,229.18
2011-10-21 16:00:00,346.71
2011-10-21 17:00:00,481.41
2011-10-21 18:00:00,411.5
2011-10-21 19:00:00,240.25
2011-10-21 20:00:00,184.14
2011-10-21 21:00:00,147.35
2011-10-21 22:00:00,126.39
2011-10-21 23:00:00,81.86
2011-10-22 00:00:00,75.33
2011-10-22 01:00:00,65.35
2011-10-22 02:00:00,57.92
2011-10-22 03:00:00,26.02
2011-10-22 04:00:00,7.74
2011-10-22 05:00:00,6.94
2011-10-22 06:00:00,18.89
2011-10-22 07:00:00,67.56
2011-10-22 08:00:00,114.75
2011-10-22 09:00:00,164.68
2011-10-22 10:00:00,275.67
2011-10-22 11:00:00,310.86
2011-10-22 12:00:00,332.18
2011-10-22 13:00:00,370.11
2011-10-22 14:00:00,350.4
2011-10-22 15:00:00,346.97
2011-10-22 16:00:00,339.79
2011-10-22 17:00:00,276.22
2011-10-22 18:00:00,248.5
2011-10-22 19:00:00,194.68
2011-10-22 20:00:00,130.09
2011-10-22 21:00:00,99.73
2011-10-22 22:00:00,94.56
2011-10-22 23:00:00,70.39
2011-10-23 00:00:00,70.14
2011-10-23 01:00:00,60.81
2011-10-23 02:00:00,51.13
2011-10-23 03:00:00,27.66
2011-10-23 04:00:00,8.95
2011-10-23 05:00:00,7.73
2011-10-23 06:00:00,17.6
2011-10-23 07:00:00,71.9
2011-10-23 08:00:00,103.06
2011-10-23 09:00:00,153.79
2011-10-23 10:00:00,280.31
2011-10-23 11:00:00,282.38
2011-10-23 12:00:00,335.1
2011-10-23 13:00:00,348.85
2011-10-23 14:00:00,343.61
2011-10-23 15:00:00,341.3
2011-10-23 16:00:00,350.08
2011-10-23 17:00:00,304.18
2011-10-23 18:00:00,290.97
2011-10-23 19:00:00,191.59
2011-10-23 20:00:00,151.49
2011-10-23 21:00:00,114.01
2011-10-23 22:00:00,92.97
2011-10-23 23:00:00,91.98
2011-10-24 00:00:00,53.01
2011-10-24 01:00:00,16.32
2011-10-24 02:00:00,6.67
2011-10-24 03:00:00,6.76
2011-10-24 04:00:00,6.25
2011-10-24 05:00:00,25.04
2011-10-24 06:00:00,98.3
2011-10-24 07:00:00,306.13
2011-10-24 08:00:00,393.25
2011-10-24 09:00:00,190.44
2011-10-24 10:00:00,109.74
2011-10-24 11:00:00,128.67
2011-10-24 12:00:00,175.33
2011-10-24 13:00:00,175.78
2011-10-24 14:00:00,169.06
2011-10-24 15:00:00,183.9
2011-10-24 16:00:00,279.84
2011-10-24 17:00:00,535.29
2011-10-24 18:00:00,523.02
2011-10-24 19:00:00,244.39
2011-10-24 20:00:00,218.22
2011-10-24 21:00:00,162.03
2011-10-24 22:00:00,124.37
2011-10-24 23:00:00,68.95
2011-10-25 00:00:00,74.73
2011-10-25 01:00:00,21.45
2011-10-25 02:00:00,4.88
2011-10-25 03:00:00,6.34
2011-10-25 04:00:00,5.81
2011-10-25 05:00:00,25.05
2011-10-25 06:00:00,102.38
2011-10-25 07:00:00,266.35
2011-10-25 08:00:00,410.17
2011-10-25 09:00:00,203.77
2011-10-25 10:00:00,127.34
2011-10-25 11:00:00,142.93
2011-10-25 12:00:00,196.7
2011-10-25 13:00:00,197.66
2011-10-25 14:00:00,168.02
2011-10-25 15:00:00,178.29
2011-10-25 16:00:00,300.43
2011-10-25 17:00:00,558.92
2011-10-25 18:00:00,513.97
2011-10-25 19:00:00,307.17
2011-10-25 20:00:00,229.1
2011-10-25 21:00:00,154.45
2011-10-25 22:00:00,135.88
2011-10-25 23:00:00,71.36
2011-10-26 00:00:00,70.52
2011-10-26 01:00:00,13.37
2011-10-26 02:00:00,9.69
2011-10-26 03:00:00,4.96
2011-10-26 04:00:00,4.35
2011-10-26 05:00:00,26.15
2011-10-26 06:00:00,110.73
2011-10-26 07:00:00,298.64
2011-10-26 08:00:00,428.43
2011-10-26 09:00:00,209.87
2011-10-26 10:00:00,126.82
2011-10-26 11:00:00,142.83
2011-10-26 12:00:00,176.88
2011-10-26 13:00:00,156.13
2011-10-26 14:00:00,156.21
2011-10-26 15:00:00,164.46
2011-10-26 16:00:00,224.92
2011-10-26 17:00:00,411.62
2011-10-26 18:00:00,465.33
2011-10-26 19:00:00,260.95
2011-10-26 20:00:00,234.57
2011-10-26 21:00:00,176.23
2011-10-26 22:00:00,126.67
2011-10-26 23:00:00,63.42
2011-10-27 00:00:00,30.88
2011-10-27 01:00:00,11.65
2011-10-27 02:00:00,5.87
2011-10-27 03:00:00,3.61
2011-10-27 04:00:00,4.5
2011-10-27 05:00:00,17.58
2011-10-27 06:00:00,59.65
2011-10-27 07:00:00,284.8
2011-10-27 08:00:00,246.67
2011-10-27 09:00:00,202.89
2011-10-27 10:00:00,90.99
2011-10-27 11:00:00,89.49
2011-10-27 12:00:00,79.18
2011-10-27 13:00:00,109.77
2011-10-27 14:00:00,114.94
2011-10-27 15:00:00,112.88
2011-10-27 16:00:00,282.39
2011-10-27 17:00:00,388.36
2011-10-27 18:00:00,377.54
2011-10-27 19:00:00,244.31
2011-10-27 20:00:00,194.76
2011-10-27 21:00:00,136.98
2011-10-27 22:00:00,91.3
2011-10-27 23:00:00,71.04
2011-10-28 00:00:00,36.32
2011-10-28 01:00:00,16.05
2011-10-28 02:00:00,9.5
2011-10-28 03:00:00,3.644166666666667
2011-10-28 04:00:00,3.26
2011-10-28 05:00:00,21.09
2011-10-28 06:00:00,88.71
2011-10-28 07:00:00,230.38
2011-10-28 08:00:00,374.88
2011-10-28 09:00:00,214.7
2011-10-28 10:00:00,143.4
2011-10-28 11:00:00,164.86
2011-10-28 12:00:00,177.44
2011-10-28 13:00:00,172.06
2011-10-28 14:00:00,170.76
2011-10-28 15:00:00,164.93
2011-10-28 16:00:00,226.85
2011-10-28 17:00:00,392.07
2011-10-28 18:00:00,365.05
2011-10-28 19:00:00,230.24
2011-10-28 20:00:00,133.54
2011-10-28 21:00:00,101.71
2011-10-28 22:00:00,79.36
2011-10-28 23:00:00,54.37
2011-10-29 00:00:00,45.02
2011-10-29 01:00:00,38.08
2011-10-29 02:00:00,36.28
2011-10-29 03:00:00,10.17
2011-10-29 04:00:00,5.96
2011-10-29 05:00:00,5.17
2011-10-29 06:00:00,14.99
2011-10-29 07:00:00,71.24
2011-10-29 08:00:00,102.07
2011-10-29 09:00:00,121.33
2011-10-29 10:00:00,114.98
2011-10-29 11:00:00,118.86
2011-10-29 12:00:00,145.57
2011-10-29 13:00:00,141.63
2011-10-29 14:00:00,144.29
2011-10-29 15:00:00,118.06
2011-10-29 16:00:00,135.76
2011-10-29 17:00:00,141.47
2011-10-29 18:00:00,133.06
2011-10-29 19:00:00,125.62
2011-10-29 20:00:00,90.08
2011-10-29 21:00:00,75.82
2011-10-29 22:00:00,63.28
2011-10-29 23:00:00,53.16
2011-10-30 00:00:00,59.73
2011-10-30 01:00:00,47.27
2011-10-30 02:00:00,41.08
2011-10-30 03:00:00,12.62
2011-10-30 04:00:00,4.7
2011-10-30 05:00:00,4.26
2011-10-30 06:00:00,9.51
2011-10-30 07:00:00,52.95
2011-10-30 08:00:00,88.43
2011-10-30 09:00:00,146.06
2011-10-30 10:00:00,223.84
2011-10-30 11:00:00,262.0
2011-10-30 12:00:00,308.12
2011-10-30 13:00:00,315.41
2011-10-30 14:00:00,335.26
2011-10-30 15:00:00,335.63
2011-10-30 16:00:00,326.77
2011-10-30 17:00:00,254.96
2011-10-30 18:00:00,217.55
2011-10-30 19:00:00,266.84
2011-10-30 20:00:00,114.57
2011-10-30 21:00:00,93.27
2011-10-30 22:00:00,66.42
2011-10-30 23:00:00,51.64
2011-10-31 00:00:00,17.36
2011-10-31 01:00:00,7.89
2011-10-31 02:00:00,3.35
2011-10-31 03:00:00,3.5475
2011-10-31 04:00:00,5.0475
2011-10-31 05:00:00,21.04
2011-10-31 06:00:00,91.51
2011-10-31 07:00:00,289.02
2011-10-31 08:00:00,392.19
2011-10-31 09:00:00,183.76
2011-10-31 10:00:00,125.1
2011-10-31 11:00:00,130.93
2011-10-31 12:00:00,168.42
2011-10-31 13:00:00,162.58
2011-10-31 14:00:00,150.96
2011-10-31 15:00:00,167.89
2011-10-31 16:00:00,255.11
2011-10-31 17:00:00,492.94
2011-10-31 18:00:00,402.02
2011-10-31 19:00:00,286.83
2011-10-31 20:00:00,187.94
2011-10-31 21:00:00,129.14
2011-10-31 22:00:00,90.23
2011-10-31 23:00:00,54.38
2011-11-20 00:00:00,76.74
2011-11-20 01:00:00,62.86
2011-11-20 02:00:00,57.95
2011-11-20 03:00:00,23.53
2011-11-20 04:00:00,6.24
2011-11-20 05:00:00,6.35
2011-11-20 06:00:00,16.35
2011-11-20 07:00:00,52.51
2011-11-20 08:00:00,85.12
2011-11-20 09:00:00,151.78
2011-11-20 10:00:00,271.14
2011-11-20 11:00:00,325.88
2011-11-20 12:00:00,325.68
2011-11-20 13:00:00,360.3
2011-11-20 14:00:00,340.56
2011-11-20 15:00:00,333.05
2011-11-20 16:00:00,335.24
2011-11-20 17:00:00,289.35
2011-11-20 18:00:00,298.78
2011-11-20 19:00:00,225.09
2011-11-20 20:00:00,183.11
2011-11-20 21:00:00,134.51
2011-11-20 22:00:00,73.76
2011-11-20 23:00:00,72.27
2011-11-21 00:00:00,42.55
2011-11-21 01:00:00,16.72
2011-11-21 02:00:00,7.5
2011-11-21 03:00:00,4.18
2011-11-21 04:00:00,4.37
2011-11-21 05:00:00,15.36
2011-11-21 06:00:00,94.43
2011-11-21 07:00:00,264.63
2011-11-21 08:00:00,377.34
2011-11-21 09:00:00,154.6
2011-11-21 10:00:00,111.34
2011-11-21 11:00:00,105.46
2011-11-21 12:00:00,169.91
2011-11-21 13:00:00,165.35
2011-11-21 14:00:00,106.44
2011-11-21 15:00:00,54.93
2011-11-21 16:00:00,104.08
2011-11-21 17:00:00,171.71
2011-11-21 18:00:00,200.61
2011-11-21 19:00:00,143.21
2011-11-21 20:00:00,139.26
2011-11-21 21:00:00,121.87
2011-11-21 22:00:00,96.07
2011-11-21 23:00:00,56.4
2011-11-22 00:00:00,12.53
2011-11-22 01:00:00,8.28
2011-11-22 02:00:00,5.17
2011-11-22 03:00:00,4.62
2011-11-22 04:00:00,4.1
2011-11-22 05:00:00,12.43
2011-11-22 06:00:00,87.34
2011-11-22 07:00:00,158.18
2011-11-22 08:00:00,228.61
2011-11-22 09:00:00,128.5
2011-11-22 10:00:00,98.33
2011-11-22 11:00:00,96.27
2011-11-22 12:00:00,109.62
2011-11-22 13:00:00,57.93
2011-11-22 14:00:00,55.77
2011-11-22 15:00:00,51.08
2011-11-22 16:00:00,106.13
2011-11-22 17:00:00,151.59
2011-11-22 18:00:00,150.9
2011-11-22 19:00:00,157.02
2011-11-22 20:00:00,181.59
2011-11-22 21:00:00,105.0
2011-11-22 22:00:00,118.67
2011-11-22 23:00:00,64.66
2011-11-23 00:00:00,23.09
2011-11-23 01:00:00,10.19
2011-11-23 02:00:00,4.27
2011-11-23 03:00:00,4.43
2011-11-23 04:00:00,5.56
2011-11-23 05:00:00,17.44
2011-11-23 06:00:00,94.81
2011-11-23 07:00:00,285.24
2011-11-23 08:00:00,352.29
2011-11-23 09:00:00,160.9
2011-11-23 10:00:00,81.68
2011-11-23 11:00:00,126.03
2011-11-23 12:00:00,172.38
2011-11-23 13:00:00,158.13
2011-11-23 14:00:00,149.22
2011-11-23 15:00:00,148.97
2011-11-23 16:00:00,217.3
2011-11-23 17:00:00,183.88
2011-11-23 18:00:00,375.39
2011-11-23 19:00:00,260.26
2011-11-23 20:00:00,172.47
2011-11-23 21:00:00,127.93
2011-11-23 22:00:00,101.95
2011-11-23 23:00:00,60.05
2011-11-24 00:00:00,46.14
2011-11-24 01:00:00,21.79
2011-11-24 02:00:00,11.77
2011-11-24 03:00:00,7.01
2011-11-24 04:00:00,6.300666666666666
2011-11-24 05:00:00,15.81
2011-11-24 06:00:00,38.53
2011-11-24 07:00:00,147.58
2011-11-24 08:00:00,228.09
2011-11-24 09:00:00,182.91
2011-11-24 10:00:00,209.72
2011-11-24 11:00:00,288.57
2011-11-24 12:00:00,316.23
2011-11-24 13:00:00,325.99
2011-11-24 14:00:00,347.13
2011-11-24 15:00:00,338.09
2011-11-24 16:00:00,336.62
2011-11-24 17:00:00,385.61
2011-11-24 18:00:00,309.12
2011-11-24 19:00:00,214.58
2011-11-24 20:00:00,142.19
2011-11-24 21:00:00,119.41
2011-11-24 22:00:00,100.81
2011-11-24 23:00:00,78.02
2011-11-25 00:00:00,35.16
2011-11-25 01:00:00,15.47
2011-11-25 02:00:00,11.02
2011-11-25 03:00:00,3.660833333333333
2011-11-25 04:00:00,3.691666666666667
2011-11-25 05:00:00,22.52
2011-11-25 06:00:00,86.58
2011-11-25 07:00:00,254.02
2011-11-25 08:00:00,338.02
2011-11-25 09:00:00,222.17
2011-11-25 10:00:00,151.44
2011-11-25 11:00:00,166.44
2011-11-25 12:00:00,216.53
2011-11-25 13:00:00,232.49
2011-11-25 14:00:00,229.92
2011-11-25 15:00:00,228.09
2011-11-25 16:00:00,334.39
2011-11-25 17:00:00,503.5
2011-11-25 18:00:00,446.13
2011-11-25 19:00:00,238.5
2011-11-25 20:00:00,177.93
2011-11-25 21:00:00,136.06
2011-11-25 22:00:00,106.22
2011-11-25 23:00:00,79.81
2011-11-26 00:00:00,75.31
2011-11-26 01:00:00,80.66
2011-11-26 02:00:00,48.09
2011-11-26 03:00:00,27.1
2011-11-26 04:00:00,7.23
2011-11-26 05:00:00,5.77
2011-11-26 06:00:00,17.57
2011-11-26 07:00:00,36.9
2011-11-26 08:00:00,110.42
2011-11-26 09:00:00,172.37
2011-11-26 10:00:00,238.4
2011-11-26 11:00:00,286.76
2011-11-26 12:00:00,351.79
2011-11-26 13:00:00,352.68
2011-11-26 14:00:00,346.5
2011-11-26 15:00:00,353.49
2011-11-26 16:00:00,327.04
2011-11-26 17:00:00,253.61
2011-11-26 18:00:00,211.72
2011-11-26 19:00:00,189.5
2011-11-26 20:00:00,142.99
2011-11-26 21:00:00,101.43
2011-11-26 22:00:00,99.67
2011-11-26 23:00:00,79.12
2011-11-27 00:00:00,77.96
2011-11-27 01:00:00,69.65
2011-11-27 02:00:00,52.62
2011-11-27 03:00:00,27.35
2011-11-27 04:00:00,8.63
2011-11-27 05:00:00,6.87
2011-11-27 06:00:00,16.18
2011-11-27 07:00:00,73.26
2011-11-27 08:00:00,99.83
2011-11-27 09:00:00,153.6
2011-11-27 10:00:00,269.74
2011-11-27 11:00:00,323.16
2011-11-27 12:00:00,363.31
2011-11-27 13:00:00,364.48
2011-11-27 14:00:00,444.42
2011-11-27 15:00:00,443.68
2011-11-27 16:00:00,398.39
2011-11-27 17:00:00,320.78666666666663
2011-11-27 18:00:00,269.49
2011-11-27 19:00:00,218.79
2011-11-27 20:00:00,180.86
2011-11-27 21:00:00,121.51
2011-11-27 22:00:00,109.21
2011-11-27 23:00:00,86.71
2011-11-28 00:00:00,60.69
2011-11-28 01:00:00,21.97
2011-11-28 03:00:00,5.84
2011-11-28 04:00:00,7.31
2011-11-28 05:00:00,25.18
2011-11-28 06:00:00,98.11
2011-11-28 07:00:00,289.23
2011-11-28 08:00:00,376.79
2011-11-28 09:00:00,196.53
2011-11-28 10:00:00,117.65
2011-11-28 11:00:00,129.97
2011-11-28 12:00:00,190.23
2011-11-28 13:00:00,183.91
2011-11-28 14:00:00,180.56
2011-11-28 15:00:00,184.48
2011-11-28 16:00:00,291.08
2011-11-28 17:00:00,533.66
2011-11-28 18:00:00,500.67
2011-11-28 19:00:00,322.22
2011-11-28 20:00:00,243.04
2011-11-28 21:00:00,191.64
2011-11-28 22:00:00,127.03
2011-11-28 23:00:00,65.21
2011-11-29 00:00:00,31.18
2011-11-29 01:00:00,11.1
2011-11-29 02:00:00,4.35
2011-11-29 03:00:00,4.14
2011-11-29 04:00:00,4.79
2011-11-29 05:00:00,25.13
2011-11-29 06:00:00,105.61
2011-11-29 07:00:00,317.32
2011-11-29 08:00:00,440.3
2011-11-29 09:00:00,211.96
2011-11-29 10:00:00,117.36
2011-11-29 11:00:00,84.9
2011-11-29 12:00:00,94.52
2011-11-29 13:00:00,98.8
2011-11-29 14:00:00,93.94
2011-11-29 15:00:00,81.86
2011-11-29 16:00:00,99.89
2011-11-29 17:00:00,334.82
2011-11-29 18:00:00,328.03
2011-11-29 19:00:00,255.04
2011-11-29 20:00:00,158.85
2011-11-29 21:00:00,135.55
2011-11-29 22:00:00,103.62
2011-11-29 23:00:00,56.65
2011-11-30 00:00:00,22.02
2011-11-30 01:00:00,11.07
2011-11-30 02:00:00,4.07
2011-11-30 03:00:00,3.54
2011-11-30 04:00:00,5.04
2011-11-30 05:00:00,22.56
2011-11-30 06:00:00,90.0
2011-11-30 07:00:00,236.06
2011-11-30 08:00:00,358.35
2011-11-30 09:00:00,206.61
2011-11-30 10:00:00,121.89
2011-11-30 11:00:00,125.54
2011-11-30 12:00:00,148.95
2011-11-30 13:00:00,147.88
2011-11-30 14:00:00,147.76
2011-11-30 15:00:00,149.22
2011-11-30 16:00:00,209.42
2011-11-30 17:00:00,330.6
2011-11-30 18:00:00,312.07
2011-11-30 19:00:00,247.51
2011-11-30 20:00:00,156.12
2011-11-30 21:00:00,112.47
2011-11-30 22:00:00,85.89
2011-11-30 23:00:00,52.0
2011-12-20 00:00:00,23.91
2011-12-20 01:00:00,11.37
2011-12-20 02:00:00,5.68
2011-12-20 03:00:00,5.0
2011-12-20 04:00:00,5.63
2011-12-20 05:00:00,22.95
2011-12-20 06:00:00,91.51
2011-12-20 07:00:00,251.25
2011-12-20 08:00:00,439.08
2011-12-20 09:00:00,216.41
2011-12-20 10:00:00,124.47
2011-12-20 11:00:00,130.77
2011-12-20 12:00:00,162.31
2011-12-20 13:00:00,162.31
2011-12-20 14:00:00,150.87
2011-12-20 15:00:00,155.16
2011-12-20 16:00:00,256.91
2011-12-20 17:00:00,416.56
2011-12-20 18:00:00,377.68
2011-12-20 19:00:00,270.3
2011-12-20 20:00:00,189.09
2011-12-20 21:00:00,148.32
2011-12-20 22:00:00,105.51
2011-12-20 23:00:00,58.41
2011-12-21 00:00:00,23.73
2011-12-21 01:00:00,14.6
2011-12-21 02:00:00,6.15
2011-12-21 03:00:00,4.71
2011-12-21 04:00:00,4.78
2011-12-21 05:00:00,21.2
2011-12-21 06:00:00,90.28
2011-12-21 07:00:00,246.04
2011-12-21 08:00:00,184.1
2011-12-21 09:00:00,199.0
2011-12-21 10:00:00,110.36
2011-12-21 11:00:00,111.77
2011-12-21 12:00:00,70.78
2011-12-21 13:00:00,41.93
2011-12-21 14:00:00,99.13
2011-12-21 15:00:00,98.3
2011-12-21 16:00:00,85.76
2011-12-21 17:00:00,172.73
2011-12-21 18:00:00,274.34
2011-12-21 19:00:00,160.78
2011-12-21 20:00:00,154.62
2011-12-21 21:00:00,122.86
2011-12-21 22:00:00,122.05
2011-12-21 23:00:00,69.5
2011-12-22 00:00:00,51.75
2011-12-22 01:00:00,14.93
2011-12-22 02:00:00,9.08
2011-12-22 03:00:00,6.58
2011-12-22 04:00:00,5.06
2011-12-22 05:00:00,24.57
2011-12-22 06:00:00,90.0
2011-12-22 07:00:00,242.71
2011-12-22 08:00:00,367.39
2011-12-22 09:00:00,204.21
2011-12-22 10:00:00,98.53
2011-12-22 11:00:00,117.65
2011-12-22 12:00:00,164.25
2011-12-22 13:00:00,153.6
2011-12-22 14:00:00,136.2
2011-12-22 15:00:00,130.93
2011-12-22 16:00:00,240.8
2011-12-22 17:00:00,409.9
2011-12-22 18:00:00,387.44
2011-12-22 19:00:00,247.13
2011-12-22 20:00:00,164.63
2011-12-22 21:00:00,110.08
2011-12-22 22:00:00,90.7
2011-12-22 23:00:00,72.91
2011-12-23 00:00:00,41.3
2011-12-23 01:00:00,19.34
2011-12-23 02:00:00,9.77
2011-12-23 03:00:00,5.0
2011-12-23 04:00:00,3.83
2011-12-23 05:00:00,22.38
2011-12-23 06:00:00,81.26
2011-12-23 07:00:00,240.13
2011-12-23 08:00:00,369.55
2011-12-23 09:00:00,216.87
2011-12-23 10:00:00,141.15
2011-12-23 11:00:00,148.9
2011-12-23 12:00:00,177.16
2011-12-23 13:00:00,179.01
2011-12-23 14:00:00,175.74
2011-12-23 15:00:00,174.28
2011-12-23 16:00:00,209.87
2011-12-23 17:00:00,360.44
2011-12-23 18:00:00,338.63
2011-12-23 19:00:00,227.22
2011-12-23 20:00:00,127.53
2011-12-23 21:00:00,108.18
2011-12-23 22:00:00,96.0
2011-12-23 23:00:00,80.26
2011-12-24 00:00:00,73.0
2011-12-24 01:00:00,65.31
2011-12-24 02:00:00,57.86
2011-12-24 03:00:00,25.45
2011-12-24 04:00:00,6.03
2011-12-24 05:00:00,5.4
2011-12-24 06:00:00,10.16
2011-12-24 07:00:00,51.88
2011-12-24 08:00:00,73.13
2011-12-24 09:00:00,164.44
2011-12-24 10:00:00,190.27
2011-12-24 11:00:00,209.5
2011-12-24 12:00:00,236.39
2011-12-24 13:00:00,237.92
2011-12-24 14:00:00,235.73
2011-12-24 15:00:00,223.3
2011-12-24 16:00:00,225.85
2011-12-24 17:00:00,181.75
2011-12-24 18:00:00,208.21
2011-12-24 19:00:00,190.45
2011-12-24 20:00:00,89.13
2011-12-24 21:00:00,75.9
2011-12-24 22:00:00,70.11
2011-12-24 23:00:00,50.42
2011-12-25 00:00:00,66.54
2011-12-25 01:00:00,54.19
2011-12-25 02:00:00,50.98
2011-12-25 03:00:00,15.63
2011-12-25 05:00:00,5.76
2011-12-25 06:00:00,6.34
2011-12-25 07:00:00,29.01
2011-12-25 08:00:00,86.47
2011-12-25 09:00:00,112.75
2011-12-25 10:00:00,148.42
2011-12-25 11:00:00,198.3
2011-12-25 12:00:00,191.3
2011-12-25 13:00:00,205.8
2011-12-25 14:00:00,223.65
2011-12-25 15:00:00,231.45
2011-12-25 16:00:00,256.38
2011-12-25 17:00:00,206.5
2011-12-25 18:00:00,168.04
2011-12-25 19:00:00,180.73
2011-12-25 20:00:00,124.72
2011-12-25 21:00:00,83.8
2011-12-25 22:00:00,58.92
2011-12-25 23:00:00,49.79
2011-12-26 00:00:00,38.5
2011-12-26 01:00:00,27.5
2011-12-26 02:00:00,13.84
2011-12-26 04:00:00,6.29
2011-12-26 05:00:00,13.16
2011-12-26 06:00:00,29.37
2011-12-26 07:00:00,162.97
2011-12-26 08:00:00,210.71
2011-12-26 09:00:00,173.84
2011-12-26 10:00:00,176.66
2011-12-26 11:00:00,172.85
2011-12-26 12:00:00,192.75
2011-12-26 13:00:00,207.74
2011-12-26 14:00:00,205.4
2011-12-26 15:00:00,221.25
2011-12-26 16:00:00,216.54
2011-12-26 17:00:00,259.05
2011-12-26 18:00:00,250.53
2011-12-26 19:00:00,201.71
2011-12-26 20:00:00,130.79
2011-12-26 21:00:00,94.89
2011-12-26 22:00:00,77.73
2011-12-26 23:00:00,53.94
2011-12-27 00:00:00,18.59
2011-12-27 01:00:00,6.03
2011-12-27 02:00:00,3.67
2011-12-27 03:00:00,3.89
2011-12-27 04:00:00,4.46
2011-12-27 05:00:00,19.01
2011-12-27 06:00:00,75.15
2011-12-27 07:00:00,221.39
2011-12-27 08:00:00,345.6
2011-12-27 09:00:00,142.78
2011-12-27 10:00:00,110.14
2011-12-27 11:00:00,108.1
2011-12-27 12:00:00,101.33
2011-12-27 13:00:00,100.86
2011-12-27 14:00:00,76.43
2011-12-27 15:00:00,74.84
2011-12-27 16:00:00,116.15
2011-12-27 17:00:00,183.75
2011-12-27 18:00:00,313.58
2011-12-27 19:00:00,229.4
2011-12-27 20:00:00,135.8
2011-12-27 21:00:00,133.83
2011-12-27 22:00:00,100.48
2011-12-27 23:00:00,53.19
2011-12-28 00:00:00,21.34
2011-12-28 01:00:00,11.46
2011-12-28 02:00:00,4.24
2011-12-28 03:00:00,4.13
2011-12-28 05:00:00,18.93
2011-12-28 06:00:00,80.03
2011-12-28 07:00:00,238.44
2011-12-28 08:00:00,352.24
2011-12-28 09:00:00,216.82
2011-12-28 10:00:00,113.09
2011-12-28 11:00:00,123.94
2011-12-28 12:00:00,135.29
2011-12-28 13:00:00,142.2
2011-12-28 14:00:00,144.16
2011-12-28 15:00:00,149.42
2011-12-28 16:00:00,191.13
2011-12-28 17:00:00,298.47
2011-12-28 18:00:00,281.67
2011-12-28 19:00:00,215.22
2011-12-28 20:00:00,120.54
2011-12-28 21:00:00,77.86
2011-12-28 22:00:00,59.7
2011-12-28 23:00:00,40.11
2011-12-29 00:00:00,17.46
2011-12-29 01:00:00,7.38
2011-12-29 02:00:00,3.97
2011-12-29 03:00:00,3.4466666666666663
2011-12-29 04:00:00,3.365
2011-12-29 05:00:00,14.97
2011-12-29 06:00:00,64.35
2011-12-29 07:00:00,202.42
2011-12-29 08:00:00,308.73
2011-12-29 09:00:00,222.78
2011-12-29 10:00:00,111.5
2011-12-29 11:00:00,117.73
2011-12-29 12:00:00,134.17
2011-12-29 13:00:00,132.11
2011-12-29 14:00:00,134.99
2011-12-29 15:00:00,136.71
2011-12-29 16:00:00,191.14
2011-12-29 17:00:00,315.4
2011-12-29 18:00:00,300.2
2011-12-29 19:00:00,228.68
2011-12-29 20:00:00,124.51
2011-12-29 21:00:00,96.5
2011-12-29 22:00:00,82.35
2011-12-29 23:00:00,74.53
2011-12-30 00:00:00,32.34
2011-12-30 01:00:00,12.47
2011-12-30 02:00:00,8.83
2011-12-30 03:00:00,3.3258333333333336
2011-12-30 04:00:00,2.3555000000000006
2011-12-30 05:00:00,15.29
2011-12-30 06:00:00,66.36
2011-12-30 07:00:00,206.42
2011-12-30 08:00:00,302.29
2011-12-30 09:00:00,210.23
2011-12-30 10:00:00,118.57
2011-12-30 11:00:00,135.52
2011-12-30 12:00:00,161.41
2011-12-30 13:00:00,158.69
2011-12-30 14:00:00,162.56
2011-12-30 15:00:00,200.65
2011-12-30 16:00:00,273.13
2011-12-30 17:00:00,376.94
2011-12-30 18:00:00,349.17
2011-12-30 19:00:00,215.16
2011-12-30 20:00:00,156.04
2011-12-30 21:00:00,126.12
2011-12-30 22:00:00,100.86
2011-12-30 23:00:00,75.12
2011-12-31 00:00:00,61.88
2011-12-31 01:00:00,59.22
2011-12-31 02:00:00,55.37
2011-12-31 03:00:00,19.57
2011-12-31 04:00:00,6.16
2011-12-31 05:00:00,5.41
2011-12-31 06:00:00,14.44
2011-12-31 07:00:00,78.98
2011-12-31 08:00:00,100.57
2011-12-31 09:00:00,151.97
2011-12-31 10:00:00,218.06
2011-12-31 11:00:00,272.6
2011-12-31 12:00:00,374.38
2011-12-31 13:00:00,354.15
2011-12-31 14:00:00,317.62
2011-12-31 15:00:00,324.03
2011-12-31 16:00:00,295.43
2011-12-31 17:00:00,235.34
2011-12-31 18:00:00,215.08
2011-12-31 19:00:00,182.74
2011-12-31 20:00:00,138.58
2011-12-31 21:00:00,112.55
2011-12-31 22:00:00,99.01
2011-12-31 23:00:00,79.26
2012-01-20 00:00:00,26.63
2012-01-20 01:00:00,10.3
2012-01-20 02:00:00,10.03
2012-01-20 03:00:00,4.24
2012-01-20 04:00:00,3.57
2012-01-20 05:00:00,19.61
2012-01-20 06:00:00,78.93
2012-01-20 07:00:00,210.05
2012-01-20 08:00:00,445.62
2012-01-20 09:00:00,210.86
2012-01-20 10:00:00,125.7
2012-01-20 11:00:00,129.49
2012-01-20 12:00:00,138.81
2012-01-20 13:00:00,146.63
2012-01-20 14:00:00,143.0
2012-01-20 15:00:00,143.44
2012-01-20 16:00:00,160.96
2012-01-20 17:00:00,246.67
2012-01-20 18:00:00,250.45
2012-01-20 19:00:00,209.42
2012-01-20 20:00:00,131.62
2012-01-20 21:00:00,93.17
2012-01-20 22:00:00,62.3
2012-01-20 23:00:00,55.6
2012-01-21 00:00:00,38.2
2012-01-21 01:00:00,37.18
2012-01-21 02:00:00,37.03
2012-01-21 03:00:00,18.68
2012-01-21 04:00:00,6.4
2012-01-21 05:00:00,5.77
2012-01-21 06:00:00,6.62
2012-01-21 07:00:00,31.93
2012-01-21 08:00:00,85.5
2012-01-21 09:00:00,109.33
2012-01-21 10:00:00,142.23
2012-01-21 11:00:00,170.91
2012-01-21 12:00:00,199.9
2012-01-21 13:00:00,206.76
2012-01-21 14:00:00,173.53
2012-01-21 15:00:00,170.19
2012-01-21 16:00:00,192.39
2012-01-21 17:00:00,145.61
2012-01-21 18:00:00,135.96
2012-01-21 19:00:00,119.59
2012-01-21 20:00:00,84.08
2012-01-21 21:00:00,65.44
2012-01-21 22:00:00,63.0
2012-01-21 23:00:00,57.6
2012-01-22 00:00:00,53.05
2012-01-22 01:00:00,46.6
2012-01-22 02:00:00,43.03
2012-01-22 03:00:00,21.05
2012-01-22 04:00:00,5.29
2012-01-22 05:00:00,4.7
2012-01-22 06:00:00,5.79
2012-01-22 07:00:00,30.42
2012-01-22 08:00:00,66.1
2012-01-22 09:00:00,107.96
2012-01-22 10:00:00,139.89
2012-01-22 11:00:00,156.47
2012-01-22 12:00:00,171.12
2012-01-22 13:00:00,185.43
2012-01-22 14:00:00,177.71
2012-01-22 15:00:00,167.22
2012-01-22 16:00:00,161.92
2012-01-22 17:00:00,129.99
2012-01-22 18:00:00,117.26
2012-01-22 19:00:00,112.54
2012-01-22 20:00:00,83.47
2012-01-22 21:00:00,70.73
2012-01-22 22:00:00,52.51
2012-01-22 23:00:00,41.51
2012-01-23 00:00:00,13.86
2012-01-23 01:00:00,5.85
2012-01-23 02:00:00,3.48
2012-01-23 03:00:00,3.38
2012-01-23 04:00:00,3.47
2012-01-23 05:00:00,19.07
2012-01-23 06:00:00,77.88
2012-01-23 07:00:00,198.82
2012-01-23 08:00:00,314.29
2012-01-23 09:00:00,210.92
2012-01-23 10:00:00,96.15
2012-01-23 11:00:00,90.55
2012-01-23 12:00:00,96.92
2012-01-23 13:00:00,67.12
2012-01-23 14:00:00,66.16
2012-01-23 15:00:00,106.41
2012-01-23 16:00:00,112.34
2012-01-23 17:00:00,175.87
2012-01-23 18:00:00,203.32
2012-01-23 19:00:00,180.26
2012-01-23 20:00:00,131.61
2012-01-23 21:00:00,96.29
2012-01-23 22:00:00,74.04
2012-01-23 23:00:00,41.91
2012-01-24 00:00:00,12.77
2012-01-24 01:00:00,6.08
2012-01-24 02:00:00,5.29
2012-01-24 03:00:00,3.1
2012-01-24 04:00:00,3.46
2012-01-24 05:00:00,15.92
2012-01-24 06:00:00,81.94
2012-01-24 07:00:00,230.04
2012-01-24 08:00:00,436.58
2012-01-24 09:00:00,187.57
2012-01-24 10:00:00,94.09
2012-01-24 11:00:00,97.63
2012-01-24 12:00:00,105.89
2012-01-24 13:00:00,104.95
2012-01-24 14:00:00,123.69
2012-01-24 15:00:00,126.84
2012-01-24 16:00:00,183.49
2012-01-24 17:00:00,449.34
2012-01-24 18:00:00,355.06
2012-01-24 19:00:00,295.9
2012-01-24 20:00:00,186.39
2012-01-24 21:00:00,146.27
2012-01-24 22:00:00,107.48
2012-01-24 23:00:00,46.29
2012-01-25 00:00:00,16.49
2012-01-25 01:00:00,8.26
2012-01-25 02:00:00,5.32
2012-01-25 03:00:00,3.23
2012-01-25 04:00:00,2.87
2012-01-25 05:00:00,19.53
2012-01-25 06:00:00,77.31
2012-01-25 07:00:00,215.17
2012-01-25 08:00:00,470.43
2012-01-25 09:00:00,219.06
2012-01-25 10:00:00,122.05
2012-01-25 11:00:00,123.26
2012-01-25 12:00:00,133.16
2012-01-25 13:00:00,138.62
2012-01-25 14:00:00,131.74
2012-01-25 15:00:00,146.97
2012-01-25 16:00:00,179.84
2012-01-25 17:00:00,315.88
2012-01-25 18:00:00,261.64
2012-01-25 19:00:00,240.73
2012-01-25 20:00:00,177.69
2012-01-25 21:00:00,142.88
2012-01-25 22:00:00,105.85
2012-01-25 23:00:00,45.6
2012-01-26 00:00:00,21.23
2012-01-26 01:00:00,6.92
2012-01-26 02:00:00,6.12
2012-01-26 03:00:00,3.46
2012-01-26 04:00:00,3.46
2012-01-26 05:00:00,19.83
2012-01-26 06:00:00,87.89
2012-01-26 07:00:00,234.3
2012-01-26 08:00:00,456.97
2012-01-26 09:00:00,211.82
2012-01-26 10:00:00,114.87
2012-01-26 11:00:00,104.2
2012-01-26 12:00:00,135.43
2012-01-26 13:00:00,139.91
2012-01-26 14:00:00,140.69
2012-01-26 15:00:00,149.75
2012-01-26 16:00:00,178.48
2012-01-26 17:00:00,435.19
2012-01-26 18:00:00,431.8
2012-01-26 19:00:00,261.83
2012-01-26 20:00:00,197.43
2012-01-26 21:00:00,143.6
2012-01-26 22:00:00,120.84
2012-01-26 23:00:00,79.59
2012-01-27 00:00:00,46.55
2012-01-27 01:00:00,18.67
2012-01-27 02:00:00,10.81
2012-01-27 03:00:00,4.18
2012-01-27 04:00:00,2.89
2012-01-27 05:00:00,19.03
2012-01-27 06:00:00,100.23
2012-01-27 07:00:00,299.84
2012-01-27 08:00:00,478.19
2012-01-27 09:00:00,203.2
2012-01-27 10:00:00,124.25
2012-01-27 11:00:00,179.74
2012-01-27 12:00:00,201.07
2012-01-27 13:00:00,203.88
2012-01-27 14:00:00,198.85
2012-01-27 15:00:00,202.99
2012-01-27 16:00:00,235.82
2012-01-27 17:00:00,437.16
2012-01-27 18:00:00,334.46
2012-01-27 19:00:00,255.5
2012-01-27 20:00:00,161.55
2012-01-27 21:00:00,133.02
2012-01-27 22:00:00,112.83
2012-01-27 23:00:00,65.09
2012-01-28 00:00:00,64.44
2012-01-28 01:00:00,51.82
2012-01-28 02:00:00,46.6
2012-01-28 03:00:00,22.46
2012-01-28 04:00:00,4.59
2012-01-28 05:00:00,3.74
2012-01-28 06:00:00,7.16
2012-01-28 07:00:00,35.37
2012-01-28 08:00:00,98.73
2012-01-28 09:00:00,120.01
2012-01-28 10:00:00,177.43
2012-01-28 11:00:00,210.87
2012-01-28 12:00:00,226.43
2012-01-28 13:00:00,272.06
2012-01-28 14:00:00,252.16
2012-01-28 15:00:00,272.11
2012-01-28 16:00:00,381.18
2012-01-28 17:00:00,277.98
2012-01-28 18:00:00,259.28
2012-01-28 19:00:00,211.31
2012-01-28 20:00:00,131.66
2012-01-28 21:00:00,108.52
2012-01-28 22:00:00,109.1
2012-01-28 23:00:00,76.89
2012-01-29 00:00:00,68.82
2012-01-29 01:00:00,57.14
2012-01-29 02:00:00,46.0
2012-01-29 03:00:00,23.41
2012-01-29 04:00:00,4.86
2012-01-29 05:00:00,4.04
2012-01-29 06:00:00,6.81
2012-01-29 07:00:00,31.71
2012-01-29 08:00:00,74.71
2012-01-29 09:00:00,105.17
2012-01-29 10:00:00,167.68
2012-01-29 11:00:00,216.34
2012-01-29 12:00:00,281.03
2012-01-29 13:00:00,280.69
2012-01-29 14:00:00,277.18
2012-01-29 15:00:00,321.9
2012-01-29 16:00:00,306.52
2012-01-29 17:00:00,271.55
2012-01-29 18:00:00,247.17
2012-01-29 19:00:00,181.36
2012-01-29 20:00:00,109.68
2012-01-29 21:00:00,93.34
2012-01-29 22:00:00,87.87
2012-01-29 23:00:00,48.32
2012-01-30 00:00:00,18.46
2012-01-30 01:00:00,3.66
2012-01-30 02:00:00,3.84
2012-01-30 03:00:00,2.69
2012-01-30 04:00:00,2.81
2012-01-30 05:00:00,18.07
2012-01-30 06:00:00,80.51
2012-01-30 07:00:00,219.69
2012-01-30 08:00:00,421.42
2012-01-30 09:00:00,199.61
2012-01-30 10:00:00,105.39
2012-01-30 11:00:00,115.81
2012-01-30 12:00:00,123.55
2012-01-30 13:00:00,132.18
2012-01-30 14:00:00,129.84
2012-01-30 15:00:00,137.26
2012-01-30 16:00:00,211.85
2012-01-30 17:00:00,400.44
2012-01-30 18:00:00,377.71
2012-01-30 19:00:00,228.8
2012-01-30 20:00:00,185.42
2012-01-30 21:00:00,140.57
2012-01-30 22:00:00,87.67
2012-01-30 23:00:00,48.71
2012-01-31 00:00:00,15.84
2012-01-31 01:00:00,5.19
2012-01-31 02:00:00,3.8
2012-01-31 03:00:00,2.83
2012-01-31 04:00:00,2.65
2012-01-31 05:00:00,19.14
2012-01-31 06:00:00,90.33
2012-01-31 07:00:00,221.94
2012-01-31 08:00:00,455.37
2012-01-31 09:00:00,202.16
2012-01-31 10:00:00,116.21
2012-01-31 11:00:00,153.71
2012-01-31 12:00:00,150.12
2012-01-31 13:00:00,183.6
2012-01-31 14:00:00,207.31
2012-01-31 15:00:00,214.49
2012-01-31 16:00:00,317.65
2012-01-31 17:00:00,531.63
2012-01-31 18:00:00,508.98
2012-01-31 19:00:00,343.09
2012-01-31 20:00:00,200.85
2012-01-31 21:00:00,167.5
2012-01-31 22:00:00,116.13
2012-01-31 23:00:00,73.51
2012-02-20 00:00:00,26.58
2012-02-20 01:00:00,30.04
2012-02-20 02:00:00,19.86
2012-02-20 03:00:00,7.63
2012-02-20 05:00:00,8.47
2012-02-20 06:00:00,13.87
2012-02-20 07:00:00,25.42
2012-02-20 08:00:00,102.36
2012-02-20 09:00:00,132.45
2012-02-20 10:00:00,168.13
2012-02-20 11:00:00,179.84
2012-02-20 12:00:00,203.16
2012-02-20 13:00:00,222.57
2012-02-20 14:00:00,238.23
2012-02-20 15:00:00,239.69
2012-02-20 16:00:00,291.21
2012-02-20 17:00:00,357.47
2012-02-20 18:00:00,314.92
2012-02-20 19:00:00,234.51
2012-02-20 20:00:00,159.43
2012-02-20 21:00:00,118.71
2012-02-20 22:00:00,95.38
2012-02-20 23:00:00,48.78
2012-02-21 00:00:00,19.16
2012-02-21 01:00:00,6.93
2012-02-21 02:00:00,3.16
2012-02-21 04:00:00,2.1066666666666665
2012-02-21 05:00:00,19.37
2012-02-21 06:00:00,78.02
2012-02-21 07:00:00,268.65
2012-02-21 08:00:00,468.04
2012-02-21 09:00:00,247.36
2012-02-21 10:00:00,113.84
2012-02-21 11:00:00,112.23
2012-02-21 12:00:00,142.88
2012-02-21 13:00:00,148.26
2012-02-21 14:00:00,146.04
2012-02-21 15:00:00,145.23
2012-02-21 16:00:00,221.09
2012-02-21 17:00:00,428.78
2012-02-21 18:00:00,428.62
2012-02-21 19:00:00,286.68
2012-02-21 20:00:00,190.28
2012-02-21 21:00:00,165.85
2012-02-21 22:00:00,102.36
2012-02-21 23:00:00,47.22
2012-02-22 00:00:00,21.64
2012-02-22 01:00:00,8.53
2012-02-22 02:00:00,3.69
2012-02-22 03:00:00,2.51
2012-02-22 04:00:00,2.28
2012-02-22 05:00:00,21.41
2012-02-22 06:00:00,85.95
2012-02-22 07:00:00,281.02
2012-02-22 08:00:00,501.84
2012-02-22 09:00:00,239.75
2012-02-22 10:00:00,124.98
2012-02-22 11:00:00,143.55
2012-02-22 12:00:00,149.81
2012-02-22 13:00:00,159.74
2012-02-22 14:00:00,153.13
2012-02-22 15:00:00,201.65
2012-02-22 16:00:00,301.74
2012-02-22 17:00:00,512.23
2012-02-22 18:00:00,475.57
2012-02-22 19:00:00,308.07
2012-02-22 20:00:00,226.43
2012-02-22 21:00:00,163.23
2012-02-22 22:00:00,126.09
2012-02-22 23:00:00,80.16
2012-02-23 00:00:00,34.59
2012-02-23 01:00:00,12.47
2012-02-23 02:00:00,10.65
2012-02-23 03:00:00,2.67
2012-02-23 04:00:00,3.02
2012-02-23 05:00:00,23.45
2012-02-23 06:00:00,95.95
2012-02-23 07:00:00,266.37
2012-02-23 08:00:00,490.28
2012-02-23 09:00:00,245.73
2012-02-23 10:00:00,149.05
2012-02-23 11:00:00,169.25
2012-02-23 12:00:00,189.22
2012-02-23 13:00:00,193.62
2012-02-23 14:00:00,187.36
2012-02-23 15:00:00,201.86
2012-02-23 16:00:00,311.44
2012-02-23 17:00:00,530.22
2012-02-23 18:00:00,520.11
2012-02-23 19:00:00,329.73
2012-02-23 20:00:00,239.05
2012-02-23 21:00:00,176.42
2012-02-23 22:00:00,137.37
2012-02-23 23:00:00,92.01
2012-02-24 00:00:00,43.8
2012-02-24 01:00:00,22.37
2012-02-24 02:00:00,10.35
2012-02-24 03:00:00,5.73
2012-02-24 04:00:00,4.13
2012-02-24 05:00:00,21.68
2012-02-24 06:00:00,92.34
2012-02-24 07:00:00,279.05
2012-02-24 08:00:00,459.13
2012-02-24 09:00:00,186.21
2012-02-24 10:00:00,92.71
2012-02-24 11:00:00,154.39
2012-02-24 12:00:00,164.41
2012-02-24 13:00:00,173.01
2012-02-24 14:00:00,188.29
2012-02-24 15:00:00,152.8
2012-02-24 16:00:00,165.6
2012-02-24 17:00:00,316.99
2012-02-24 18:00:00,342.92
2012-02-24 19:00:00,275.38
2012-02-24 20:00:00,193.78
2012-02-24 21:00:00,166.09
2012-02-24 22:00:00,120.64
2012-02-24 23:00:00,81.84
2012-02-25 00:00:00,71.58
2012-02-25 01:00:00,59.5
2012-02-25 02:00:00,46.63
2012-02-25 03:00:00,16.09
2012-02-25 04:00:00,4.35
2012-02-25 05:00:00,3.87
2012-02-25 06:00:00,7.48
2012-02-25 07:00:00,32.13
2012-02-25 08:00:00,80.44
2012-02-25 09:00:00,118.75
2012-02-25 10:00:00,193.24
2012-02-25 11:00:00,212.5
2012-02-25 12:00:00,258.55
2012-02-25 13:00:00,300.78
2012-02-25 14:00:00,256.54
2012-02-25 15:00:00,305.61
2012-02-25 16:00:00,244.29
2012-02-25 17:00:00,194.86
2012-02-25 18:00:00,181.2
2012-02-25 19:00:00,137.38
2012-02-25 20:00:00,91.03
2012-02-25 21:00:00,73.79
2012-02-25 22:00:00,77.09
2012-02-25 23:00:00,54.41
2012-02-26 00:00:00,64.31
2012-02-26 01:00:00,53.57
2012-02-26 02:00:00,44.38
2012-02-26 03:00:00,20.8
2012-02-26 04:00:00,3.84
2012-02-26 05:00:00,3.83
2012-02-26 06:00:00,6.0
2012-02-26 07:00:00,26.27
2012-02-26 08:00:00,69.03
2012-02-26 09:00:00,103.53
2012-02-26 10:00:00,199.29
2012-02-26 11:00:00,222.05
2012-02-26 12:00:00,280.67
2012-02-26 13:00:00,301.11
2012-02-26 14:00:00,324.26
2012-02-26 15:00:00,330.42
2012-02-26 16:00:00,315.41
2012-02-26 17:00:00,274.89
2012-02-26 18:00:00,249.19
2012-02-26 19:00:00,215.23
2012-02-26 20:00:00,129.19
2012-02-26 21:00:00,102.78
2012-02-26 22:00:00,103.57
2012-02-26 23:00:00,41.58
2012-02-27 00:00:00,16.34
2012-02-27 01:00:00,6.16
2012-02-27 02:00:00,4.26
2012-02-27 03:00:00,2.36
2012-02-27 04:00:00,2.01
2012-02-27 05:00:00,18.14
2012-02-27 06:00:00,82.01
2012-02-27 07:00:00,256.53
2012-02-27 08:00:00,449.85
2012-02-27 09:00:00,228.98
2012-02-27 10:00:00,128.77
2012-02-27 11:00:00,145.8
2012-02-27 12:00:00,167.79
2012-02-27 13:00:00,160.55
2012-02-27 14:00:00,175.71
2012-02-27 15:00:00,220.53
2012-02-27 16:00:00,317.87
2012-02-27 17:00:00,539.91
2012-02-27 18:00:00,512.47
2012-02-27 19:00:00,345.98
2012-02-27 20:00:00,254.45
2012-02-27 21:00:00,170.84
2012-02-27 22:00:00,121.95
2012-02-27 23:00:00,68.47
2012-02-28 00:00:00,34.99
2012-02-28 01:00:00,9.36
2012-02-28 02:00:00,7.46
2012-02-28 03:00:00,3.24
2012-02-28 04:00:00,2.28
2012-02-28 05:00:00,22.01
2012-02-28 06:00:00,91.21
2012-02-28 07:00:00,280.2
2012-02-28 08:00:00,444.25
2012-02-28 09:00:00,234.29
2012-02-28 10:00:00,124.7
2012-02-28 11:00:00,140.38
2012-02-28 12:00:00,149.63
2012-02-28 13:00:00,154.85
2012-02-28 14:00:00,152.14
2012-02-28 15:00:00,187.17
2012-02-28 16:00:00,272.81
2012-02-28 17:00:00,509.39
2012-02-28 18:00:00,506.49
2012-02-28 19:00:00,314.44
2012-02-28 20:00:00,198.61
2012-02-28 21:00:00,149.91
2012-02-28 22:00:00,105.95
2012-02-28 23:00:00,49.2
2012-02-29 00:00:00,21.01
2012-02-29 01:00:00,7.93
2012-02-29 02:00:00,3.71
2012-02-29 03:00:00,2.2
2012-02-29 05:00:00,22.35
2012-02-29 06:00:00,84.21
2012-02-29 07:00:00,270.64
2012-02-29 08:00:00,501.2
2012-02-29 09:00:00,148.36
2012-02-29 10:00:00,59.34
2012-02-29 11:00:00,69.19
2012-02-29 12:00:00,79.68
2012-02-29 13:00:00,138.02
2012-02-29 14:00:00,134.53
2012-02-29 15:00:00,144.37
2012-02-29 16:00:00,130.36
2012-02-29 17:00:00,302.34
2012-02-29 18:00:00,281.88
2012-02-29 19:00:00,275.93
2012-02-29 20:00:00,148.34
2012-02-29 21:00:00,86.76
2012-02-29 22:00:00,81.55
2012-02-29 23:00:00,54.91
2012-03-20 00:00:00,26.14
2012-03-20 01:00:00,16.64
2012-03-20 02:00:00,7.34
2012-03-20 03:00:00,4.0
2012-03-20 04:00:00,3.64
2012-03-20 05:00:00,20.17
2012-03-20 06:00:00,114.57
2012-03-20 07:00:00,108.23
2012-03-20 08:00:00,564.05
2012-03-20 09:00:00,334.32
2012-03-20 10:00:00,131.98
2012-03-20 11:00:00,153.01
2012-03-20 12:00:00,236.18
2012-03-20 13:00:00,234.57
2012-03-20 14:00:00,214.77
2012-03-20 15:00:00,241.93
2012-03-20 16:00:00,345.86
2012-03-20 17:00:00,712.02
2012-03-20 18:00:00,725.02
2012-03-20 19:00:00,475.53
2012-03-20 20:00:00,343.47
2012-03-20 21:00:00,226.68
2012-03-20 22:00:00,148.72
2012-03-20 23:00:00,76.53
2012-03-21 00:00:00,32.11
2012-03-21 01:00:00,16.38
2012-03-21 02:00:00,9.23
2012-03-21 03:00:00,3.97
2012-03-21 04:00:00,3.4
2012-03-21 05:00:00,24.29
2012-03-21 06:00:00,115.85
2012-03-21 07:00:00,156.37
2012-03-21 08:00:00,448.2
2012-03-21 09:00:00,333.03
2012-03-21 10:00:00,146.36
2012-03-21 11:00:00,146.97
2012-03-21 12:00:00,242.67
2012-03-21 13:00:00,221.36
2012-03-21 14:00:00,222.87
2012-03-21 15:00:00,222.77
2012-03-21 16:00:00,334.53
2012-03-21 17:00:00,715.94
2012-03-21 18:00:00,732.66
2012-03-21 19:00:00,507.79
2012-03-21 20:00:00,315.35
2012-03-21 21:00:00,199.92
2012-03-21 22:00:00,171.42
2012-03-21 23:00:00,88.1
2012-03-22 00:00:00,39.79
2012-03-22 01:00:00,17.51
2012-03-22 02:00:00,11.13
2012-03-22 03:00:00,6.2
2012-03-22 04:00:00,4.79
2012-03-22 05:00:00,18.31
2012-03-22 06:00:00,119.4
2012-03-22 07:00:00,306.85
2012-03-22 08:00:00,487.18
2012-03-22 09:00:00,323.61
2012-03-22 10:00:00,144.96
2012-03-22 11:00:00,152.48
2012-03-22 12:00:00,234.41
2012-03-22 13:00:00,249.97
2012-03-22 14:00:00,237.21
2012-03-22 15:00:00,243.62
2012-03-22 16:00:00,363.16
2012-03-22 17:00:00,742.03
2012-03-22 18:00:00,746.43
2012-03-22 19:00:00,494.42
2012-03-22 20:00:00,363.42
2012-03-22 21:00:00,247.76
2012-03-22 22:00:00,194.39
2012-03-22 23:00:00,131.45
2012-03-23 00:00:00,48.05
2012-03-23 01:00:00,35.2
2012-03-23 02:00:00,12.32
2012-03-23 03:00:00,6.96
2012-03-23 04:00:00,5.42
2012-03-23 05:00:00,20.35
2012-03-23 06:00:00,116.84
2012-03-23 07:00:00,295.64
2012-03-23 08:00:00,581.24
2012-03-23 09:00:00,312.9
2012-03-23 10:00:00,171.97
2012-03-23 11:00:00,221.14
2012-03-23 12:00:00,281.09
2012-03-23 13:00:00,268.75
2012-03-23 14:00:00,286.23
2012-03-23 15:00:00,295.08
2012-03-23 16:00:00,459.13
2012-03-23 17:00:00,740.51
2012-03-23 18:00:00,712.12
2012-03-23 19:00:00,451.06
2012-03-23 20:00:00,319.71
2012-03-23 21:00:00,249.53
2012-03-23 22:00:00,167.96
2012-03-23 23:00:00,163.75
2012-03-24 00:00:00,96.36
2012-03-24 01:00:00,91.21
2012-03-24 02:00:00,62.96
2012-03-24 03:00:00,25.56
2012-03-24 04:00:00,12.34
2012-03-24 05:00:00,10.18
2012-03-24 06:00:00,31.75
2012-03-24 07:00:00,106.94
2012-03-24 08:00:00,172.82
2012-03-24 09:00:00,271.21
2012-03-24 10:00:00,407.89
2012-03-24 11:00:00,517.54
2012-03-24 12:00:00,583.78
2012-03-24 13:00:00,580.8
2012-03-24 14:00:00,554.83
2012-03-24 15:00:00,537.62
2012-03-24 16:00:00,341.94
2012-03-24 17:00:00,291.01
2012-03-24 18:00:00,221.1
2012-03-24 19:00:00,197.69
2012-03-24 20:00:00,123.16
2012-03-24 21:00:00,85.72
2012-03-24 22:00:00,81.26
2012-03-24 23:00:00,84.29
2012-03-25 00:00:00,77.96
2012-03-25 01:00:00,64.59
2012-03-25 02:00:00,47.57
2012-03-25 03:00:00,16.15
2012-03-25 04:00:00,7.36
2012-03-25 05:00:00,8.17
2012-03-25 06:00:00,20.6
2012-03-25 07:00:00,98.59
2012-03-25 08:00:00,159.09
2012-03-25 09:00:00,267.88
2012-03-25 10:00:00,298.88
2012-03-25 11:00:00,318.77
2012-03-25 12:00:00,326.65
2012-03-25 13:00:00,432.15
2012-03-25 14:00:00,461.45
2012-03-25 15:00:00,458.15
2012-03-25 16:00:00,379.44
2012-03-25 17:00:00,414.48
2012-03-25 18:00:00,384.95
2012-03-25 19:00:00,294.68
2012-03-25 20:00:00,188.67
2012-03-25 21:00:00,145.28
2012-03-25 22:00:00,119.9
2012-03-25 23:00:00,67.93
2012-03-26 00:00:00,29.15
2012-03-26 01:00:00,13.17
2012-03-26 02:00:00,9.23
2012-03-26 03:00:00,3.23
2012-03-26 04:00:00,4.77
2012-03-26 05:00:00,26.3
2012-03-26 06:00:00,113.44
2012-03-26 07:00:00,359.54
2012-03-26 08:00:00,612.23
2012-03-26 09:00:00,315.94
2012-03-26 10:00:00,186.05
2012-03-26 11:00:00,232.5
2012-03-26 12:00:00,242.94
2012-03-26 13:00:00,255.73
2012-03-26 14:00:00,245.14
2012-03-26 15:00:00,252.94
2012-03-26 16:00:00,349.71
2012-03-26 17:00:00,571.69
2012-03-26 18:00:00,543.26
2012-03-26 19:00:00,361.01
2012-03-26 20:00:00,221.0
2012-03-26 21:00:00,154.31
2012-03-26 22:00:00,120.78
2012-03-26 23:00:00,52.22
2012-03-27 00:00:00,20.64
2012-03-27 01:00:00,5.69
2012-03-27 02:00:00,3.46
2012-03-27 03:00:00,2.69
2012-03-27 04:00:00,2.48
2012-03-27 05:00:00,20.45
2012-03-27 06:00:00,89.88
2012-03-27 07:00:00,286.78
2012-03-27 08:00:00,470.68
2012-03-27 09:00:00,258.93
2012-03-27 10:00:00,157.85
2012-03-27 11:00:00,187.88
2012-03-27 12:00:00,211.29
2012-03-27 13:00:00,191.19
2012-03-27 14:00:00,202.17
2012-03-27 15:00:00,249.47
2012-03-27 16:00:00,287.44
2012-03-27 17:00:00,571.98
2012-03-27 18:00:00,568.26
2012-03-27 19:00:00,366.92
2012-03-27 20:00:00,255.85
2012-03-27 21:00:00,152.51
2012-03-27 22:00:00,113.76
2012-03-27 23:00:00,57.99
2012-03-28 00:00:00,23.1
2012-03-28 01:00:00,9.96
2012-03-28 02:00:00,3.64
2012-03-28 03:00:00,3.04
2012-03-28 04:00:00,2.47
2012-03-28 05:00:00,25.89
2012-03-28 06:00:00,110.71
2012-03-28 07:00:00,315.68
2012-03-28 08:00:00,587.55
2012-03-28 09:00:00,322.37
2012-03-28 10:00:00,188.94
2012-03-28 11:00:00,211.22
2012-03-28 12:00:00,241.7
2012-03-28 13:00:00,230.31
2012-03-28 14:00:00,226.77
2012-03-28 15:00:00,245.43
2012-03-28 16:00:00,334.04
2012-03-28 17:00:00,746.49
2012-03-28 18:00:00,750.68
2012-03-28 19:00:00,504.97
2012-03-28 20:00:00,334.95
2012-03-28 21:00:00,237.37
2012-03-28 22:00:00,188.76
2012-03-28 23:00:00,89.41
2012-03-29 00:00:00,46.07
2012-03-29 01:00:00,19.39
2012-03-29 02:00:00,9.54
2012-03-29 03:00:00,5.89
2012-03-29 04:00:00,5.64
2012-03-29 05:00:00,27.08
2012-03-29 06:00:00,123.07
2012-03-29 07:00:00,359.11
2012-03-29 08:00:00,602.93
2012-03-29 09:00:00,333.95
2012-03-29 10:00:00,178.84
2012-03-29 11:00:00,211.06
2012-03-29 12:00:00,234.21
2012-03-29 13:00:00,239.57
2012-03-29 14:00:00,222.76
2012-03-29 15:00:00,220.3
2012-03-29 16:00:00,366.51
2012-03-29 17:00:00,596.52
2012-03-29 18:00:00,607.27
2012-03-29 19:00:00,387.45
2012-03-29 20:00:00,268.71
2012-03-29 21:00:00,184.42
2012-03-29 22:00:00,135.95
2012-03-29 23:00:00,87.47
2012-03-30 00:00:00,51.9
2012-03-30 01:00:00,24.99
2012-03-30 02:00:00,9.76
2012-03-30 03:00:00,7.22
2012-03-30 04:00:00,5.49
2012-03-30 05:00:00,22.66
2012-03-30 06:00:00,88.34
2012-03-30 07:00:00,291.45
2012-03-30 08:00:00,554.79
2012-03-30 09:00:00,290.93
2012-03-30 10:00:00,156.62
2012-03-30 11:00:00,169.88
2012-03-30 12:00:00,181.94
2012-03-30 13:00:00,129.5
2012-03-30 14:00:00,117.86
2012-03-30 15:00:00,101.01
2012-03-30 16:00:00,115.13
2012-03-30 17:00:00,330.79
2012-03-30 18:00:00,468.73
2012-03-30 19:00:00,279.91
2012-03-30 20:00:00,174.15
2012-03-30 21:00:00,143.18
2012-03-30 22:00:00,119.94
2012-03-30 23:00:00,82.72
2012-03-31 00:00:00,72.48
2012-03-31 01:00:00,66.31
2012-03-31 02:00:00,49.41
2012-03-31 03:00:00,22.22
2012-03-31 04:00:00,6.71
2012-03-31 05:00:00,7.82
2012-03-31 06:00:00,29.16
2012-03-31 07:00:00,71.44
2012-03-31 08:00:00,140.32
2012-03-31 09:00:00,265.9
2012-03-31 10:00:00,269.78
2012-03-31 11:00:00,448.41
2012-03-31 12:00:00,505.38
2012-03-31 13:00:00,618.4
2012-03-31 14:00:00,565.91
2012-03-31 15:00:00,572.82
2012-03-31 16:00:00,493.47
2012-03-31 17:00:00,375.66
2012-03-31 18:00:00,291.39
2012-03-31 19:00:00,245.62
2012-03-31 20:00:00,138.65
2012-03-31 21:00:00,121.14
2012-03-31 22:00:00,119.35
2012-03-31 23:00:00,72.95
2012-04-20 00:00:00,52.34
2012-04-20 01:00:00,30.0
2012-04-20 02:00:00,9.38
2012-04-20 03:00:00,7.36
2012-04-20 04:00:00,5.81
2012-04-20 05:00:00,27.24
2012-04-20 06:00:00,115.28
2012-04-20 07:00:00,329.89
2012-04-20 08:00:00,596.66
2012-04-20 09:00:00,314.64
2012-04-20 10:00:00,196.48
2012-04-20 11:00:00,225.92
2012-04-20 12:00:00,294.75
2012-04-20 13:00:00,300.59
2012-04-20 14:00:00,289.73
2012-04-20 15:00:00,308.33
2012-04-20 16:00:00,457.63
2012-04-20 17:00:00,683.9
2012-04-20 18:00:00,675.14
2012-04-20 19:00:00,481.29
2012-04-20 20:00:00,322.12
2012-04-20 21:00:00,240.76
2012-04-20 22:00:00,209.04
2012-04-20 23:00:00,169.06
2012-04-21 00:00:00,114.61
2012-04-21 01:00:00,97.18
2012-04-21 02:00:00,61.05
2012-04-21 03:00:00,31.1
2012-04-21 04:00:00,8.72
2012-04-21 05:00:00,9.55
2012-04-21 06:00:00,29.3
2012-04-21 07:00:00,104.37
2012-04-21 08:00:00,187.5
2012-04-21 09:00:00,283.8
2012-04-21 10:00:00,414.29
2012-04-21 11:00:00,554.47
2012-04-21 12:00:00,627.49
2012-04-21 13:00:00,648.26
2012-04-21 14:00:00,616.08
2012-04-21 15:00:00,615.37
2012-04-21 16:00:00,576.98
2012-04-21 17:00:00,525.12
2012-04-21 18:00:00,459.89
2012-04-21 19:00:00,334.47
2012-04-21 20:00:00,118.77
2012-04-21 21:00:00,111.52
2012-04-21 22:00:00,144.3
2012-04-21 23:00:00,97.09
2012-04-22 00:00:00,112.23
2012-04-22 01:00:00,84.9
2012-04-22 02:00:00,69.35
2012-04-22 03:00:00,25.87
2012-04-22 04:00:00,10.78
2012-04-22 05:00:00,8.97
2012-04-22 06:00:00,36.48
2012-04-22 07:00:00,62.93
2012-04-22 08:00:00,145.96
2012-04-22 09:00:00,255.29
2012-04-22 10:00:00,273.46
2012-04-22 11:00:00,287.99
2012-04-22 12:00:00,294.36
2012-04-22 13:00:00,292.41
2012-04-22 14:00:00,293.56
2012-04-22 15:00:00,295.05
2012-04-22 16:00:00,291.96
2012-04-22 17:00:00,224.61
2012-04-22 18:00:00,224.2
2012-04-22 19:00:00,215.74
2012-04-22 20:00:00,141.31
2012-04-22 21:00:00,94.97
2012-04-22 22:00:00,94.96
2012-04-22 23:00:00,57.6
2012-04-23 00:00:00,16.62
2012-04-23 01:00:00,8.71
2012-04-23 02:00:00,4.43
2012-04-23 03:00:00,3.11
2012-04-23 04:00:00,2.82
2012-04-23 05:00:00,16.33
2012-04-23 06:00:00,85.99
2012-04-23 07:00:00,290.6
2012-04-23 08:00:00,523.76
2012-04-23 09:00:00,244.55
2012-04-23 10:00:00,166.31
2012-04-23 11:00:00,171.43
2012-04-23 12:00:00,134.59
2012-04-23 13:00:00,135.2
2012-04-23 14:00:00,134.03
2012-04-23 15:00:00,161.82
2012-04-23 16:00:00,155.35
2012-04-23 17:00:00,250.78
2012-04-23 18:00:00,234.75
2012-04-23 19:00:00,259.49
2012-04-23 20:00:00,205.57
2012-04-23 21:00:00,138.77
2012-04-23 22:00:00,120.63
2012-04-23 23:00:00,55.27
2012-04-24 00:00:00,20.78
2012-04-24 01:00:00,11.16
2012-04-24 02:00:00,3.84
2012-04-24 03:00:00,2.82
2012-04-24 04:00:00,2.15
2012-04-24 05:00:00,23.1
2012-04-24 06:00:00,97.1
2012-04-24 07:00:00,325.78
2012-04-24 08:00:00,598.12
2012-04-24 09:00:00,318.01
2012-04-24 10:00:00,181.6
2012-04-24 11:00:00,257.21
2012-04-24 12:00:00,272.76
2012-04-24 13:00:00,260.73
2012-04-24 14:00:00,260.45
2012-04-24 15:00:00,264.04
2012-04-24 16:00:00,398.11
2012-04-24 17:00:00,662.44
2012-04-24 18:00:00,674.26
2012-04-24 19:00:00,482.2
2012-04-24 20:00:00,293.38
2012-04-24 21:00:00,203.35
2012-04-24 22:00:00,168.71
2012-04-24 23:00:00,93.5
2012-04-25 00:00:00,32.68
2012-04-25 01:00:00,9.29
2012-04-25 02:00:00,5.15
2012-04-25 03:00:00,2.31
2012-04-25 04:00:00,2.63
2012-04-25 05:00:00,24.82
2012-04-25 06:00:00,98.25
2012-04-25 07:00:00,353.3
2012-04-25 08:00:00,598.01
2012-04-25 09:00:00,323.35
2012-04-25 10:00:00,208.18
2012-04-25 11:00:00,243.18
2012-04-25 12:00:00,261.73
2012-04-25 13:00:00,270.54
2012-04-25 14:00:00,237.58
2012-04-25 15:00:00,320.29
2012-04-25 16:00:00,406.98
2012-04-25 17:00:00,731.66
2012-04-25 18:00:00,735.8
2012-04-25 19:00:00,519.49
2012-04-25 20:00:00,368.09
2012-04-25 21:00:00,238.38
2012-04-25 22:00:00,172.16
2012-04-25 23:00:00,90.0
2012-04-26 00:00:00,42.07
2012-04-26 01:00:00,18.6
2012-04-26 02:00:00,10.66
2012-04-26 03:00:00,4.94
2012-04-26 04:00:00,5.1
2012-04-26 05:00:00,23.45
2012-04-26 06:00:00,122.86
2012-04-26 07:00:00,288.5
2012-04-26 08:00:00,521.27
2012-04-26 09:00:00,200.91
2012-04-26 10:00:00,165.75
2012-04-26 11:00:00,165.34
2012-04-26 12:00:00,242.93
2012-04-26 13:00:00,233.63
2012-04-26 14:00:00,225.69
2012-04-26 15:00:00,204.93
2012-04-26 16:00:00,276.63
2012-04-26 17:00:00,548.49
2012-04-26 18:00:00,511.77
2012-04-26 19:00:00,411.2
2012-04-26 20:00:00,321.16
2012-04-26 21:00:00,184.3
2012-04-26 22:00:00,194.55
2012-04-26 23:00:00,98.82
2012-04-27 00:00:00,58.07
2012-04-27 01:00:00,30.83
2012-04-27 02:00:00,12.89
2012-04-27 03:00:00,7.3
2012-04-27 04:00:00,6.88
2012-04-27 05:00:00,27.96
2012-04-27 06:00:00,111.2
2012-04-27 07:00:00,313.8
2012-04-27 08:00:00,578.51
2012-04-27 09:00:00,335.47
2012-04-27 10:00:00,228.84
2012-04-27 11:00:00,249.9
2012-04-27 12:00:00,305.65
2012-04-27 13:00:00,365.16
2012-04-27 14:00:00,373.41
2012-04-27 15:00:00,386.68
2012-04-27 16:00:00,451.57
2012-04-27 17:00:00,643.58
2012-04-27 18:00:00,601.45
2012-04-27 19:00:00,399.52
2012-04-27 20:00:00,262.19
2012-04-27 21:00:00,179.52
2012-04-27 22:00:00,149.15
2012-04-27 23:00:00,104.45
2012-04-28 00:00:00,84.54
2012-04-28 01:00:00,61.29
2012-04-28 02:00:00,57.03
2012-04-28 03:00:00,26.77
2012-04-28 04:00:00,9.86
2012-04-28 05:00:00,9.0
2012-04-28 06:00:00,26.79
2012-04-28 07:00:00,82.81
2012-04-28 08:00:00,140.57
2012-04-28 09:00:00,275.72
2012-04-28 10:00:00,316.51
2012-04-28 11:00:00,326.45
2012-04-28 12:00:00,372.76
2012-04-28 13:00:00,382.56
2012-04-28 14:00:00,419.19
2012-04-28 15:00:00,447.04
2012-04-28 16:00:00,421.93
2012-04-28 17:00:00,354.24
2012-04-28 18:00:00,299.66
2012-04-28 19:00:00,222.59
2012-04-28 20:00:00,162.51
2012-04-28 21:00:00,108.25
2012-04-28 22:00:00,122.77
2012-04-28 23:00:00,98.31
2012-04-29 00:00:00,44.94
2012-04-29 01:00:00,69.76
2012-04-29 02:00:00,58.61
2012-04-29 03:00:00,20.31
2012-04-29 04:00:00,9.73
2012-04-29 05:00:00,10.99
2012-04-29 06:00:00,38.77
2012-04-29 07:00:00,82.63
2012-04-29 08:00:00,147.55
2012-04-29 09:00:00,288.58
2012-04-29 10:00:00,341.1
2012-04-29 11:00:00,444.0
2012-04-29 12:00:00,517.16
2012-04-29 13:00:00,535.73
2012-04-29 14:00:00,523.28
2012-04-29 15:00:00,550.29
2012-04-29 16:00:00,525.84
2012-04-29 17:00:00,456.71
2012-04-29 18:00:00,405.95
2012-04-29 19:00:00,342.91
2012-04-29 20:00:00,273.66
2012-04-29 21:00:00,154.21
2012-04-29 22:00:00,118.3
2012-04-29 23:00:00,64.55
2012-04-30 00:00:00,67.06
2012-04-30 01:00:00,20.02
2012-04-30 02:00:00,10.8
2012-04-30 03:00:00,4.96
2012-04-30 04:00:00,2.84
2012-04-30 05:00:00,23.1
2012-04-30 06:00:00,112.17
2012-04-30 07:00:00,336.98
2012-04-30 08:00:00,604.88
2012-04-30 09:00:00,332.83
2012-04-30 10:00:00,197.62
2012-04-30 11:00:00,215.56
2012-04-30 12:00:00,250.08
2012-04-30 13:00:00,260.48
2012-04-30 14:00:00,243.93
2012-04-30 15:00:00,243.46
2012-04-30 16:00:00,368.62
2012-04-30 17:00:00,731.27
2012-04-30 18:00:00,703.51
2012-04-30 19:00:00,455.71
2012-04-30 20:00:00,294.71
2012-04-30 21:00:00,208.52
2012-04-30 22:00:00,161.77
2012-04-30 23:00:00,69.61
2012-05-20 00:00:00,109.68
2012-05-20 01:00:00,100.16
2012-05-20 02:00:00,73.57
2012-05-20 03:00:00,30.89
2012-05-20 04:00:00,12.19
2012-05-20 05:00:00,13.48
2012-05-20 06:00:00,23.98
2012-05-20 07:00:00,56.95
2012-05-20 08:00:00,147.1
2012-05-20 09:00:00,248.85
2012-05-20 10:00:00,396.08
2012-05-20 11:00:00,536.43
2012-05-20 12:00:00,586.02
2012-05-20 13:00:00,599.08
2012-05-20 14:00:00,571.93
2012-05-20 15:00:00,582.39
2012-05-20 16:00:00,570.67
2012-05-20 17:00:00,529.57
2012-05-20 18:00:00,465.53
2012-05-20 19:00:00,347.16
2012-05-20 20:00:00,259.57
2012-05-20 21:00:00,197.25
2012-05-20 22:00:00,141.15
2012-05-20 23:00:00,63.19
2012-05-21 00:00:00,26.89
2012-05-21 01:00:00,17.13
2012-05-21 02:00:00,6.27
2012-05-21 03:00:00,3.99
2012-05-21 04:00:00,4.54
2012-05-21 05:00:00,18.68
2012-05-21 06:00:00,84.31
2012-05-21 07:00:00,183.22
2012-05-21 08:00:00,333.11
2012-05-21 09:00:00,152.51
2012-05-21 10:00:00,108.33
2012-05-21 11:00:00,142.53
2012-05-21 12:00:00,200.87
2012-05-21 13:00:00,126.02
2012-05-21 14:00:00,112.59
2012-05-21 15:00:00,207.03
2012-05-21 16:00:00,354.37
2012-05-21 17:00:00,724.92
2012-05-21 18:00:00,697.58
2012-05-21 19:00:00,505.25
2012-05-21 20:00:00,368.48
2012-05-21 21:00:00,241.79
2012-05-21 22:00:00,146.97
2012-05-21 23:00:00,78.33
2012-05-22 00:00:00,28.23
2012-05-22 01:00:00,15.72
2012-05-22 02:00:00,6.02
2012-05-22 03:00:00,5.39
2012-05-22 04:00:00,4.37
2012-05-22 05:00:00,18.13
2012-05-22 06:00:00,77.94
2012-05-22 07:00:00,191.01
2012-05-22 08:00:00,616.96
2012-05-22 09:00:00,335.54
2012-05-22 10:00:00,176.61
2012-05-22 11:00:00,206.48
2012-05-22 12:00:00,229.8
2012-05-22 13:00:00,220.57
2012-05-22 14:00:00,208.35
2012-05-22 15:00:00,269.03
2012-05-22 16:00:00,401.82
2012-05-22 17:00:00,795.86
2012-05-22 18:00:00,723.38
2012-05-22 19:00:00,508.42
2012-05-22 20:00:00,388.93
2012-05-22 21:00:00,273.86
2012-05-22 22:00:00,165.51
2012-05-22 23:00:00,85.31
2012-05-23 00:00:00,40.68
2012-05-23 01:00:00,14.77
2012-05-23 02:00:00,6.37
2012-05-23 03:00:00,6.48
2012-05-23 04:00:00,4.57
2012-05-23 05:00:00,19.07
2012-05-23 06:00:00,137.42
2012-05-23 07:00:00,404.1
2012-05-23 08:00:00,642.71
2012-05-23 09:00:00,336.86
2012-05-23 10:00:00,176.81
2012-05-23 11:00:00,222.92
2012-05-23 12:00:00,266.95
2012-05-23 13:00:00,242.76
2012-05-23 14:00:00,256.94
2012-05-23 15:00:00,267.17
2012-05-23 16:00:00,355.3
2012-05-23 17:00:00,643.94
2012-05-23 18:00:00,651.83
2012-05-23 19:00:00,377.6
2012-05-23 20:00:00,233.2
2012-05-23 21:00:00,192.55
2012-05-23 22:00:00,176.42
2012-05-23 23:00:00,90.24
2012-05-24 00:00:00,44.55
2012-05-24 01:00:00,19.24
2012-05-24 02:00:00,10.87
2012-05-24 03:00:00,4.34
2012-05-24 04:00:00,4.25
2012-05-24 05:00:00,24.01
2012-05-24 06:00:00,129.02
2012-05-24 07:00:00,398.02
2012-05-24 08:00:00,630.12
2012-05-24 09:00:00,313.38
2012-05-24 10:00:00,188.81
2012-05-24 11:00:00,240.17
2012-05-24 12:00:00,299.57
2012-05-24 13:00:00,298.56
2012-05-24 14:00:00,268.11
2012-05-24 15:00:00,273.68
2012-05-24 16:00:00,387.08
2012-05-24 17:00:00,749.17
2012-05-24 18:00:00,735.54
2012-05-24 19:00:00,537.24
2012-05-24 20:00:00,325.56
2012-05-24 21:00:00,162.09
2012-05-24 22:00:00,204.46
2012-05-24 23:00:00,119.41
2012-05-25 00:00:00,58.39
2012-05-25 01:00:00,38.9
2012-05-25 02:00:00,15.34
2012-05-25 03:00:00,5.54
2012-05-25 04:00:00,5.1
2012-05-25 05:00:00,23.8
2012-05-25 06:00:00,126.36
2012-05-25 07:00:00,371.36
2012-05-25 08:00:00,562.87
2012-05-25 09:00:00,304.3
2012-05-25 10:00:00,210.86
2012-05-25 11:00:00,252.65
2012-05-25 12:00:00,318.42
2012-05-25 13:00:00,322.13
2012-05-25 14:00:00,314.8
2012-05-25 15:00:00,325.24
2012-05-25 16:00:00,456.47
2012-05-25 17:00:00,704.51
2012-05-25 18:00:00,736.2
2012-05-25 19:00:00,487.95
2012-05-25 20:00:00,351.19
2012-05-25 21:00:00,250.35
2012-05-25 22:00:00,212.06
2012-05-25 23:00:00,176.01
2012-05-26 00:00:00,133.23
2012-05-26 01:00:00,98.62
2012-05-26 02:00:00,65.92
2012-05-26 03:00:00,25.2
2012-05-26 04:00:00,11.17
2012-05-26 05:00:00,9.39
2012-05-26 06:00:00,29.62
2012-05-26 07:00:00,72.81
2012-05-26 08:00:00,172.06
2012-05-26 09:00:00,272.32
2012-05-26 10:00:00,430.25
2012-05-26 11:00:00,525.15
2012-05-26 12:00:00,535.36
2012-05-26 13:00:00,538.73
2012-05-26 14:00:00,535.47
2012-05-26 15:00:00,511.95
2012-05-26 16:00:00,560.12
2012-05-26 17:00:00,548.17
2012-05-26 18:00:00,515.99
2012-05-26 19:00:00,440.95
2012-05-26 20:00:00,274.52
2012-05-26 21:00:00,224.16
2012-05-26 22:00:00,209.07
2012-05-26 23:00:00,167.11
2012-05-27 00:00:00,118.19
2012-05-27 01:00:00,103.37
2012-05-27 02:00:00,82.98
2012-05-27 03:00:00,34.21
2012-05-27 04:00:00,9.85
2012-05-27 05:00:00,9.85
2012-05-27 06:00:00,26.13
2012-05-27 07:00:00,68.0
2012-05-27 08:00:00,147.66
2012-05-27 09:00:00,226.47
2012-05-27 10:00:00,384.11
2012-05-27 11:00:00,484.05
2012-05-27 12:00:00,530.61
2012-05-27 13:00:00,547.16
2012-05-27 14:00:00,541.45
2012-05-27 15:00:00,544.4
2012-05-27 16:00:00,557.32
2012-05-27 17:00:00,530.34
2012-05-27 18:00:00,477.74
2012-05-27 19:00:00,378.38
2012-05-27 20:00:00,279.48
2012-05-27 21:00:00,164.58
2012-05-27 22:00:00,120.31
2012-05-27 23:00:00,84.71
2012-05-28 00:00:00,90.19
2012-05-28 01:00:00,50.04
2012-05-28 02:00:00,36.52
2012-05-28 03:00:00,18.01
2012-05-28 04:00:00,14.85
2012-05-28 05:00:00,24.05
2012-05-28 06:00:00,76.88
2012-05-28 07:00:00,279.93
2012-05-28 08:00:00,441.46
2012-05-28 09:00:00,329.84
2012-05-28 10:00:00,244.76
2012-05-28 11:00:00,265.83
2012-05-28 12:00:00,297.62
2012-05-28 13:00:00,275.21
2012-05-28 14:00:00,274.41
2012-05-28 15:00:00,276.44
2012-05-28 16:00:00,391.13
2012-05-28 17:00:00,729.11
2012-05-28 18:00:00,719.29
2012-05-28 19:00:00,535.24
2012-05-28 20:00:00,348.05
2012-05-28 21:00:00,303.31
2012-05-28 22:00:00,244.03
2012-05-28 23:00:00,108.41
2012-05-29 00:00:00,32.83
2012-05-29 01:00:00,16.5
2012-05-29 02:00:00,9.42
2012-05-29 03:00:00,6.5
2012-05-29 04:00:00,6.02
2012-05-29 05:00:00,26.34
2012-05-29 06:00:00,140.97
2012-05-29 07:00:00,425.18
2012-05-29 08:00:00,641.12
2012-05-29 09:00:00,333.58
2012-05-29 10:00:00,193.84
2012-05-29 11:00:00,251.16
2012-05-29 12:00:00,278.98
2012-05-29 13:00:00,270.32
2012-05-29 14:00:00,259.42
2012-05-29 15:00:00,264.49
2012-05-29 16:00:00,377.6
2012-05-29 17:00:00,702.8
2012-05-29 18:00:00,693.26
2012-05-29 19:00:00,533.53
2012-05-29 20:00:00,277.44
2012-05-29 21:00:00,124.03
2012-05-29 22:00:00,135.68
2012-05-29 23:00:00,49.99
2012-05-30 00:00:00,33.64
2012-05-30 01:00:00,15.16
2012-05-30 02:00:00,7.51
2012-05-30 03:00:00,3.47
2012-05-30 04:00:00,4.03
2012-05-30 05:00:00,24.46
2012-05-30 06:00:00,130.41
2012-05-30 07:00:00,188.35
2012-05-30 08:00:00,640.0
2012-05-30 09:00:00,337.02
2012-05-30 10:00:00,170.63
2012-05-30 11:00:00,231.47
2012-05-30 12:00:00,307.01
2012-05-30 13:00:00,292.15
2012-05-30 14:00:00,278.69
2012-05-30 15:00:00,279.38
2012-05-30 16:00:00,393.53
2012-05-30 17:00:00,741.11
2012-05-30 18:00:00,812.06
2012-05-30 19:00:00,522.19
2012-05-30 20:00:00,301.59
2012-05-30 21:00:00,265.98
2012-05-30 22:00:00,193.76
2012-05-30 23:00:00,92.01
2012-05-31 00:00:00,45.27
2012-05-31 01:00:00,22.23
2012-05-31 02:00:00,8.5
2012-05-31 03:00:00,5.61
2012-05-31 04:00:00,5.94
2012-05-31 05:00:00,26.61
2012-05-31 06:00:00,138.49
2012-05-31 07:00:00,430.16
2012-05-31 08:00:00,639.96
2012-05-31 09:00:00,339.82
2012-05-31 10:00:00,208.92
2012-05-31 11:00:00,253.43
2012-05-31 12:00:00,300.01
2012-05-31 13:00:00,295.99
2012-05-31 14:00:00,262.99
2012-05-31 15:00:00,267.24
2012-05-31 16:00:00,384.42
2012-05-31 17:00:00,791.73
2012-05-31 18:00:00,777.07
2012-05-31 19:00:00,501.6
2012-05-31 20:00:00,359.29
2012-05-31 21:00:00,251.83
2012-05-31 22:00:00,216.58
2012-05-31 23:00:00,127.46
2012-06-20 00:00:00,35.77
2012-06-20 01:00:00,17.33
2012-06-20 02:00:00,7.47
2012-06-20 03:00:00,5.37
2012-06-20 04:00:00,6.06
2012-06-20 05:00:00,29.28
2012-06-20 06:00:00,136.12
2012-06-20 07:00:00,369.75
2012-06-20 08:00:00,589.8
2012-06-20 09:00:00,337.98
2012-06-20 10:00:00,211.18
2012-06-20 11:00:00,264.7
2012-06-20 12:00:00,308.14
2012-06-20 13:00:00,303.22
2012-06-20 14:00:00,276.17
2012-06-20 15:00:00,272.66
2012-06-20 16:00:00,414.07
2012-06-20 17:00:00,803.98
2012-06-20 18:00:00,799.01
2012-06-20 19:00:00,523.95
2012-06-20 20:00:00,366.7
2012-06-20 21:00:00,261.01
2012-06-20 22:00:00,198.84
2012-06-20 23:00:00,101.26
2012-06-21 00:00:00,44.75
2012-06-21 01:00:00,17.39
2012-06-21 02:00:00,9.15
2012-06-21 03:00:00,5.67
2012-06-21 04:00:00,5.94
2012-06-21 05:00:00,28.48
2012-06-21 06:00:00,134.68
2012-06-21 07:00:00,395.83
2012-06-21 08:00:00,640.54
2012-06-21 09:00:00,342.74
2012-06-21 10:00:00,207.27
2012-06-21 11:00:00,272.34
2012-06-21 12:00:00,294.73
2012-06-21 13:00:00,289.02
2012-06-21 14:00:00,274.58
2012-06-21 15:00:00,280.43
2012-06-21 16:00:00,412.45
2012-06-21 17:00:00,791.61
2012-06-21 18:00:00,789.2
2012-06-21 19:00:00,512.97
2012-06-21 20:00:00,360.43
2012-06-21 21:00:00,248.51
2012-06-21 22:00:00,216.07
2012-06-21 23:00:00,139.58
2012-06-22 00:00:00,55.32
2012-06-22 01:00:00,35.9
2012-06-22 02:00:00,21.02
2012-06-22 03:00:00,7.13
2012-06-22 04:00:00,6.4
2012-06-22 05:00:00,23.36
2012-06-22 06:00:00,127.05
2012-06-22 07:00:00,399.63
2012-06-22 08:00:00,629.66
2012-06-22 09:00:00,332.5
2012-06-22 10:00:00,218.23
2012-06-22 11:00:00,275.6
2012-06-22 12:00:00,320.48
2012-06-22 13:00:00,308.14
2012-06-22 14:00:00,307.45
2012-06-22 15:00:00,331.69
2012-06-22 16:00:00,455.65
2012-06-22 17:00:00,743.14
2012-06-22 18:00:00,737.9
2012-06-22 19:00:00,462.6
2012-06-22 20:00:00,286.59
2012-06-22 21:00:00,155.61
2012-06-22 22:00:00,214.42
2012-06-22 23:00:00,179.7
2012-06-23 00:00:00,128.62
2012-06-23 01:00:00,93.15
2012-06-23 02:00:00,64.38
2012-06-23 03:00:00,27.37
2012-06-23 04:00:00,9.64
2012-06-23 05:00:00,9.22
2012-06-23 06:00:00,34.34
2012-06-23 07:00:00,77.52
2012-06-23 08:00:00,170.61
2012-06-23 09:00:00,276.42
2012-06-23 10:00:00,438.37
2012-06-23 11:00:00,532.04
2012-06-23 12:00:00,561.07
2012-06-23 13:00:00,595.33
2012-06-23 14:00:00,580.01
2012-06-23 15:00:00,565.45
2012-06-23 16:00:00,567.02
2012-06-23 17:00:00,526.42
2012-06-23 18:00:00,489.9
2012-06-23 19:00:00,442.91
2012-06-23 20:00:00,290.45
2012-06-23 21:00:00,252.47
2012-06-23 22:00:00,219.12
2012-06-23 23:00:00,182.33
2012-06-24 00:00:00,116.43
2012-06-24 01:00:00,87.26
2012-06-24 02:00:00,72.7
2012-06-24 03:00:00,31.4
2012-06-24 04:00:00,9.49
2012-06-24 05:00:00,11.3
2012-06-24 06:00:00,25.11
2012-06-24 07:00:00,68.46
2012-06-24 08:00:00,148.95
2012-06-24 09:00:00,232.96
2012-06-24 10:00:00,416.42
2012-06-24 11:00:00,518.78
2012-06-24 12:00:00,560.86
2012-06-24 13:00:00,561.41
2012-06-24 14:00:00,543.55
2012-06-24 15:00:00,557.7
2012-06-24 16:00:00,560.37
2012-06-24 17:00:00,551.65
2012-06-24 18:00:00,491.46
2012-06-24 19:00:00,372.92
2012-06-24 20:00:00,282.73
2012-06-24 21:00:00,209.85
2012-06-24 22:00:00,167.19
2012-06-24 23:00:00,79.61
2012-06-25 00:00:00,36.45
2012-06-25 01:00:00,17.37
2012-06-25 02:00:00,9.16
2012-06-25 03:00:00,6.52
2012-06-25 04:00:00,5.98
2012-06-25 05:00:00,25.62
2012-06-25 06:00:00,138.68
2012-06-25 07:00:00,431.87
2012-06-25 08:00:00,595.42
2012-06-25 09:00:00,333.76
2012-06-25 10:00:00,208.09
2012-06-25 11:00:00,252.34
2012-06-25 12:00:00,268.03
2012-06-25 13:00:00,272.28
2012-06-25 14:00:00,264.16
2012-06-25 15:00:00,268.82
2012-06-25 16:00:00,385.33
2012-06-25 17:00:00,695.32
2012-06-25 18:00:00,687.44
2012-06-25 19:00:00,527.56
2012-06-25 20:00:00,351.87
2012-06-25 21:00:00,245.07
2012-06-25 22:00:00,128.36
2012-06-25 23:00:00,90.93
2012-06-26 00:00:00,34.25
2012-06-26 01:00:00,13.52
2012-06-26 02:00:00,8.2
2012-06-26 03:00:00,4.52
2012-06-26 04:00:00,4.82
2012-06-26 05:00:00,27.62
2012-06-26 06:00:00,149.25
2012-06-26 07:00:00,421.02
2012-06-26 08:00:00,627.62
2012-06-26 09:00:00,344.83
2012-06-26 10:00:00,207.77
2012-06-26 11:00:00,239.16
2012-06-26 12:00:00,266.34
2012-06-26 13:00:00,268.75
2012-06-26 14:00:00,258.34
2012-06-26 15:00:00,277.06
2012-06-26 16:00:00,393.68
2012-06-26 17:00:00,714.63
2012-06-26 18:00:00,734.74
2012-06-26 19:00:00,510.41
2012-06-26 20:00:00,367.62
2012-06-26 21:00:00,258.94
2012-06-26 22:00:00,178.86
2012-06-26 23:00:00,91.58
2012-06-27 00:00:00,38.92
2012-06-27 01:00:00,14.42
2012-06-27 02:00:00,8.87
2012-06-27 03:00:00,4.9
2012-06-27 04:00:00,6.08
2012-06-27 05:00:00,29.3
2012-06-27 06:00:00,143.51
2012-06-27 07:00:00,428.55
2012-06-27 08:00:00,633.02
2012-06-27 09:00:00,345.18
2012-06-27 10:00:00,212.13
2012-06-27 11:00:00,256.57
2012-06-27 12:00:00,274.4
2012-06-27 13:00:00,267.67
2012-06-27 14:00:00,268.06
2012-06-27 15:00:00,279.96
2012-06-27 16:00:00,400.84
2012-06-27 17:00:00,716.69
2012-06-27 18:00:00,755.16
2012-06-27 19:00:00,533.88
2012-06-27 20:00:00,361.69
2012-06-27 21:00:00,264.89
2012-06-27 22:00:00,193.49
2012-06-27 23:00:00,94.28
2012-06-28 00:00:00,49.75
2012-06-28 01:00:00,21.84
2012-06-28 02:00:00,9.86
2012-06-28 03:00:00,5.66
2012-06-28 04:00:00,5.64
2012-06-28 05:00:00,28.73
2012-06-28 06:00:00,141.87
2012-06-28 07:00:00,407.61
2012-06-28 08:00:00,633.66
2012-06-28 09:00:00,342.43
2012-06-28 10:00:00,195.64
2012-06-28 11:00:00,265.09
2012-06-28 12:00:00,282.04
2012-06-28 13:00:00,285.53
2012-06-28 14:00:00,271.3
2012-06-28 15:00:00,287.9
2012-06-28 16:00:00,413.5
2012-06-28 17:00:00,789.89
2012-06-28 18:00:00,789.1
2012-06-28 19:00:00,526.94
2012-06-28 20:00:00,359.99
2012-06-28 21:00:00,244.21
2012-06-28 22:00:00,211.49
2012-06-28 23:00:00,124.18
2012-06-29 00:00:00,59.06
2012-06-29 01:00:00,36.44
2012-06-29 02:00:00,16.05
2012-06-29 03:00:00,8.66
2012-06-29 04:00:00,6.84
2012-06-29 05:00:00,28.04
2012-06-29 06:00:00,125.69
2012-06-29 07:00:00,399.23
2012-06-29 08:00:00,587.0
2012-06-29 09:00:00,333.43
2012-06-29 10:00:00,232.3
2012-06-29 11:00:00,261.96
2012-06-29 12:00:00,299.84
2012-06-29 13:00:00,313.48
2012-06-29 14:00:00,305.19
2012-06-29 15:00:00,314.34
2012-06-29 16:00:00,454.31
2012-06-29 17:00:00,752.24
2012-06-29 18:00:00,728.64
2012-06-29 19:00:00,471.63
2012-06-29 20:00:00,339.12
2012-06-29 21:00:00,220.31
2012-06-29 22:00:00,178.02
2012-06-29 23:00:00,140.52
2012-06-30 00:00:00,121.5
2012-06-30 01:00:00,93.43
2012-06-30 02:00:00,63.7
2012-06-30 03:00:00,30.22
2012-06-30 04:00:00,10.48
2012-06-30 05:00:00,9.48
2012-06-30 06:00:00,31.01
2012-06-30 07:00:00,76.95
2012-06-30 08:00:00,167.16
2012-06-30 09:00:00,253.01
2012-06-30 10:00:00,424.5
2012-06-30 11:00:00,549.23
2012-06-30 12:00:00,574.14
2012-06-30 13:00:00,585.37
2012-06-30 14:00:00,579.01
2012-06-30 15:00:00,577.99
2012-06-30 16:00:00,585.1
2012-06-30 17:00:00,582.23
2012-06-30 18:00:00,524.42
2012-06-30 19:00:00,446.99
2012-06-30 20:00:00,294.37
2012-06-30 21:00:00,237.47
2012-06-30 22:00:00,223.93
2012-06-30 23:00:00,195.13
2012-07-20 00:00:00,43.4
2012-07-20 01:00:00,35.16
2012-07-20 02:00:00,13.79
2012-07-20 03:00:00,5.81
2012-07-20 04:00:00,5.93
2012-07-20 05:00:00,23.57
2012-07-20 06:00:00,124.35
2012-07-20 07:00:00,369.37
2012-07-20 08:00:00,632.39
2012-07-20 09:00:00,316.27
2012-07-20 10:00:00,210.31
2012-07-20 11:00:00,229.48
2012-07-20 12:00:00,224.55
2012-07-20 13:00:00,226.59
2012-07-20 14:00:00,212.25
2012-07-20 15:00:00,256.87
2012-07-20 16:00:00,334.86
2012-07-20 17:00:00,367.05
2012-07-20 18:00:00,524.71
2012-07-20 19:00:00,370.36
2012-07-20 20:00:00,159.59
2012-07-20 21:00:00,152.39
2012-07-20 22:00:00,205.21
2012-07-20 23:00:00,159.68
2012-07-21 00:00:00,111.4
2012-07-21 01:00:00,97.27
2012-07-21 02:00:00,69.02
2012-07-21 03:00:00,28.6
2012-07-21 04:00:00,8.27
2012-07-21 05:00:00,9.2
2012-07-21 06:00:00,31.93
2012-07-21 07:00:00,70.35
2012-07-21 08:00:00,181.08
2012-07-21 09:00:00,269.62
2012-07-21 10:00:00,401.55
2012-07-21 11:00:00,498.16
2012-07-21 12:00:00,547.69
2012-07-21 13:00:00,549.06
2012-07-21 14:00:00,558.18
2012-07-21 15:00:00,544.33
2012-07-21 16:00:00,418.93
2012-07-21 17:00:00,387.07
2012-07-21 18:00:00,381.93
2012-07-21 19:00:00,335.43
2012-07-21 20:00:00,184.87
2012-07-21 21:00:00,168.11
2012-07-21 22:00:00,169.37
2012-07-21 23:00:00,171.99
2012-07-22 00:00:00,120.21
2012-07-22 01:00:00,99.09
2012-07-22 02:00:00,69.16
2012-07-22 03:00:00,28.45
2012-07-22 04:00:00,11.03
2012-07-22 05:00:00,17.75
2012-07-22 06:00:00,33.93
2012-07-22 07:00:00,59.95
2012-07-22 08:00:00,141.59
2012-07-22 09:00:00,220.79
2012-07-22 10:00:00,399.51
2012-07-22 11:00:00,491.78
2012-07-22 12:00:00,537.39
2012-07-22 13:00:00,548.63
2012-07-22 14:00:00,532.11
2012-07-22 15:00:00,535.93
2012-07-22 16:00:00,567.37
2012-07-22 17:00:00,530.21
2012-07-22 18:00:00,486.56
2012-07-22 19:00:00,383.24
2012-07-22 20:00:00,274.94
2012-07-22 21:00:00,200.02
2012-07-22 22:00:00,169.88
2012-07-22 23:00:00,89.63
2012-07-23 00:00:00,31.21
2012-07-23 01:00:00,15.29
2012-07-23 02:00:00,7.57
2012-07-23 03:00:00,4.08
2012-07-23 04:00:00,4.36
2012-07-23 05:00:00,18.3
2012-07-23 06:00:00,133.03
2012-07-23 07:00:00,398.87
2012-07-23 08:00:00,548.31
2012-07-23 09:00:00,338.92
2012-07-23 10:00:00,203.17
2012-07-23 11:00:00,255.15
2012-07-23 12:00:00,288.87
2012-07-23 13:00:00,283.6
2012-07-23 14:00:00,267.92
2012-07-23 15:00:00,281.52
2012-07-23 16:00:00,413.43
2012-07-23 17:00:00,731.57
2012-07-23 18:00:00,722.58
2012-07-23 19:00:00,521.55
2012-07-23 20:00:00,344.91
2012-07-23 21:00:00,230.01
2012-07-23 22:00:00,165.65
2012-07-23 23:00:00,84.3
2012-07-24 00:00:00,40.18
2012-07-24 01:00:00,16.13
2012-07-24 02:00:00,7.83
2012-07-24 03:00:00,6.24
2012-07-24 04:00:00,7.07
2012-07-24 05:00:00,27.01
2012-07-24 06:00:00,140.35
2012-07-24 07:00:00,411.96
2012-07-24 08:00:00,641.12
2012-07-24 09:00:00,350.75
2012-07-24 10:00:00,202.11
2012-07-24 11:00:00,243.49
2012-07-24 12:00:00,273.41
2012-07-24 13:00:00,260.53
2012-07-24 14:00:00,255.76
2012-07-24 15:00:00,264.24
2012-07-24 16:00:00,373.97
2012-07-24 17:00:00,763.33
2012-07-24 18:00:00,738.6
2012-07-24 19:00:00,516.73
2012-07-24 20:00:00,384.71
2012-07-24 21:00:00,244.63
2012-07-24 22:00:00,173.71
2012-07-24 23:00:00,83.09
2012-07-25 00:00:00,40.2
2012-07-25 01:00:00,16.56
2012-07-25 02:00:00,6.71
2012-07-25 03:00:00,6.63
2012-07-25 04:00:00,6.39
2012-07-25 05:00:00,27.39
2012-07-25 06:00:00,137.56
2012-07-25 07:00:00,424.84
2012-07-25 08:00:00,642.31
2012-07-25 09:00:00,353.94
2012-07-25 10:00:00,213.09
2012-07-25 11:00:00,265.0
2012-07-25 12:00:00,298.23
2012-07-25 13:00:00,292.67
2012-07-25 14:00:00,272.69
2012-07-25 15:00:00,275.29
2012-07-25 16:00:00,400.7
2012-07-25 17:00:00,802.7
2012-07-25 18:00:00,756.0
2012-07-25 19:00:00,506.32
2012-07-25 20:00:00,355.47
2012-07-25 21:00:00,262.94
2012-07-25 22:00:00,196.77
2012-07-25 23:00:00,101.88
2012-07-26 00:00:00,49.35
2012-07-26 01:00:00,22.54
2012-07-26 02:00:00,7.55
2012-07-26 03:00:00,6.91
2012-07-26 04:00:00,6.48
2012-07-26 05:00:00,25.87
2012-07-26 06:00:00,137.89
2012-07-26 07:00:00,430.08
2012-07-26 08:00:00,639.64
2012-07-26 09:00:00,329.42
2012-07-26 10:00:00,191.44
2012-07-26 11:00:00,252.52
2012-07-26 12:00:00,287.45
2012-07-26 13:00:00,278.68
2012-07-26 14:00:00,262.65
2012-07-26 15:00:00,271.03
2012-07-26 16:00:00,396.07
2012-07-26 17:00:00,697.59
2012-07-26 18:00:00,707.87
2012-07-26 19:00:00,531.19
2012-07-26 20:00:00,370.88
2012-07-26 21:00:00,208.96
2012-07-26 22:00:00,165.45
2012-07-26 23:00:00,127.12
2012-07-27 00:00:00,60.51
2012-07-27 01:00:00,39.73
2012-07-27 02:00:00,21.68
2012-07-27 03:00:00,8.35
2012-07-27 04:00:00,8.48
2012-07-27 05:00:00,25.43
2012-07-27 06:00:00,132.9
2012-07-27 07:00:00,404.18
2012-07-27 08:00:00,516.21
2012-07-27 09:00:00,332.08
2012-07-27 10:00:00,221.59
2012-07-27 11:00:00,267.27
2012-07-27 12:00:00,304.43
2012-07-27 13:00:00,303.4
2012-07-27 14:00:00,308.16
2012-07-27 15:00:00,316.71
2012-07-27 16:00:00,450.93
2012-07-27 17:00:00,700.23
2012-07-27 18:00:00,729.33
2012-07-27 19:00:00,471.58
2012-07-27 20:00:00,324.57
2012-07-27 21:00:00,257.17
2012-07-27 22:00:00,220.77
2012-07-27 23:00:00,183.48
2012-07-28 00:00:00,125.07
2012-07-28 01:00:00,88.67
2012-07-28 02:00:00,68.58
2012-07-28 03:00:00,28.75
2012-07-28 04:00:00,9.61
2012-07-28 05:00:00,11.89
2012-07-28 06:00:00,33.37
2012-07-28 07:00:00,78.93
2012-07-28 08:00:00,175.64
2012-07-28 09:00:00,274.94
2012-07-28 10:00:00,436.51
2012-07-28 11:00:00,540.7
2012-07-28 12:00:00,565.23
2012-07-28 13:00:00,552.39
2012-07-28 14:00:00,565.76
2012-07-28 15:00:00,571.88
2012-07-28 16:00:00,568.52
2012-07-28 17:00:00,561.8
2012-07-28 18:00:00,504.78
2012-07-28 19:00:00,350.68
2012-07-28 20:00:00,242.4
2012-07-28 21:00:00,251.68
2012-07-28 22:00:00,215.47
2012-07-28 23:00:00,197.24
2012-07-29 00:00:00,120.28
2012-07-29 01:00:00,92.15
2012-07-29 02:00:00,76.0
2012-07-29 03:00:00,37.8
2012-07-29 04:00:00,10.07
2012-07-29 05:00:00,9.87
2012-07-29 06:00:00,26.72
2012-07-29 07:00:00,68.21
2012-07-29 08:00:00,147.92
2012-07-29 09:00:00,239.8
2012-07-29 10:00:00,404.82
2012-07-29 11:00:00,496.34
2012-07-29 12:00:00,529.06
2012-07-29 13:00:00,557.46
2012-07-29 14:00:00,547.62
2012-07-29 15:00:00,549.65
2012-07-29 16:00:00,571.55
2012-07-29 17:00:00,556.71
2012-07-29 18:00:00,478.99
2012-07-29 19:00:00,377.37
2012-07-29 20:00:00,285.39
2012-07-29 21:00:00,204.6
2012-07-29 22:00:00,167.39
2012-07-29 23:00:00,92.6
2012-07-30 00:00:00,42.03
2012-07-30 01:00:00,26.07
2012-07-30 02:00:00,10.12
2012-07-30 03:00:00,5.48
2012-07-30 04:00:00,6.09
2012-07-30 05:00:00,26.87
2012-07-30 06:00:00,139.0
2012-07-30 07:00:00,404.81
2012-07-30 08:00:00,553.68
2012-07-30 09:00:00,331.81
2012-07-30 10:00:00,191.01
2012-07-30 11:00:00,261.21
2012-07-30 12:00:00,292.88
2012-07-30 13:00:00,297.57
2012-07-30 14:00:00,268.57
2012-07-30 15:00:00,268.99
2012-07-30 16:00:00,379.83
2012-07-30 17:00:00,750.07
2012-07-30 18:00:00,679.53
2012-07-30 19:00:00,515.35
2012-07-30 20:00:00,385.5
2012-07-30 21:00:00,233.91
2012-07-30 22:00:00,136.65
2012-07-30 23:00:00,87.73
2012-07-31 00:00:00,31.18
2012-07-31 01:00:00,15.38
2012-07-31 02:00:00,8.28
2012-07-31 03:00:00,6.57
2012-07-31 04:00:00,7.07
2012-07-31 05:00:00,26.27
2012-07-31 06:00:00,139.86
2012-07-31 07:00:00,418.99
2012-07-31 08:00:00,630.87
2012-07-31 09:00:00,343.69
2012-07-31 10:00:00,206.67
2012-07-31 11:00:00,262.67
2012-07-31 12:00:00,297.77
2012-07-31 13:00:00,276.26
2012-07-31 14:00:00,263.57
2012-07-31 15:00:00,285.1
2012-07-31 16:00:00,373.33
2012-07-31 17:00:00,800.0
2012-07-31 18:00:00,767.15
2012-07-31 19:00:00,433.83
2012-07-31 20:00:00,277.19
2012-07-31 21:00:00,239.92
2012-07-31 22:00:00,161.13
2012-07-31 23:00:00,83.34
2012-08-20 00:00:00,31.9
2012-08-20 01:00:00,13.11
2012-08-20 02:00:00,5.96
2012-08-20 03:00:00,6.44
2012-08-20 04:00:00,6.58
2012-08-20 05:00:00,22.2
2012-08-20 06:00:00,127.09
2012-08-20 07:00:00,399.34
2012-08-20 08:00:00,552.02
2012-08-20 09:00:00,328.79
2012-08-20 10:00:00,190.49
2012-08-20 11:00:00,240.86
2012-08-20 12:00:00,282.19
2012-08-20 13:00:00,295.58
2012-08-20 14:00:00,276.44
2012-08-20 15:00:00,268.78
2012-08-20 16:00:00,380.14
2012-08-20 17:00:00,748.06
2012-08-20 18:00:00,555.5
2012-08-20 19:00:00,431.18
2012-08-20 20:00:00,219.66
2012-08-20 21:00:00,176.13
2012-08-20 22:00:00,145.06
2012-08-20 23:00:00,73.58
2012-08-21 00:00:00,30.09
2012-08-21 01:00:00,13.47
2012-08-21 02:00:00,4.61
2012-08-21 03:00:00,5.7
2012-08-21 04:00:00,6.27
2012-08-21 05:00:00,26.01
2012-08-21 06:00:00,139.67
2012-08-21 07:00:00,406.65
2012-08-21 08:00:00,626.75
2012-08-21 09:00:00,334.19
2012-08-21 10:00:00,202.13
2012-08-21 11:00:00,257.71
2012-08-21 12:00:00,302.04
2012-08-21 13:00:00,301.64
2012-08-21 14:00:00,259.14
2012-08-21 15:00:00,271.32
2012-08-21 16:00:00,392.27
2012-08-21 17:00:00,779.94
2012-08-21 18:00:00,804.63
2012-08-21 19:00:00,396.44
2012-08-21 20:00:00,380.41
2012-08-21 21:00:00,237.58
2012-08-21 22:00:00,163.37
2012-08-21 23:00:00,81.65
2012-08-22 00:00:00,35.42
2012-08-22 01:00:00,13.69
2012-08-22 02:00:00,7.93
2012-08-22 03:00:00,6.22
2012-08-22 04:00:00,7.14
2012-08-22 05:00:00,27.75
2012-08-22 06:00:00,137.14
2012-08-22 07:00:00,400.99
2012-08-22 08:00:00,516.32
2012-08-22 09:00:00,340.04
2012-08-22 10:00:00,207.87
2012-08-22 11:00:00,259.39
2012-08-22 12:00:00,293.8
2012-08-22 13:00:00,302.88
2012-08-22 14:00:00,277.66
2012-08-22 15:00:00,282.48
2012-08-22 16:00:00,327.64
2012-08-22 17:00:00,735.36
2012-08-22 18:00:00,705.2
2012-08-22 19:00:00,441.43
2012-08-22 20:00:00,384.41
2012-08-22 21:00:00,238.47
2012-08-22 22:00:00,185.2
2012-08-22 23:00:00,88.48
2012-08-23 00:00:00,47.03
2012-08-23 01:00:00,15.81
2012-08-23 02:00:00,7.11
2012-08-23 03:00:00,6.72
2012-08-23 04:00:00,6.61
2012-08-23 05:00:00,26.07
2012-08-23 06:00:00,132.67
2012-08-23 07:00:00,397.05
2012-08-23 08:00:00,517.0
2012-08-23 09:00:00,327.25
2012-08-23 10:00:00,210.17
2012-08-23 11:00:00,265.93
2012-08-23 12:00:00,308.32
2012-08-23 13:00:00,298.39
2012-08-23 14:00:00,266.15
2012-08-23 15:00:00,281.6
2012-08-23 16:00:00,394.41
2012-08-23 17:00:00,789.06
2012-08-23 18:00:00,794.87
2012-08-23 19:00:00,502.7
2012-08-23 20:00:00,350.49
2012-08-23 21:00:00,257.57
2012-08-23 22:00:00,199.82
2012-08-23 23:00:00,120.56
2012-08-24 00:00:00,60.93
2012-08-24 01:00:00,33.42
2012-08-24 02:00:00,20.14
2012-08-24 03:00:00,8.38
2012-08-24 04:00:00,7.31
2012-08-24 05:00:00,23.62
2012-08-24 06:00:00,122.87
2012-08-24 07:00:00,392.72
2012-08-24 08:00:00,634.65
2012-08-24 09:00:00,332.84
2012-08-24 10:00:00,224.19
2012-08-24 11:00:00,273.28
2012-08-24 12:00:00,312.1
2012-08-24 13:00:00,311.7
2012-08-24 14:00:00,316.35
2012-08-24 15:00:00,318.64
2012-08-24 16:00:00,460.0
2012-08-24 17:00:00,763.03
2012-08-24 18:00:00,738.81
2012-08-24 19:00:00,457.29
2012-08-24 20:00:00,311.53
2012-08-24 21:00:00,217.91
2012-08-24 22:00:00,207.18
2012-08-24 23:00:00,189.41
2012-08-25 00:00:00,118.58
2012-08-25 01:00:00,88.52
2012-08-25 02:00:00,70.88
2012-08-25 03:00:00,28.61
2012-08-25 04:00:00,9.95
2012-08-25 05:00:00,11.57
2012-08-25 06:00:00,33.36
2012-08-25 07:00:00,70.65
2012-08-25 08:00:00,178.55
2012-08-25 09:00:00,279.47
2012-08-25 10:00:00,418.12
2012-08-25 11:00:00,501.53
2012-08-25 12:00:00,511.71
2012-08-25 13:00:00,532.78
2012-08-25 14:00:00,524.96
2012-08-25 15:00:00,539.95
2012-08-25 16:00:00,481.48
2012-08-25 17:00:00,467.2
2012-08-25 18:00:00,456.25
2012-08-25 19:00:00,380.45
2012-08-25 20:00:00,160.06
2012-08-25 21:00:00,188.65
2012-08-25 22:00:00,164.69
2012-08-25 23:00:00,155.83
2012-08-26 00:00:00,113.14
2012-08-26 01:00:00,89.01
2012-08-26 02:00:00,69.2
2012-08-26 03:00:00,32.55
2012-08-26 04:00:00,7.71
2012-08-26 05:00:00,7.89
2012-08-26 06:00:00,20.73
2012-08-26 07:00:00,60.94
2012-08-26 08:00:00,143.91
2012-08-26 09:00:00,233.42
2012-08-26 10:00:00,388.32
2012-08-26 11:00:00,482.66
2012-08-26 12:00:00,499.71
2012-08-26 13:00:00,525.37
2012-08-26 14:00:00,530.56
2012-08-26 15:00:00,520.02
2012-08-26 16:00:00,377.53
2012-08-26 17:00:00,398.03
2012-08-26 18:00:00,368.3
2012-08-26 19:00:00,304.5
2012-08-26 20:00:00,220.11
2012-08-26 21:00:00,175.77
2012-08-26 22:00:00,152.53
2012-08-26 23:00:00,92.4
2012-08-27 00:00:00,33.09
2012-08-27 01:00:00,13.28
2012-08-27 02:00:00,5.93
2012-08-27 03:00:00,5.76
2012-08-27 04:00:00,5.7
2012-08-27 05:00:00,25.73
2012-08-27 06:00:00,138.21
2012-08-27 07:00:00,399.83
2012-08-27 08:00:00,486.39
2012-08-27 09:00:00,334.1
2012-08-27 10:00:00,208.86
2012-08-27 11:00:00,255.91
2012-08-27 12:00:00,298.49
2012-08-27 13:00:00,302.18
2012-08-27 14:00:00,273.48
2012-08-27 15:00:00,275.36
2012-08-27 16:00:00,376.64
2012-08-27 17:00:00,779.84
2012-08-27 18:00:00,789.25
2012-08-27 19:00:00,513.72
2012-08-27 20:00:00,379.66
2012-08-27 21:00:00,238.09
2012-08-27 22:00:00,144.46
2012-08-27 23:00:00,80.81
2012-08-28 00:00:00,28.41
2012-08-28 01:00:00,15.67
2012-08-28 02:00:00,6.92
2012-08-28 03:00:00,4.0
2012-08-28 04:00:00,5.54
2012-08-28 05:00:00,22.27
2012-08-28 06:00:00,127.55
2012-08-28 07:00:00,398.33
2012-08-28 08:00:00,584.65
2012-08-28 09:00:00,341.23
2012-08-28 10:00:00,202.15
2012-08-28 11:00:00,259.16
2012-08-28 12:00:00,272.88
2012-08-28 13:00:00,270.75
2012-08-28 14:00:00,257.56
2012-08-28 15:00:00,262.37
2012-08-28 16:00:00,374.86
2012-08-28 17:00:00,717.04
2012-08-28 18:00:00,775.89
2012-08-28 19:00:00,509.88
2012-08-28 20:00:00,343.97
2012-08-28 21:00:00,253.23
2012-08-28 22:00:00,184.73
2012-08-28 23:00:00,90.8
2012-08-29 00:00:00,38.47
2012-08-29 01:00:00,17.76
2012-08-29 02:00:00,6.46
2012-08-29 03:00:00,6.73
2012-08-29 04:00:00,6.55
2012-08-29 05:00:00,26.61
2012-08-29 06:00:00,137.57
2012-08-29 07:00:00,407.33
2012-08-29 08:00:00,643.87
2012-08-29 09:00:00,353.82
2012-08-29 10:00:00,200.99
2012-08-29 11:00:00,261.45
2012-08-29 12:00:00,314.39
2012-08-29 13:00:00,304.96
2012-08-29 14:00:00,276.12
2012-08-29 15:00:00,279.86
2012-08-29 16:00:00,415.89
2012-08-29 17:00:00,801.12
2012-08-29 18:00:00,804.11
2012-08-29 19:00:00,525.23
2012-08-29 20:00:00,344.34
2012-08-29 21:00:00,259.16
2012-08-29 22:00:00,200.19
2012-08-29 23:00:00,99.47
2012-08-30 00:00:00,46.66
2012-08-30 01:00:00,22.27
2012-08-30 02:00:00,6.73
2012-08-30 03:00:00,7.17
2012-08-30 04:00:00,7.33
2012-08-30 05:00:00,26.18
2012-08-30 06:00:00,137.14
2012-08-30 07:00:00,406.82
2012-08-30 08:00:00,640.44
2012-08-30 09:00:00,340.73
2012-08-30 10:00:00,204.92
2012-08-30 11:00:00,268.25
2012-08-30 12:00:00,308.69
2012-08-30 13:00:00,299.56
2012-08-30 14:00:00,277.93
2012-08-30 15:00:00,280.92
2012-08-30 16:00:00,396.05
2012-08-30 17:00:00,790.27
2012-08-30 18:00:00,734.23
2012-08-30 19:00:00,504.42
2012-08-30 20:00:00,349.35
2012-08-30 21:00:00,256.65
2012-08-30 22:00:00,210.16
2012-08-30 23:00:00,131.06
2012-08-31 00:00:00,58.74
2012-08-31 01:00:00,32.86
2012-08-31 02:00:00,13.27
2012-08-31 03:00:00,6.6
2012-08-31 04:00:00,6.51
2012-08-31 05:00:00,26.6
2012-08-31 06:00:00,120.89
2012-08-31 07:00:00,363.57
2012-08-31 08:00:00,634.4
2012-08-31 09:00:00,316.76
2012-08-31 10:00:00,234.09
2012-08-31 11:00:00,329.31
2012-08-31 12:00:00,347.74
2012-08-31 13:00:00,358.32
2012-08-31 14:00:00,355.29
2012-08-31 15:00:00,393.82
2012-08-31 16:00:00,461.05
2012-08-31 17:00:00,749.18
2012-08-31 18:00:00,722.46
2012-08-31 19:00:00,461.92
2012-08-31 20:00:00,326.3
2012-08-31 21:00:00,235.29
2012-08-31 22:00:00,215.8
2012-08-31 23:00:00,184.68
2012-09-20 00:00:00,44.2
2012-09-20 01:00:00,42.39
2012-09-20 02:00:00,12.01
2012-09-20 03:00:00,9.55
2012-09-20 04:00:00,9.73
2012-09-20 05:00:00,26.77
2012-09-20 06:00:00,135.12
2012-09-20 07:00:00,373.97
2012-09-20 08:00:00,518.32
2012-09-20 09:00:00,332.15
2012-09-20 10:00:00,176.06
2012-09-20 11:00:00,234.2
2012-09-20 12:00:00,282.09
2012-09-20 13:00:00,275.63
2012-09-20 14:00:00,251.21
2012-09-20 15:00:00,272.64
2012-09-20 16:00:00,383.09
2012-09-20 17:00:00,767.86
2012-09-20 18:00:00,751.99
2012-09-20 19:00:00,539.82
2012-09-20 20:00:00,347.52
2012-09-20 21:00:00,238.24
2012-09-20 22:00:00,210.99
2012-09-20 23:00:00,127.8
2012-09-21 00:00:00,59.28
2012-09-21 01:00:00,40.16
2012-09-21 02:00:00,19.84
2012-09-21 03:00:00,9.39
2012-09-21 04:00:00,7.48
2012-09-21 05:00:00,24.31
2012-09-21 06:00:00,139.03
2012-09-21 07:00:00,392.53
2012-09-21 08:00:00,628.84
2012-09-21 09:00:00,309.45
2012-09-21 10:00:00,204.8
2012-09-21 11:00:00,254.15
2012-09-21 12:00:00,309.0
2012-09-21 13:00:00,312.36
2012-09-21 14:00:00,300.02
2012-09-21 15:00:00,310.26
2012-09-21 16:00:00,466.79
2012-09-21 17:00:00,682.9
2012-09-21 18:00:00,707.51
2012-09-21 19:00:00,483.24
2012-09-21 20:00:00,332.5
2012-09-21 21:00:00,228.02
2012-09-21 22:00:00,205.33
2012-09-21 23:00:00,144.52
2012-09-22 00:00:00,110.8
2012-09-22 01:00:00,87.12
2012-09-22 02:00:00,68.31
2012-09-22 03:00:00,27.08
2012-09-22 04:00:00,8.0
2012-09-22 05:00:00,9.94
2012-09-22 06:00:00,24.74
2012-09-22 07:00:00,74.13
2012-09-22 08:00:00,173.32
2012-09-22 09:00:00,281.49
2012-09-22 10:00:00,414.76
2012-09-22 11:00:00,513.22
2012-09-22 12:00:00,529.38
2012-09-22 13:00:00,534.24
2012-09-22 14:00:00,538.05
2012-09-22 15:00:00,532.56
2012-09-22 16:00:00,565.1
2012-09-22 17:00:00,549.17
2012-09-22 18:00:00,507.11
2012-09-22 19:00:00,447.85
2012-09-22 20:00:00,292.17
2012-09-22 21:00:00,231.62
2012-09-22 22:00:00,216.32
2012-09-22 23:00:00,173.94
2012-09-23 00:00:00,111.3
2012-09-23 01:00:00,86.12
2012-09-23 02:00:00,72.19
2012-09-23 03:00:00,27.53
2012-09-23 04:00:00,8.93
2012-09-23 05:00:00,8.92
2012-09-23 06:00:00,19.65
2012-09-23 07:00:00,65.78
2012-09-23 08:00:00,142.26
2012-09-23 09:00:00,233.13
2012-09-23 10:00:00,353.56
2012-09-23 11:00:00,451.76
2012-09-23 12:00:00,521.06
2012-09-23 13:00:00,569.22
2012-09-23 14:00:00,583.16
2012-09-23 15:00:00,562.09
2012-09-23 16:00:00,559.96
2012-09-23 17:00:00,498.81
2012-09-23 18:00:00,452.01
2012-09-23 19:00:00,333.17
2012-09-23 20:00:00,235.09
2012-09-23 21:00:00,157.43
2012-09-23 22:00:00,143.37
2012-09-23 23:00:00,80.23
2012-09-24 00:00:00,62.65
2012-09-24 01:00:00,36.15
2012-09-24 02:00:00,12.32
2012-09-24 03:00:00,5.78
2012-09-24 04:00:00,7.33
2012-09-24 05:00:00,26.34
2012-09-24 06:00:00,136.1
2012-09-24 07:00:00,367.92
2012-09-24 08:00:00,597.67
2012-09-24 09:00:00,345.9
2012-09-24 10:00:00,174.76
2012-09-24 11:00:00,236.03
2012-09-24 12:00:00,257.89
2012-09-24 13:00:00,253.83
2012-09-24 14:00:00,252.04
2012-09-24 15:00:00,254.65
2012-09-24 16:00:00,385.3
2012-09-24 17:00:00,742.19
2012-09-24 18:00:00,696.79
2012-09-24 19:00:00,466.8
2012-09-24 20:00:00,314.23
2012-09-24 21:00:00,218.47
2012-09-24 22:00:00,152.54
2012-09-24 23:00:00,71.95
2012-09-25 00:00:00,63.66
2012-09-25 01:00:00,34.98
2012-09-25 02:00:00,9.43
2012-09-25 03:00:00,6.44
2012-09-25 04:00:00,5.86
2012-09-25 05:00:00,24.74
2012-09-25 06:00:00,135.72
2012-09-25 07:00:00,363.91
2012-09-25 08:00:00,625.98
2012-09-25 09:00:00,345.66
2012-09-25 10:00:00,172.73
2012-09-25 11:00:00,224.34
2012-09-25 12:00:00,261.77
2012-09-25 13:00:00,258.93
2012-09-25 14:00:00,248.73
2012-09-25 15:00:00,255.18
2012-09-25 16:00:00,372.64
2012-09-25 17:00:00,737.71
2012-09-25 18:00:00,764.74
2012-09-25 19:00:00,520.92
2012-09-25 20:00:00,327.34
2012-09-25 21:00:00,241.63
2012-09-25 22:00:00,156.12
2012-09-25 23:00:00,78.13
2012-09-26 00:00:00,38.99
2012-09-26 01:00:00,14.22
2012-09-26 02:00:00,9.88
2012-09-26 03:00:00,4.81
2012-09-26 04:00:00,5.94
2012-09-26 05:00:00,27.53
2012-09-26 06:00:00,139.36
2012-09-26 07:00:00,397.31
2012-09-26 08:00:00,631.44
2012-09-26 09:00:00,339.9
2012-09-26 10:00:00,171.04
2012-09-26 11:00:00,233.54
2012-09-26 12:00:00,284.92
2012-09-26 13:00:00,285.32
2012-09-26 14:00:00,246.58
2012-09-26 15:00:00,256.21
2012-09-26 16:00:00,378.5
2012-09-26 17:00:00,772.03
2012-09-26 18:00:00,811.45
2012-09-26 19:00:00,522.19
2012-09-26 20:00:00,385.36
2012-09-26 21:00:00,240.43
2012-09-26 22:00:00,143.43
2012-09-26 23:00:00,84.77
2012-09-27 00:00:00,47.19
2012-09-27 01:00:00,15.98
2012-09-27 02:00:00,13.01
2012-09-27 03:00:00,7.92
2012-09-27 04:00:00,6.4
2012-09-27 05:00:00,28.23
2012-09-27 06:00:00,143.05
2012-09-27 07:00:00,401.37
2012-09-27 08:00:00,515.85
2012-09-27 09:00:00,330.14
2012-09-27 10:00:00,188.41
2012-09-27 11:00:00,252.33
2012-09-27 12:00:00,281.21
2012-09-27 13:00:00,262.43
2012-09-27 14:00:00,264.58
2012-09-27 15:00:00,271.52
2012-09-27 16:00:00,386.45
2012-09-27 17:00:00,699.81
2012-09-27 18:00:00,728.82
2012-09-27 19:00:00,504.84
2012-09-27 20:00:00,300.55
2012-09-27 21:00:00,142.0
2012-09-27 22:00:00,136.33
2012-09-27 23:00:00,76.11
2012-09-28 00:00:00,44.23
2012-09-28 01:00:00,29.98
2012-09-28 02:00:00,9.04
2012-09-28 03:00:00,7.38
2012-09-28 04:00:00,5.46
2012-09-28 05:00:00,25.55
2012-09-28 06:00:00,123.07
2012-09-28 07:00:00,334.29
2012-09-28 08:00:00,512.8
2012-09-28 09:00:00,304.94
2012-09-28 10:00:00,202.48
2012-09-28 11:00:00,244.12
2012-09-28 12:00:00,293.9
2012-09-28 13:00:00,286.86
2012-09-28 14:00:00,286.36
2012-09-28 15:00:00,301.59
2012-09-28 16:00:00,454.46
2012-09-28 17:00:00,668.19
2012-09-28 18:00:00,716.87
2012-09-28 19:00:00,413.56
2012-09-28 20:00:00,270.23
2012-09-28 21:00:00,159.45
2012-09-28 22:00:00,200.65
2012-09-28 23:00:00,163.75
2012-09-29 00:00:00,119.78
2012-09-29 01:00:00,91.72
2012-09-29 02:00:00,62.19
2012-09-29 03:00:00,31.95
2012-09-29 04:00:00,9.36
2012-09-29 05:00:00,9.97
2012-09-29 06:00:00,22.29
2012-09-29 07:00:00,71.13
2012-09-29 08:00:00,167.28
2012-09-29 09:00:00,276.4
2012-09-29 10:00:00,396.36
2012-09-29 11:00:00,506.79
2012-09-29 12:00:00,564.09
2012-09-29 13:00:00,580.91
2012-09-29 14:00:00,587.82
2012-09-29 15:00:00,581.1
2012-09-29 16:00:00,565.74
2012-09-29 17:00:00,516.0
2012-09-29 18:00:00,474.54
2012-09-29 19:00:00,374.04
2012-09-29 20:00:00,249.27
2012-09-29 21:00:00,225.11
2012-09-29 22:00:00,210.01
2012-09-29 23:00:00,171.06
2012-09-30 00:00:00,117.72
2012-09-30 01:00:00,91.74
2012-09-30 02:00:00,74.36
2012-09-30 03:00:00,33.24
2012-09-30 04:00:00,9.79
2012-09-30 05:00:00,11.3
2012-09-30 06:00:00,26.97
2012-09-30 07:00:00,68.44
2012-09-30 08:00:00,125.3
2012-09-30 09:00:00,214.41
2012-09-30 10:00:00,401.86
2012-09-30 11:00:00,494.89
2012-09-30 12:00:00,562.22
2012-09-30 13:00:00,579.56
2012-09-30 14:00:00,576.16
2012-09-30 15:00:00,604.63
2012-09-30 16:00:00,566.57
2012-09-30 17:00:00,524.29
2012-09-30 18:00:00,436.05
2012-09-30 19:00:00,248.26
2012-09-30 20:00:00,182.48
2012-09-30 21:00:00,148.19
2012-09-30 22:00:00,127.44
2012-09-30 23:00:00,81.96
2012-10-20 00:00:00,120.88
2012-10-20 01:00:00,82.22
2012-10-20 02:00:00,61.57
2012-10-20 03:00:00,26.62
2012-10-20 04:00:00,9.36
2012-10-20 05:00:00,10.94
2012-10-20 06:00:00,24.08
2012-10-20 07:00:00,89.66
2012-10-20 08:00:00,156.5
2012-10-20 09:00:00,274.65
2012-10-20 10:00:00,405.39
2012-10-20 11:00:00,508.7
2012-10-20 12:00:00,551.02
2012-10-20 13:00:00,554.26
2012-10-20 14:00:00,559.82
2012-10-20 15:00:00,552.28
2012-10-20 16:00:00,532.64
2012-10-20 17:00:00,520.64
2012-10-20 18:00:00,463.53
2012-10-20 19:00:00,328.47
2012-10-20 20:00:00,219.3
2012-10-20 21:00:00,179.84
2012-10-20 22:00:00,185.04
2012-10-20 23:00:00,116.78
2012-10-21 00:00:00,91.05
2012-10-21 01:00:00,69.13
2012-10-21 02:00:00,65.72
2012-10-21 03:00:00,32.42
2012-10-21 04:00:00,9.67
2012-10-21 05:00:00,10.39
2012-10-21 06:00:00,21.6
2012-10-21 07:00:00,86.34
2012-10-21 08:00:00,125.93
2012-10-21 09:00:00,236.35
2012-10-21 10:00:00,353.78
2012-10-21 11:00:00,477.87
2012-10-21 12:00:00,526.78
2012-10-21 13:00:00,540.34
2012-10-21 14:00:00,542.71
2012-10-21 15:00:00,536.66
2012-10-21 16:00:00,526.32
2012-10-21 17:00:00,506.52
2012-10-21 18:00:00,450.03
2012-10-21 19:00:00,308.12
2012-10-21 20:00:00,214.35
2012-10-21 21:00:00,151.31
2012-10-21 22:00:00,122.82
2012-10-21 23:00:00,87.74
2012-10-22 00:00:00,33.28
2012-10-22 01:00:00,24.48
2012-10-22 02:00:00,6.98
2012-10-22 03:00:00,5.29
2012-10-22 04:00:00,5.68
2012-10-22 05:00:00,23.26
2012-10-22 06:00:00,118.29
2012-10-22 07:00:00,339.46
2012-10-22 08:00:00,607.62
2012-10-22 09:00:00,338.71
2012-10-22 10:00:00,171.4
2012-10-22 11:00:00,235.9
2012-10-22 12:00:00,260.71
2012-10-22 13:00:00,269.22
2012-10-22 14:00:00,258.78
2012-10-22 15:00:00,272.26
2012-10-22 16:00:00,394.54
2012-10-22 17:00:00,718.13
2012-10-22 18:00:00,661.88
2012-10-22 19:00:00,459.53
2012-10-22 20:00:00,295.42
2012-10-22 21:00:00,204.16
2012-10-22 22:00:00,139.08
2012-10-22 23:00:00,74.43
2012-10-23 00:00:00,36.62
2012-10-23 01:00:00,13.51
2012-10-23 02:00:00,5.04
2012-10-23 03:00:00,8.55
2012-10-23 04:00:00,8.35
2012-10-23 05:00:00,25.12
2012-10-23 06:00:00,127.5
2012-10-23 07:00:00,370.7
2012-10-23 08:00:00,559.28
2012-10-23 09:00:00,340.78
2012-10-23 10:00:00,173.59
2012-10-23 11:00:00,234.37
2012-10-23 12:00:00,281.71
2012-10-23 13:00:00,263.88
2012-10-23 14:00:00,267.85
2012-10-23 15:00:00,264.58
2012-10-23 16:00:00,406.76
2012-10-23 17:00:00,747.45
2012-10-23 18:00:00,743.32
2012-10-23 19:00:00,520.6
2012-10-23 20:00:00,336.87
2012-10-23 21:00:00,240.38
2012-10-23 22:00:00,167.9
2012-10-23 23:00:00,79.73
2012-10-24 00:00:00,36.84
2012-10-24 01:00:00,14.64
2012-10-24 02:00:00,6.72
2012-10-24 03:00:00,8.04
2012-10-24 04:00:00,8.13
2012-10-24 05:00:00,27.23
2012-10-24 06:00:00,136.96
2012-10-24 07:00:00,359.8
2012-10-24 08:00:00,590.83
2012-10-24 09:00:00,344.03
2012-10-24 10:00:00,167.49
2012-10-24 11:00:00,218.4
2012-10-24 12:00:00,285.27
2012-10-24 13:00:00,277.25
2012-10-24 14:00:00,256.98
2012-10-24 15:00:00,273.2
2012-10-24 16:00:00,414.51
2012-10-24 17:00:00,758.28
2012-10-24 18:00:00,766.31
2012-10-24 19:00:00,473.55
2012-10-24 20:00:00,292.13
2012-10-24 21:00:00,231.97
2012-10-24 22:00:00,183.53
2012-10-24 23:00:00,82.18
2012-10-25 00:00:00,46.29
2012-10-25 01:00:00,19.31
2012-10-25 02:00:00,10.02
2012-10-25 03:00:00,4.85
2012-10-25 04:00:00,5.16
2012-10-25 05:00:00,23.46
2012-10-25 06:00:00,129.84
2012-10-25 07:00:00,376.91
2012-10-25 08:00:00,629.46
2012-10-25 09:00:00,321.81
2012-10-25 10:00:00,147.01
2012-10-25 11:00:00,150.47
2012-10-25 12:00:00,261.3
2012-10-25 13:00:00,250.84
2012-10-25 14:00:00,241.14
2012-10-25 15:00:00,246.25
2012-10-25 16:00:00,328.0
2012-10-25 17:00:00,734.25
2012-10-25 18:00:00,380.57
2012-10-25 19:00:00,385.88
2012-10-25 20:00:00,214.8
2012-10-25 21:00:00,164.53
2012-10-25 22:00:00,189.25
2012-10-25 23:00:00,112.26
2012-10-26 00:00:00,54.65
2012-10-26 01:00:00,33.47
2012-10-26 02:00:00,10.61
2012-10-26 03:00:00,6.59
2012-10-26 04:00:00,6.25
2012-10-26 05:00:00,22.72
2012-10-26 06:00:00,127.02
2012-10-26 07:00:00,367.62
2012-10-26 08:00:00,614.35
2012-10-26 09:00:00,306.33
2012-10-26 10:00:00,173.28
2012-10-26 11:00:00,215.07
2012-10-26 12:00:00,266.49
2012-10-26 13:00:00,278.62
2012-10-26 14:00:00,282.48
2012-10-26 15:00:00,299.02
2012-10-26 16:00:00,392.75
2012-10-26 17:00:00,539.66
2012-10-26 18:00:00,523.33
2012-10-26 19:00:00,342.42
2012-10-26 20:00:00,218.15
2012-10-26 21:00:00,224.05
2012-10-26 22:00:00,194.4
2012-10-26 23:00:00,170.05
2012-10-27 00:00:00,118.27
2012-10-27 01:00:00,86.92
2012-10-27 02:00:00,59.12
2012-10-27 03:00:00,30.0
2012-10-27 04:00:00,10.16
2012-10-27 05:00:00,9.68
2012-10-27 06:00:00,28.26
2012-10-27 07:00:00,73.53
2012-10-27 08:00:00,171.46
2012-10-27 09:00:00,284.18
2012-10-27 10:00:00,394.69
2012-10-27 11:00:00,501.21
2012-10-27 12:00:00,562.89
2012-10-27 13:00:00,585.21
2012-10-27 14:00:00,575.94
2012-10-27 15:00:00,551.16
2012-10-27 16:00:00,521.77
2012-10-27 17:00:00,517.26
2012-10-27 18:00:00,477.73
2012-10-27 19:00:00,354.52
2012-10-27 20:00:00,241.23
2012-10-27 21:00:00,201.82
2012-10-27 22:00:00,181.99
2012-10-27 23:00:00,125.07
2012-10-28 00:00:00,101.89
2012-10-28 01:00:00,85.55
2012-10-28 02:00:00,75.12
2012-10-28 03:00:00,26.46
2012-10-28 04:00:00,8.26
2012-10-28 05:00:00,9.7
2012-10-28 06:00:00,24.09
2012-10-28 07:00:00,64.15
2012-10-28 08:00:00,138.97
2012-10-28 09:00:00,225.11
2012-10-28 10:00:00,375.58
2012-10-28 11:00:00,473.02
2012-10-28 12:00:00,512.15
2012-10-28 13:00:00,515.7
2012-10-28 14:00:00,536.57
2012-10-28 15:00:00,538.25
2012-10-28 16:00:00,397.34
2012-10-28 17:00:00,236.11
2012-10-28 18:00:00,249.44
2012-10-28 19:00:00,185.79
2012-10-28 20:00:00,131.0
2012-10-28 21:00:00,110.11
2012-10-28 22:00:00,82.85
2012-10-28 23:00:00,68.94
2012-10-29 00:00:00,32.84
2012-10-30 13:00:00,127.64
2012-10-30 14:00:00,128.11
2012-10-30 15:00:00,124.27
2012-10-30 16:00:00,144.56
2012-10-30 17:00:00,218.3
2012-10-30 18:00:00,255.27
2012-10-30 19:00:00,420.72
2012-10-30 20:00:00,165.73
2012-10-30 21:00:00,136.42
2012-10-30 22:00:00,116.59
2012-10-30 23:00:00,56.83
2012-10-31 00:00:00,22.09
2012-10-31 01:00:00,12.01
2012-10-31 02:00:00,3.76
2012-10-31 03:00:00,3.568333333333334
2012-10-31 04:00:00,4.88
2012-10-31 05:00:00,23.35
2012-10-31 06:00:00,97.33
2012-10-31 07:00:00,317.0
2012-10-31 08:00:00,589.65
2012-10-31 09:00:00,281.41
2012-10-31 10:00:00,155.34
2012-10-31 11:00:00,162.36
2012-10-31 12:00:00,159.2
2012-10-31 13:00:00,213.6
2012-10-31 14:00:00,195.63
2012-10-31 15:00:00,191.07
2012-10-31 16:00:00,232.78
2012-10-31 17:00:00,373.59
2012-10-31 18:00:00,389.11
2012-10-31 19:00:00,315.65
2012-10-31 20:00:00,218.74
2012-10-31 21:00:00,157.6
2012-10-31 22:00:00,127.6
2012-10-31 23:00:00,66.92
2012-11-20 00:00:00,24.51
2012-11-20 01:00:00,11.34
2012-11-20 02:00:00,3.54
2012-11-20 03:00:00,5.21
2012-11-20 04:00:00,5.36
2012-11-20 05:00:00,23.31
2012-11-20 06:00:00,102.93
2012-11-20 07:00:00,347.34
2012-11-20 08:00:00,603.89
2012-11-20 09:00:00,289.39
2012-11-20 10:00:00,167.67
2012-11-20 11:00:00,195.41
2012-11-20 12:00:00,221.81
2012-11-20 13:00:00,233.62
2012-11-20 14:00:00,222.27
2012-11-20 15:00:00,225.25
2012-11-20 16:00:00,240.07
2012-11-20 17:00:00,355.31
2012-11-20 18:00:00,384.22
2012-11-20 19:00:00,314.02
2012-11-20 20:00:00,206.38
2012-11-20 21:00:00,159.95
2012-11-20 22:00:00,119.57
2012-11-20 23:00:00,61.24
2012-11-21 00:00:00,21.95
2012-11-21 01:00:00,11.45
2012-11-21 02:00:00,2.66
2012-11-21 03:00:00,3.204166666666666
2012-11-21 04:00:00,4.0605
2012-11-21 05:00:00,24.48
2012-11-21 06:00:00,98.74
2012-11-21 07:00:00,317.09
2012-11-21 08:00:00,560.26
2012-11-21 09:00:00,280.51
2012-11-21 10:00:00,152.27
2012-11-21 11:00:00,159.14
2012-11-21 12:00:00,254.04
2012-11-21 13:00:00,267.86
2012-11-21 14:00:00,271.06
2012-11-21 15:00:00,256.86
2012-11-21 16:00:00,304.75
2012-11-21 17:00:00,470.21
2012-11-21 18:00:00,559.84
2012-11-21 19:00:00,339.97
2012-11-21 20:00:00,208.85
2012-11-21 21:00:00,157.2
2012-11-21 22:00:00,125.55
2012-11-21 23:00:00,60.61
2012-11-22 00:00:00,49.57
2012-11-22 01:00:00,38.29
2012-11-22 02:00:00,19.03
2012-11-22 03:00:00,10.113333333333333
2012-11-22 04:00:00,8.306666666666667
2012-11-22 05:00:00,13.56
2012-11-22 06:00:00,52.37
2012-11-22 07:00:00,84.43
2012-11-22 08:00:00,156.27
2012-11-22 09:00:00,235.97
2012-11-22 10:00:00,232.09
2012-11-22 11:00:00,280.04
2012-11-22 12:00:00,318.2
2012-11-22 13:00:00,321.64
2012-11-22 14:00:00,294.87
2012-11-22 15:00:00,300.81
2012-11-22 16:00:00,351.58
2012-11-22 17:00:00,514.48
2012-11-22 18:00:00,401.46
2012-11-22 19:00:00,271.77
2012-11-22 20:00:00,200.43
2012-11-22 21:00:00,148.54
2012-11-22 22:00:00,131.56
2012-11-22 23:00:00,89.15
2012-11-23 00:00:00,37.48
2012-11-23 01:00:00,15.45
2012-11-23 02:00:00,12.81
2012-11-23 03:00:00,4.405
2012-11-23 04:00:00,3.236666666666667
2012-11-23 05:00:00,21.28
2012-11-23 06:00:00,92.11
2012-11-23 07:00:00,294.93
2012-11-23 08:00:00,480.41
2012-11-23 09:00:00,278.92
2012-11-23 10:00:00,173.25
2012-11-23 11:00:00,189.28
2012-11-23 12:00:00,269.05
2012-11-23 13:00:00,277.14
2012-11-23 14:00:00,302.18
2012-11-23 15:00:00,299.67
2012-11-23 16:00:00,369.57
2012-11-23 17:00:00,563.43
2012-11-23 18:00:00,511.81
2012-11-23 19:00:00,359.57
2012-11-23 20:00:00,281.29
2012-11-23 21:00:00,195.47
2012-11-23 22:00:00,142.94
2012-11-23 23:00:00,104.21
2012-11-24 00:00:00,75.39
2012-11-24 01:00:00,57.51
2012-11-24 02:00:00,44.73
2012-11-24 03:00:00,25.84
2012-11-24 04:00:00,6.99
2012-11-24 05:00:00,6.3
2012-11-24 06:00:00,19.9
2012-11-24 07:00:00,52.8
2012-11-24 08:00:00,117.03
2012-11-24 09:00:00,169.93
2012-11-24 10:00:00,204.76
2012-11-24 11:00:00,241.29
2012-11-24 12:00:00,267.37
2012-11-24 13:00:00,322.14
2012-11-24 14:00:00,316.17
2012-11-24 15:00:00,262.98
2012-11-24 16:00:00,240.94
2012-11-24 17:00:00,189.16
2012-11-24 18:00:00,180.85
2012-11-24 19:00:00,156.32
2012-11-24 20:00:00,98.9
2012-11-24 21:00:00,83.28
2012-11-24 22:00:00,76.9
2012-11-24 23:00:00,61.28
2012-11-25 00:00:00,64.01
2012-11-25 01:00:00,56.9
2012-11-25 02:00:00,44.39
2012-11-25 03:00:00,34.74
2012-11-25 04:00:00,9.92
2012-11-25 05:00:00,7.2
2012-11-25 06:00:00,34.18
2012-11-25 07:00:00,57.82
2012-11-25 08:00:00,99.49
2012-11-25 09:00:00,139.25
2012-11-25 10:00:00,204.53
2012-11-25 11:00:00,226.55
2012-11-25 12:00:00,252.94
2012-11-25 13:00:00,255.23
2012-11-25 14:00:00,289.09
2012-11-25 15:00:00,290.37
2012-11-25 16:00:00,284.32
2012-11-25 17:00:00,185.08
2012-11-25 18:00:00,157.05
2012-11-25 19:00:00,187.52
2012-11-25 20:00:00,105.69
2012-11-25 21:00:00,110.55
2012-11-25 22:00:00,110.99
2012-11-25 23:00:00,47.02
2012-11-26 00:00:00,19.58
2012-11-26 01:00:00,8.8
2012-11-26 02:00:00,3.72
2012-11-26 03:00:00,2.9675
2012-11-26 04:00:00,3.500833333333333
2012-11-26 05:00:00,20.59
2012-11-26 06:00:00,95.22
2012-11-26 07:00:00,311.68
2012-11-26 08:00:00,523.88
2012-11-26 09:00:00,275.34
2012-11-26 10:00:00,166.33
2012-11-26 11:00:00,221.99
2012-11-26 12:00:00,259.16
2012-11-26 13:00:00,258.27
2012-11-26 14:00:00,253.76
2012-11-26 15:00:00,251.57
2012-11-26 16:00:00,306.51
2012-11-26 17:00:00,599.57
2012-11-26 18:00:00,365.18
2012-11-26 19:00:00,297.26
2012-11-26 20:00:00,214.92
2012-11-26 21:00:00,155.01
2012-11-26 22:00:00,121.1
2012-11-26 23:00:00,61.42
2012-11-27 00:00:00,22.11
2012-11-27 01:00:00,13.2
2012-11-27 02:00:00,4.5
2012-11-27 03:00:00,3.21
2012-11-27 04:00:00,5.11
2012-11-27 05:00:00,21.47
2012-11-27 06:00:00,93.32
2012-11-27 07:00:00,306.24
2012-11-27 08:00:00,461.64
2012-11-27 09:00:00,272.09
2012-11-27 10:00:00,119.89
2012-11-27 11:00:00,130.82
2012-11-27 12:00:00,126.81
2012-11-27 13:00:00,117.31
2012-11-27 14:00:00,125.17
2012-11-27 15:00:00,165.89
2012-11-27 16:00:00,190.28
2012-11-27 17:00:00,260.96
2012-11-27 18:00:00,286.35
2012-11-27 19:00:00,243.87
2012-11-27 20:00:00,162.06
2012-11-27 21:00:00,112.95
2012-11-27 22:00:00,86.3
2012-11-27 23:00:00,52.29
2012-11-28 00:00:00,20.36
2012-11-28 01:00:00,9.42
2012-11-28 02:00:00,4.41
2012-11-28 03:00:00,3.94
2012-11-28 04:00:00,3.945
2012-11-28 05:00:00,23.23
2012-11-28 06:00:00,96.43
2012-11-28 07:00:00,297.64
2012-11-28 08:00:00,512.52
2012-11-28 09:00:00,264.15
2012-11-28 10:00:00,167.43
2012-11-28 11:00:00,191.49
2012-11-28 12:00:00,200.58
2012-11-28 13:00:00,189.49
2012-11-28 14:00:00,196.52
2012-11-28 15:00:00,230.84
2012-11-28 16:00:00,253.7
2012-11-28 17:00:00,441.29
2012-11-28 18:00:00,403.54
2012-11-28 19:00:00,304.9
2012-11-28 20:00:00,211.64
2012-11-28 21:00:00,155.61
2012-11-28 22:00:00,112.27
2012-11-28 23:00:00,58.24
2012-11-29 00:00:00,24.29
2012-11-29 01:00:00,9.18
2012-11-29 02:00:00,3.6333333333333333
2012-11-29 04:00:00,2.9781666666666666
2012-11-29 05:00:00,21.48
2012-11-29 06:00:00,95.34
2012-11-29 07:00:00,297.37
2012-11-29 08:00:00,500.72
2012-11-29 09:00:00,262.53
2012-11-29 10:00:00,166.14
2012-11-29 11:00:00,215.36
2012-11-29 12:00:00,204.65
2012-11-29 13:00:00,223.02
2012-11-29 14:00:00,205.39
2012-11-29 15:00:00,210.36
2012-11-29 16:00:00,251.22
2012-11-29 17:00:00,436.5
2012-11-29 18:00:00,338.49
2012-11-29 19:00:00,271.02
2012-11-29 20:00:00,201.65
2012-11-29 21:00:00,124.08
2012-11-29 22:00:00,120.54
2012-11-29 23:00:00,87.22
2012-11-30 00:00:00,31.67
2012-11-30 01:00:00,11.07
2012-11-30 02:00:00,10.66
2012-11-30 03:00:00,3.814833333333333
2012-11-30 04:00:00,2.8481666666666667
2012-11-30 05:00:00,20.69
2012-11-30 06:00:00,85.22
2012-11-30 07:00:00,290.81
2012-11-30 08:00:00,459.64
2012-11-30 09:00:00,262.56
2012-11-30 10:00:00,178.66
2012-11-30 11:00:00,181.88
2012-11-30 12:00:00,230.15
2012-11-30 13:00:00,243.3
2012-11-30 14:00:00,234.47
2012-11-30 15:00:00,252.58
2012-11-30 16:00:00,267.6
2012-11-30 17:00:00,323.37
2012-11-30 18:00:00,329.75
2012-11-30 19:00:00,275.96
2012-11-30 20:00:00,178.89
2012-11-30 21:00:00,145.36
2012-11-30 22:00:00,134.04
2012-11-30 23:00:00,85.61
2012-12-20 00:00:00,33.68
2012-12-20 01:00:00,13.48
2012-12-20 02:00:00,5.44
2012-12-20 03:00:00,3.696499999999999
2012-12-20 04:00:00,3.944
2012-12-20 05:00:00,22.83
2012-12-20 06:00:00,99.86
2012-12-20 07:00:00,328.36
2012-12-20 08:00:00,565.04
2012-12-20 09:00:00,263.87
2012-12-20 10:00:00,169.31
2012-12-20 11:00:00,170.56
2012-12-20 12:00:00,164.09
2012-12-20 13:00:00,155.03
2012-12-20 14:00:00,154.1
2012-12-20 15:00:00,154.93
2012-12-20 16:00:00,191.8
2012-12-20 17:00:00,303.48
2012-12-20 18:00:00,301.88
2012-12-20 19:00:00,246.86
2012-12-20 20:00:00,159.57
2012-12-20 21:00:00,107.92
2012-12-20 22:00:00,92.82
2012-12-20 23:00:00,94.37
2012-12-21 00:00:00,41.43
2012-12-21 01:00:00,28.22
2012-12-21 02:00:00,9.05
2012-12-21 03:00:00,5.75
2012-12-21 04:00:00,4.48
2012-12-21 05:00:00,22.04
2012-12-21 06:00:00,92.67
2012-12-21 07:00:00,284.44
2012-12-21 08:00:00,535.82
2012-12-21 09:00:00,251.58
2012-12-21 10:00:00,179.12
2012-12-21 11:00:00,184.93
2012-12-21 12:00:00,184.74
2012-12-21 13:00:00,183.55
2012-12-21 14:00:00,177.27
2012-12-21 15:00:00,170.65
2012-12-21 16:00:00,223.16
2012-12-21 17:00:00,314.78
2012-12-21 18:00:00,298.13
2012-12-21 19:00:00,240.92
2012-12-21 20:00:00,149.31
2012-12-21 21:00:00,115.59
2012-12-21 22:00:00,91.12
2012-12-21 23:00:00,64.72
2012-12-22 00:00:00,58.51
2012-12-22 01:00:00,50.16
2012-12-22 02:00:00,44.86
2012-12-22 03:00:00,23.46
2012-12-22 04:00:00,8.05
2012-12-22 05:00:00,6.51
2012-12-22 06:00:00,16.02
2012-12-22 07:00:00,39.12
2012-12-22 08:00:00,99.24
2012-12-22 09:00:00,145.5
2012-12-22 10:00:00,198.98
2012-12-22 11:00:00,231.99
2012-12-22 12:00:00,259.3
2012-12-22 13:00:00,300.29
2012-12-22 14:00:00,295.0
2012-12-22 15:00:00,274.82
2012-12-22 16:00:00,233.05
2012-12-22 17:00:00,182.25
2012-12-22 18:00:00,154.51
2012-12-22 19:00:00,136.97
2012-12-22 20:00:00,84.4
2012-12-22 21:00:00,75.02
2012-12-22 22:00:00,65.35
2012-12-22 23:00:00,60.72
2012-12-23 00:00:00,62.72
2012-12-23 01:00:00,57.97
2012-12-23 02:00:00,47.66
2012-12-23 03:00:00,33.54
2012-12-23 04:00:00,10.64
2012-12-23 05:00:00,9.02
2012-12-23 06:00:00,16.82
2012-12-23 07:00:00,37.37
2012-12-23 08:00:00,78.83
2012-12-23 09:00:00,115.12
2012-12-23 10:00:00,192.92
2012-12-23 11:00:00,204.12
2012-12-23 12:00:00,291.08
2012-12-23 13:00:00,305.32
2012-12-23 14:00:00,335.42
2012-12-23 15:00:00,331.55
2012-12-23 16:00:00,319.35
2012-12-23 17:00:00,222.21
2012-12-23 18:00:00,185.47
2012-12-23 19:00:00,179.78
2012-12-23 20:00:00,120.83
2012-12-23 21:00:00,88.96
2012-12-23 22:00:00,84.47
2012-12-23 23:00:00,55.39
2012-12-24 00:00:00,18.0
2012-12-24 01:00:00,7.44
2012-12-24 02:00:00,3.45
2012-12-24 03:00:00,2.505
2012-12-24 05:00:00,19.35
2012-12-24 06:00:00,88.38
2012-12-24 07:00:00,280.4
2012-12-24 08:00:00,483.59
2012-12-24 09:00:00,220.92
2012-12-24 10:00:00,117.03
2012-12-24 11:00:00,110.6
2012-12-24 12:00:00,145.85
2012-12-24 13:00:00,93.92
2012-12-24 14:00:00,96.94
2012-12-24 15:00:00,95.62
2012-12-24 16:00:00,115.04
2012-12-24 17:00:00,227.46
2012-12-24 18:00:00,195.02
2012-12-24 19:00:00,199.6
2012-12-24 20:00:00,129.68
2012-12-24 21:00:00,94.74
2012-12-24 22:00:00,87.72
2012-12-24 23:00:00,53.1
2012-12-25 00:00:00,33.1
2012-12-25 01:00:00,28.2
2012-12-25 02:00:00,17.02
2012-12-25 04:00:00,6.859166666666668
2012-12-25 05:00:00,10.3
2012-12-25 06:00:00,36.15
2012-12-25 07:00:00,61.05
2012-12-25 08:00:00,165.46
2012-12-25 09:00:00,144.65
2012-12-25 10:00:00,181.95
2012-12-25 11:00:00,210.67
2012-12-25 12:00:00,211.02
2012-12-25 13:00:00,248.03
2012-12-25 14:00:00,244.63
2012-12-25 15:00:00,223.89
2012-12-25 16:00:00,229.63
2012-12-25 17:00:00,253.98
2012-12-25 18:00:00,244.6
2012-12-25 19:00:00,197.18
2012-12-25 20:00:00,155.18
2012-12-25 21:00:00,94.17
2012-12-25 22:00:00,101.69
2012-12-25 23:00:00,51.39
2012-12-26 00:00:00,19.68
2012-12-26 01:00:00,7.98
2012-12-26 02:00:00,4.85
2012-12-26 03:00:00,2.6
2012-12-26 04:00:00,2.315
2012-12-26 05:00:00,19.86
2012-12-26 06:00:00,91.6
2012-12-26 07:00:00,271.35
2012-12-26 08:00:00,381.81
2012-12-26 09:00:00,193.0
2012-12-26 10:00:00,93.75
2012-12-26 11:00:00,101.4
2012-12-26 12:00:00,101.32
2012-12-26 13:00:00,102.34
2012-12-26 14:00:00,99.23
2012-12-26 15:00:00,107.74
2012-12-26 16:00:00,129.87
2012-12-26 17:00:00,257.32
2012-12-26 18:00:00,234.77
2012-12-26 19:00:00,185.6
2012-12-26 20:00:00,135.22
2012-12-26 21:00:00,112.57
2012-12-26 22:00:00,78.54
2012-12-26 23:00:00,49.68
2012-12-27 00:00:00,19.18
2012-12-27 01:00:00,6.91
2012-12-27 02:00:00,5.03
2012-12-27 03:00:00,3.733333333333333
2012-12-27 04:00:00,2.893333333333333
2012-12-27 05:00:00,20.22
2012-12-27 06:00:00,93.41
2012-12-27 07:00:00,285.29
2012-12-27 08:00:00,505.49
2012-12-27 09:00:00,233.29
2012-12-27 10:00:00,141.18
2012-12-27 11:00:00,146.3
2012-12-27 12:00:00,162.47
2012-12-27 13:00:00,157.77
2012-12-27 14:00:00,140.65
2012-12-27 15:00:00,138.81
2012-12-27 16:00:00,180.68
2012-12-27 17:00:00,291.68
2012-12-27 18:00:00,277.84
2012-12-27 19:00:00,227.4
2012-12-27 20:00:00,144.28
2012-12-27 21:00:00,111.37
2012-12-27 22:00:00,75.69
2012-12-27 23:00:00,56.7
2012-12-28 00:00:00,27.64
2012-12-28 01:00:00,10.26
2012-12-28 02:00:00,7.62
2012-12-28 03:00:00,3.993333333333333
2012-12-28 04:00:00,3.265833333333333
2012-12-28 05:00:00,21.65
2012-12-28 06:00:00,87.24
2012-12-28 07:00:00,262.13
2012-12-28 08:00:00,461.17
2012-12-28 09:00:00,232.53
2012-12-28 10:00:00,125.43
2012-12-28 11:00:00,157.47
2012-12-28 12:00:00,184.22
2012-12-28 13:00:00,180.23
2012-12-28 14:00:00,173.49
2012-12-28 15:00:00,180.12
2012-12-28 16:00:00,204.77
2012-12-28 17:00:00,259.0
2012-12-28 18:00:00,262.63
2012-12-28 19:00:00,225.96
2012-12-28 20:00:00,130.24
2012-12-28 21:00:00,107.58
2012-12-28 22:00:00,86.72
2012-12-28 23:00:00,66.15
2012-12-29 00:00:00,66.53
2012-12-29 01:00:00,66.55
2012-12-29 02:00:00,51.45
2012-12-29 03:00:00,27.64
2012-12-29 04:00:00,10.05
2012-12-29 05:00:00,8.94
2012-12-29 06:00:00,20.21
2012-12-29 07:00:00,38.4
2012-12-29 08:00:00,98.59
2012-12-29 09:00:00,162.89
2012-12-29 10:00:00,169.77
2012-12-29 11:00:00,181.31
2012-12-29 12:00:00,208.07
2012-12-29 13:00:00,210.86
2012-12-29 14:00:00,228.57
2012-12-29 15:00:00,223.57
2012-12-29 16:00:00,228.92
2012-12-29 17:00:00,151.42
2012-12-29 18:00:00,169.6
2012-12-29 19:00:00,158.64
2012-12-29 20:00:00,95.15
2012-12-29 21:00:00,78.73
2012-12-29 22:00:00,91.71
2012-12-29 23:00:00,62.47
2012-12-30 00:00:00,65.55
2012-12-30 01:00:00,49.07
2012-12-30 02:00:00,50.51
2012-12-30 03:00:00,28.41
2012-12-30 04:00:00,6.71
2012-12-30 05:00:00,6.49
2012-12-30 06:00:00,14.89
2012-12-30 07:00:00,30.14
2012-12-30 08:00:00,79.35
2012-12-30 09:00:00,123.58
2012-12-30 10:00:00,195.07
2012-12-30 11:00:00,213.4
2012-12-30 12:00:00,242.21
2012-12-30 13:00:00,253.16
2012-12-30 14:00:00,251.75
2012-12-30 15:00:00,246.19
2012-12-30 16:00:00,214.46
2012-12-30 17:00:00,170.88
2012-12-30 18:00:00,147.95
2012-12-30 19:00:00,212.79
2012-12-30 20:00:00,79.04
2012-12-30 21:00:00,63.74
2012-12-30 22:00:00,57.08
2012-12-30 23:00:00,41.03
2012-12-31 00:00:00,16.26
2012-12-31 01:00:00,7.38
2012-12-31 02:00:00,4.14
2012-12-31 03:00:00,2.82
2012-12-31 04:00:00,2.921333333333333
2012-12-31 05:00:00,18.14
2012-12-31 06:00:00,89.86
2012-12-31 07:00:00,274.46
2012-12-31 08:00:00,432.23
2012-12-31 09:00:00,217.63
2012-12-31 10:00:00,111.56
2012-12-31 11:00:00,102.36
2012-12-31 12:00:00,113.78
2012-12-31 13:00:00,138.21
2012-12-31 14:00:00,144.93
2012-12-31 15:00:00,147.48
2012-12-31 16:00:00,164.84
2012-12-31 17:00:00,258.25
2012-12-31 18:00:00,265.24
2012-12-31 19:00:00,216.43
2012-12-31 20:00:00,145.24
2012-12-31 21:00:00,116.66
2012-12-31 22:00:00,107.61
2012-12-31 23:00:00,54.95
