datetime,count
2011-01-20 00:00:00,12.290000000000001
2011-01-20 01:00:00,6.22
2011-01-20 02:00:00,4.145
2011-01-20 03:00:00,2.6849999999999996
2011-01-20 04:00:00,2.4099999999999997
2011-01-20 05:00:00,6.3100000000000005
2011-01-20 06:00:00,37.06
2011-01-20 07:00:00,89.83
2011-01-20 08:00:00,221.65
2011-01-20 09:00:00,129.17000000000002
2011-01-20 10:00:00,59.81999999999999
2011-01-20 11:00:00,65.75999999999999
2011-01-20 12:00:00,79.61
2011-01-20 13:00:00,75.11
2011-01-20 14:00:00,76.63
2011-01-20 15:00:00,78.05999999999999
2011-01-20 16:00:00,87.49000000000001
2011-01-20 17:00:00,198.85000000000002
2011-01-20 18:00:00,175.37
2011-01-20 19:00:00,106.36999999999999
2011-01-20 20:00:00,74.77
2011-01-20 21:00:00,49.04
2011-01-20 22:00:00,43.33
2011-01-20 23:00:00,23.88
2011-01-21 00:00:00,17.43
2011-01-21 01:00:00,7.35
2011-01-21 02:00:00,6.039999999999999
2011-01-21 03:00:00,1.97
2011-01-21 04:00:00,1.8210000000000002
2011-01-21 05:00:00,4.14
2011-01-21 06:00:00,30.32
2011-01-21 07:00:00,88.57
2011-01-21 08:00:00,199.24
2011-01-21 09:00:00,131.84
2011-01-21 10:00:00,50.31999999999999
2011-01-21 11:00:00,58.76
2011-01-21 12:00:00,75.99
2011-01-21 13:00:00,71.8
2011-01-21 14:00:00,69.94
2011-01-21 15:00:00,70.09
2011-01-21 16:00:00,87.56
2011-01-21 17:00:00,159.82
2011-01-21 18:00:00,155.58999999999997
2011-01-21 19:00:00,105.12
2011-01-21 20:00:00,70.22000000000001
2011-01-21 21:00:00,45.14
2011-01-21 22:00:00,33.36
2011-01-21 23:00:00,20.57
2011-01-22 00:00:00,26.740000000000002
2011-01-22 01:00:00,18.96
2011-01-22 02:00:00,14.860000000000001
2011-01-22 03:00:00,7.9
2011-01-22 04:00:00,3.1799999999999997
2011-01-22 06:00:00,3.29
2011-01-22 07:00:00,11.68
2011-01-22 08:00:00,24.22
2011-01-22 09:00:00,29.09
2011-01-22 10:00:00,55.86
2011-01-22 11:00:00,59.68
2011-01-22 12:00:00,81.77000000000001
2011-01-22 13:00:00,87.13
2011-01-22 14:00:00,81.46
2011-01-22 15:00:00,81.92
2011-01-22 16:00:00,84.43
2011-01-22 17:00:00,87.92
2011-01-22 18:00:00,62.669999999999995
2011-01-22 19:00:00,38.75
2011-01-22 20:00:00,40.080000000000005
2011-01-22 21:00:00,40.18
2011-01-22 22:00:00,30.169999999999998
2011-01-22 23:00:00,18.72
2011-01-23 00:00:00,29.330000000000002
2011-01-23 01:00:00,20.410000000000004
2011-01-23 02:00:00,17.25
2011-01-23 03:00:00,13.129999999999999
2011-01-23 05:00:00,3.08
2011-01-23 06:00:00,2.5999999999999996
2011-01-23 07:00:00,7.26
2011-01-23 08:00:00,19.53
2011-01-23 09:00:00,26.419999999999998
2011-01-23 10:00:00,52.79
2011-01-23 11:00:00,60.0
2011-01-23 12:00:00,76.30999999999999
2011-01-23 13:00:00,76.05
2011-01-23 14:00:00,78.81
2011-01-23 15:00:00,78.45
2011-01-23 16:00:00,82.42
2011-01-23 17:00:00,75.31
2011-01-23 18:00:00,69.27
2011-01-23 19:00:00,39.54
2011-01-23 20:00:00,32.04
2011-01-23 21:00:00,29.63
2011-01-23 22:00:00,21.51
2011-01-23 23:00:00,13.83
2011-01-24 00:00:00,11.84
2011-01-24 01:00:00,4.2700000000000005
2011-01-24 03:00:00,2.1799999999999997
2011-01-24 04:00:00,2.37
2011-01-24 05:00:00,5.9799999999999995
2011-01-24 06:00:00,32.5
2011-01-24 07:00:00,82.38000000000001
2011-01-24 08:00:00,179.5
2011-01-24 09:00:00,103.75999999999999
2011-01-24 10:00:00,40.38
2011-01-24 11:00:00,36.92
2011-01-24 12:00:00,54.6
2011-01-24 13:00:00,52.839999999999996
2011-01-24 14:00:00,48.14
2011-01-24 15:00:00,54.43
2011-01-24 16:00:00,73.63999999999999
2011-01-24 17:00:00,156.19
2011-01-24 18:00:00,151.29
2011-01-24 19:00:00,96.16
2011-01-24 20:00:00,68.47
2011-01-24 21:00:00,42.14
2011-01-24 22:00:00,25.29
2011-01-24 23:00:00,18.790000000000003
2011-01-25 00:00:00,7.98
2011-01-25 01:00:00,3.3400000000000003
2011-01-25 02:00:00,2.35
2011-01-25 04:00:00,1.31
2011-01-25 05:00:00,4.51
2011-01-25 06:00:00,35.129999999999995
2011-01-25 07:00:00,80.07
2011-01-25 08:00:00,178.79999999999998
2011-01-25 09:00:00,117.64
2011-01-25 10:00:00,52.89
2011-01-25 11:00:00,55.69
2011-01-25 12:00:00,70.27
2011-01-25 13:00:00,70.21000000000001
2011-01-25 14:00:00,72.2
2011-01-25 15:00:00,73.07000000000001
2011-01-25 16:00:00,97.22999999999999
2011-01-25 17:00:00,209.6
2011-01-25 18:00:00,197.60999999999999
2011-01-25 19:00:00,109.9
2011-01-25 20:00:00,74.92999999999999
2011-01-25 21:00:00,49.76
2011-01-25 22:00:00,39.879999999999995
2011-01-25 23:00:00,18.89
2011-01-26 00:00:00,8.44
2011-01-26 01:00:00,5.789999999999999
2011-01-26 02:00:00,2.83
2011-01-26 05:00:00,3.3
2011-01-26 06:00:00,28.45
2011-01-26 07:00:00,73.39
2011-01-26 08:00:00,165.14
2011-01-26 09:00:00,56.919999999999995
2011-01-26 10:00:00,30.61
2011-01-26 11:00:00,29.46
2011-01-26 12:00:00,28.79
2011-01-26 13:00:00,30.78
2011-01-26 14:00:00,28.22
2011-01-26 15:00:00,28.56
2011-01-26 16:00:00,53.690000000000005
2011-01-26 17:00:00,121.04
2011-01-27 16:00:00,77.23
2011-01-27 17:00:00,168.29999999999998
2011-01-27 18:00:00,137.15
2011-01-27 19:00:00,101.07
2011-01-27 20:00:00,75.27
2011-01-27 21:00:00,47.86
2011-01-27 22:00:00,40.78
2011-01-27 23:00:00,23.189999999999998
2011-01-28 00:00:00,15.41
2011-01-28 01:00:00,6.37
2011-01-28 02:00:00,2.6
2011-01-28 03:00:00,1.9675
2011-01-28 05:00:00,5.826
2011-01-28 06:00:00,28.759999999999998
2011-01-28 07:00:00,85.86
2011-01-28 08:00:00,196.75
2011-01-28 09:00:00,60.31
2011-01-28 10:00:00,34.19
2011-01-28 11:00:00,32.71
2011-01-28 12:00:00,36.87
2011-01-28 13:00:00,38.82
2011-01-28 14:00:00,40.32
2011-01-28 15:00:00,53.160000000000004
2011-01-28 16:00:00,74.71
2011-01-28 17:00:00,168.76000000000002
2011-01-28 18:00:00,155.58
2011-01-28 19:00:00,103.4
2011-01-28 20:00:00,72.96000000000001
2011-01-28 21:00:00,47.2
2011-01-28 22:00:00,41.89
2011-01-28 23:00:00,24.74
2011-01-29 00:00:00,31.82
2011-01-29 01:00:00,21.38
2011-01-29 02:00:00,17.45
2011-01-29 03:00:00,11.22
2011-01-29 04:00:00,3.44
2011-01-29 06:00:00,2.7399999999999998
2011-01-29 07:00:00,10.42
2011-01-29 08:00:00,24.650000000000002
2011-01-29 09:00:00,41.44
2011-01-29 10:00:00,62.39
2011-01-29 11:00:00,61.730000000000004
2011-01-29 12:00:00,86.09
2011-01-29 13:00:00,88.66
2011-01-29 14:00:00,84.64
2011-01-29 15:00:00,76.69
2011-01-29 16:00:00,95.88
2011-01-29 17:00:00,79.89999999999999
2011-01-29 18:00:00,72.94
2011-01-29 19:00:00,56.5
2011-01-29 20:00:00,43.879999999999995
2011-01-29 21:00:00,43.0
2011-01-29 22:00:00,36.36
2011-01-29 23:00:00,24.46
2011-01-30 00:00:00,28.8
2011-01-30 01:00:00,24.83
2011-01-30 02:00:00,20.37
2011-01-30 03:00:00,10.61
2011-01-30 04:00:00,5.33
2011-01-30 05:00:00,4.77
2011-01-30 07:00:00,8.219999999999999
2011-01-30 08:00:00,18.73
2011-01-30 09:00:00,29.18
2011-01-30 10:00:00,59.28
2011-01-30 11:00:00,64.97
2011-01-30 12:00:00,115.66999999999999
2011-01-30 13:00:00,103.25
2011-01-30 14:00:00,105.83
2011-01-30 15:00:00,108.64
2011-01-30 16:00:00,103.99
2011-01-30 17:00:00,81.09
2011-01-30 18:00:00,71.74
2011-01-30 19:00:00,41.15
2011-01-30 20:00:00,32.81
2011-01-30 21:00:00,31.549999999999997
2011-01-30 22:00:00,23.47
2011-01-30 23:00:00,18.22
2011-01-31 00:00:00,11.309999999999999
2011-01-31 01:00:00,4.05
2011-01-31 02:00:00,3.0599999999999996
2011-01-31 03:00:00,2.01
2011-01-31 04:00:00,1.61
2011-01-31 05:00:00,2.31
2011-01-31 06:00:00,33.71
2011-01-31 07:00:00,81.8
2011-01-31 08:00:00,165.54
2011-01-31 09:00:00,91.81
2011-01-31 10:00:00,41.36
2011-01-31 11:00:00,38.88
2011-01-31 12:00:00,57.97
2011-01-31 13:00:00,56.440000000000005
2011-01-31 14:00:00,53.52
2011-01-31 15:00:00,50.959999999999994
2011-01-31 16:00:00,72.78
2011-01-31 17:00:00,158.45000000000002
2011-01-31 18:00:00,149.9
2011-01-31 19:00:00,132.53
2011-01-31 20:00:00,65.96
2011-01-31 21:00:00,31.38
2011-01-31 22:00:00,30.22
2011-01-31 23:00:00,19.23
2011-02-20 00:00:00,36.620000000000005
2011-02-20 01:00:00,27.12
2011-02-20 02:00:00,21.17
2011-02-20 03:00:00,8.53
2011-02-20 04:00:00,3.36
2011-02-20 06:00:00,2.6100000000000003
2011-02-20 07:00:00,9.030000000000001
2011-02-20 08:00:00,24.189999999999998
2011-02-20 09:00:00,42.72
2011-02-20 10:00:00,102.87
2011-02-20 11:00:00,130.32
2011-02-20 12:00:00,148.57999999999998
2011-02-20 13:00:00,159.29000000000002
2011-02-20 14:00:00,178.62
2011-02-20 15:00:00,189.37
2011-02-20 16:00:00,181.53
2011-02-20 17:00:00,128.53
2011-02-20 18:00:00,89.99000000000001
2011-02-20 19:00:00,72.95
2011-02-20 20:00:00,71.9
2011-02-20 21:00:00,62.830000000000005
2011-02-20 22:00:00,52.49
2011-02-20 23:00:00,39.89
2011-02-21 00:00:00,23.42
2011-02-21 01:00:00,19.06
2011-02-21 02:00:00,9.89
2011-02-21 03:00:00,5.09
2011-02-21 04:00:00,4.25
2011-02-21 05:00:00,9.46
2011-02-21 06:00:00,21.67
2011-02-21 07:00:00,105.69
2011-02-21 08:00:00,143.26
2011-02-21 09:00:00,82.81
2011-02-21 10:00:00,85.09
2011-02-21 11:00:00,88.22
2011-02-21 12:00:00,94.28
2011-02-21 13:00:00,69.00999999999999
2011-02-21 14:00:00,89.55000000000001
2011-02-21 15:00:00,84.32
2011-02-21 16:00:00,79.74000000000001
2011-02-21 17:00:00,95.94999999999999
2011-02-21 18:00:00,82.94
2011-02-21 19:00:00,66.16
2011-02-21 20:00:00,45.33
2011-02-21 21:00:00,37.459999999999994
2011-02-21 22:00:00,25.96
2011-02-21 23:00:00,18.98
2011-02-22 06:00:00,33.31
2011-02-22 07:00:00,89.47000000000001
2011-02-22 08:00:00,201.79999999999998
2011-02-22 09:00:00,110.32
2011-02-22 10:00:00,44.53
2011-02-22 11:00:00,49.900000000000006
2011-02-22 12:00:00,59.68000000000001
2011-02-22 13:00:00,73.78
2011-02-22 14:00:00,70.87
2011-02-22 15:00:00,74.08000000000001
2011-02-22 16:00:00,74.96
2011-02-22 17:00:00,169.31
2011-02-22 18:00:00,164.89
2011-02-22 19:00:00,99.38
2011-02-22 20:00:00,81.21000000000001
2011-02-22 21:00:00,55.76
2011-02-22 22:00:00,34.940000000000005
2011-02-22 23:00:00,23.130000000000003
2011-02-23 00:00:00,10.26
2011-02-23 01:00:00,5.739999999999999
2011-02-23 02:00:00,1.66
2011-02-23 03:00:00,1.36
2011-02-23 05:00:00,6.1000000000000005
2011-02-23 06:00:00,34.86
2011-02-23 07:00:00,85.93
2011-02-23 08:00:00,197.85999999999999
2011-02-23 09:00:00,123.58
2011-02-23 10:00:00,52.47
2011-02-23 11:00:00,59.29
2011-02-23 12:00:00,75.54
2011-02-23 13:00:00,74.44
2011-02-23 14:00:00,73.09
2011-02-23 15:00:00,72.66
2011-02-23 16:00:00,99.6
2011-02-23 17:00:00,215.67
2011-02-23 18:00:00,203.52
2011-02-23 19:00:00,137.16
2011-02-23 20:00:00,78.43
2011-02-23 21:00:00,64.92999999999999
2011-02-23 22:00:00,47.86000000000001
2011-02-23 23:00:00,30.03
2011-02-24 00:00:00,12.8
2011-02-24 01:00:00,6.640000000000001
2011-02-24 02:00:00,2.39
2011-02-24 03:00:00,1.38
2011-02-24 05:00:00,5.99
2011-02-24 06:00:00,35.66
2011-02-24 07:00:00,95.0
2011-02-24 08:00:00,245.92000000000002
2011-02-24 09:00:00,128.85
2011-02-24 10:00:00,59.23
2011-02-24 11:00:00,71.52
2011-02-24 12:00:00,87.25
2011-02-24 13:00:00,85.75
2011-02-24 14:00:00,83.82000000000001
2011-02-24 15:00:00,46.82
2011-02-24 16:00:00,75.49
2011-02-24 17:00:00,186.25
2011-02-24 18:00:00,144.74
2011-02-24 19:00:00,96.78999999999999
2011-02-24 20:00:00,73.86999999999999
2011-02-24 21:00:00,67.47
2011-02-24 22:00:00,33.79
2011-02-24 23:00:00,36.03
2011-02-25 00:00:00,16.93
2011-02-25 01:00:00,11.42
2011-02-25 02:00:00,6.87
2011-02-25 03:00:00,2.763333333333333
2011-02-25 05:00:00,10.6
2011-02-25 06:00:00,49.74
2011-02-25 07:00:00,96.14999999999999
2011-02-25 08:00:00,176.39999999999998
2011-02-25 09:00:00,70.08
2011-02-25 10:00:00,54.54
2011-02-25 11:00:00,116.28
2011-02-25 12:00:00,164.62
2011-02-25 13:00:00,164.81
2011-02-25 14:00:00,165.61
2011-02-25 15:00:00,144.20999999999998
2011-02-25 16:00:00,111.67999999999999
2011-02-25 17:00:00,192.93
2011-02-25 18:00:00,168.49
2011-02-25 19:00:00,112.86999999999999
2011-02-25 20:00:00,72.66
2011-02-25 21:00:00,53.54
2011-02-25 22:00:00,43.68
2011-02-25 23:00:00,35.37
2011-02-26 00:00:00,30.79
2011-02-26 01:00:00,19.630000000000003
2011-02-26 02:00:00,17.990000000000002
2011-02-26 03:00:00,10.55
2011-02-26 04:00:00,3.4699999999999998
2011-02-26 05:00:00,3.33
2011-02-26 06:00:00,3.42
2011-02-26 07:00:00,10.510000000000002
2011-02-26 08:00:00,27.05
2011-02-26 09:00:00,47.43
2011-02-26 10:00:00,113.49
2011-02-26 11:00:00,130.88
2011-02-26 12:00:00,142.29000000000002
2011-02-26 13:00:00,144.13
2011-02-26 14:00:00,144.75
2011-02-26 15:00:00,160.71
2011-02-26 16:00:00,150.74
2011-02-26 17:00:00,137.17
2011-02-26 18:00:00,91.9
2011-02-26 19:00:00,69.57
2011-02-26 20:00:00,56.04
2011-02-26 21:00:00,53.81
2011-02-26 22:00:00,50.76
2011-02-26 23:00:00,43.76
2011-02-27 00:00:00,33.269999999999996
2011-02-27 01:00:00,26.34
2011-02-27 02:00:00,23.95
2011-02-27 03:00:00,12.03
2011-02-27 04:00:00,5.84
2011-02-27 06:00:00,2.48
2011-02-27 07:00:00,9.71
2011-02-27 08:00:00,20.82
2011-02-27 09:00:00,51.74
2011-02-27 10:00:00,100.66000000000001
2011-02-27 11:00:00,143.03
2011-02-27 12:00:00,174.07999999999998
2011-02-27 13:00:00,164.67
2011-02-27 14:00:00,191.8
2011-02-27 15:00:00,206.26999999999998
2011-02-27 16:00:00,216.9
2011-02-27 17:00:00,133.42
2011-02-27 18:00:00,106.25
2011-02-27 19:00:00,82.38
2011-02-27 20:00:00,70.18
2011-02-27 21:00:00,62.760000000000005
2011-02-27 22:00:00,59.93
2011-02-27 23:00:00,43.37
2011-02-28 00:00:00,19.56
2011-02-28 01:00:00,5.99
2011-02-28 03:00:00,1.95
2011-02-28 05:00:00,11.09
2011-02-28 06:00:00,44.46
2011-02-28 07:00:00,117.00999999999999
2011-02-28 08:00:00,235.01000000000002
2011-02-28 09:00:00,147.56
2011-02-28 10:00:00,88.50999999999999
2011-02-28 11:00:00,94.87
2011-02-28 12:00:00,128.27
2011-02-28 13:00:00,67.92999999999999
2011-02-28 14:00:00,46.54
2011-02-28 15:00:00,46.71
2011-02-28 16:00:00,79.45
2011-02-28 17:00:00,152.38
2011-02-28 18:00:00,225.04000000000002
2011-02-28 19:00:00,130.04999999999998
2011-02-28 20:00:00,128.43
2011-02-28 21:00:00,78.91
2011-02-28 22:00:00,35.93
2011-02-28 23:00:00,26.29
2011-03-20 00:00:00,42.22
2011-03-20 01:00:00,30.89
2011-03-20 02:00:00,25.599999999999998
2011-03-20 03:00:00,13.28
2011-03-20 04:00:00,4.38
2011-03-20 05:00:00,4.98
2011-03-20 06:00:00,6.470000000000001
2011-03-20 07:00:00,16.27
2011-03-20 08:00:00,47.04
2011-03-20 09:00:00,70.3
2011-03-20 10:00:00,138.0
2011-03-20 11:00:00,163.18
2011-03-20 12:00:00,207.92000000000002
2011-03-20 13:00:00,212.81
2011-03-20 14:00:00,220.03
2011-03-20 15:00:00,236.93
2011-03-20 16:00:00,239.27
2011-03-20 17:00:00,191.04000000000002
2011-03-20 18:00:00,150.78
2011-03-20 19:00:00,96.44
2011-03-20 20:00:00,86.3
2011-03-20 21:00:00,69.35
2011-03-20 22:00:00,56.6
2011-03-20 23:00:00,43.74
2011-03-21 00:00:00,15.129999999999999
2011-03-21 01:00:00,7.68
2011-03-21 02:00:00,5.52
2011-03-21 03:00:00,3.09
2011-03-21 05:00:00,8.92
2011-03-21 06:00:00,48.300000000000004
2011-03-21 07:00:00,83.94
2011-03-21 08:00:00,242.59
2011-03-21 09:00:00,144.71
2011-03-21 10:00:00,69.0
2011-03-21 11:00:00,75.07
2011-03-21 12:00:00,79.67
2011-03-21 13:00:00,115.85
2011-03-21 14:00:00,124.84
2011-03-21 15:00:00,147.88
2011-03-21 16:00:00,176.35999999999999
2011-03-21 17:00:00,347.73
2011-03-21 18:00:00,317.17
2011-03-21 19:00:00,269.62
2011-03-21 20:00:00,183.0
2011-03-21 21:00:00,110.26
2011-03-21 22:00:00,99.63
2011-03-21 23:00:00,52.73
2011-03-22 00:00:00,32.8
2011-03-22 01:00:00,10.18
2011-03-22 02:00:00,6.68
2011-03-22 03:00:00,3.87
2011-03-22 04:00:00,3.33
2011-03-22 05:00:00,15.770000000000001
2011-03-22 06:00:00,51.99
2011-03-22 07:00:00,153.08
2011-03-22 08:00:00,279.85
2011-03-22 09:00:00,153.65
2011-03-22 10:00:00,82.3
2011-03-22 11:00:00,81.92
2011-03-22 12:00:00,115.77000000000001
2011-03-22 13:00:00,115.91999999999999
2011-03-22 14:00:00,112.83
2011-03-22 15:00:00,120.31
2011-03-22 16:00:00,160.36
2011-03-22 17:00:00,326.18
2011-03-22 18:00:00,303.84
2011-03-22 19:00:00,184.24
2011-03-22 20:00:00,138.3
2011-03-22 21:00:00,97.78
2011-03-22 22:00:00,70.2
2011-03-22 23:00:00,42.1
2011-03-23 00:00:00,19.189999999999998
2011-03-23 01:00:00,7.58
2011-03-23 02:00:00,4.87
2011-03-23 03:00:00,2.74
2011-03-23 05:00:00,8.969999999999999
2011-03-23 06:00:00,49.72
2011-03-23 07:00:00,122.59
2011-03-23 08:00:00,263.15
2011-03-23 09:00:00,153.65
2011-03-23 10:00:00,64.56
2011-03-23 11:00:00,62.1
2011-03-23 12:00:00,73.97
2011-03-23 13:00:00,48.980000000000004
2011-03-23 14:00:00,73.05
2011-03-23 15:00:00,77.36999999999999
2011-03-23 16:00:00,137.29
2011-03-23 17:00:00,264.02
2011-03-23 18:00:00,188.0
2011-03-23 19:00:00,135.64
2011-03-23 20:00:00,70.12
2011-03-23 21:00:00,51.830000000000005
2011-03-23 22:00:00,37.46
2011-03-23 23:00:00,27.72
2011-03-24 00:00:00,15.2
2011-03-24 01:00:00,7.2299999999999995
2011-03-24 02:00:00,5.069999999999999
2011-03-24 03:00:00,3.0300000000000002
2011-03-24 04:00:00,2.5700000000000003
2011-03-24 05:00:00,10.270000000000001
2011-03-24 06:00:00,42.68
2011-03-24 07:00:00,90.15
2011-03-24 08:00:00,160.38
2011-03-24 09:00:00,146.21
2011-03-24 10:00:00,56.07
2011-03-24 11:00:00,65.05
2011-03-24 12:00:00,77.97
2011-03-24 13:00:00,84.2
2011-03-24 14:00:00,76.84
2011-03-24 15:00:00,75.69999999999999
2011-03-24 16:00:00,95.02
2011-03-24 17:00:00,199.86
2011-03-24 18:00:00,184.17
2011-03-24 19:00:00,115.64
2011-03-24 20:00:00,78.14
2011-03-24 21:00:00,60.48
2011-03-24 22:00:00,48.7
2011-03-24 23:00:00,33.86
2011-03-25 00:00:00,18.21
2011-03-25 01:00:00,6.010000000000001
2011-03-25 02:00:00,3.5
2011-03-25 03:00:00,3.0225
2011-03-25 04:00:00,1.976
2011-03-25 05:00:00,8.59
2011-03-25 06:00:00,35.379999999999995
2011-03-25 07:00:00,109.56
2011-03-25 08:00:00,244.56
2011-03-25 09:00:00,139.66
2011-03-25 10:00:00,76.14
2011-03-25 11:00:00,86.44
2011-03-25 12:00:00,96.71
2011-03-25 13:00:00,92.65
2011-03-25 14:00:00,101.66
2011-03-25 15:00:00,92.84
2011-03-25 16:00:00,123.92
2011-03-25 17:00:00,223.37
2011-03-25 18:00:00,202.31
2011-03-25 19:00:00,127.35
2011-03-25 20:00:00,84.33000000000001
2011-03-25 21:00:00,70.67
2011-03-25 22:00:00,47.010000000000005
2011-03-25 23:00:00,35.96
2011-03-26 00:00:00,38.84
2011-03-26 01:00:00,27.14
2011-03-26 02:00:00,18.9
2011-03-26 03:00:00,10.290000000000001
2011-03-26 04:00:00,4.53
2011-03-26 05:00:00,3.4899999999999998
2011-03-26 06:00:00,9.32
2011-03-26 07:00:00,17.580000000000002
2011-03-26 08:00:00,54.19
2011-03-26 09:00:00,74.26
2011-03-26 10:00:00,108.69999999999999
2011-03-26 11:00:00,117.11999999999999
2011-03-26 12:00:00,134.97
2011-03-26 13:00:00,146.59
2011-03-26 14:00:00,154.51
2011-03-26 15:00:00,161.76
2011-03-26 16:00:00,174.48000000000002
2011-03-26 17:00:00,161.09
2011-03-26 18:00:00,152.4
2011-03-26 19:00:00,71.03
2011-03-26 20:00:00,58.71
2011-03-26 21:00:00,59.14
2011-03-26 22:00:00,51.28
2011-03-26 23:00:00,37.18
2011-03-27 00:00:00,39.63
2011-03-27 01:00:00,22.57
2011-03-27 02:00:00,20.65
2011-03-27 03:00:00,11.85
2011-03-27 04:00:00,5.7
2011-03-27 06:00:00,9.31
2011-03-27 07:00:00,15.83
2011-03-27 08:00:00,43.5
2011-03-27 09:00:00,64.37
2011-03-27 10:00:00,88.31
2011-03-27 11:00:00,106.76
2011-03-27 12:00:00,124.78
2011-03-27 13:00:00,135.54
2011-03-27 14:00:00,155.59
2011-03-27 15:00:00,145.32999999999998
2011-03-27 16:00:00,163.98
2011-03-27 17:00:00,131.84
2011-03-27 18:00:00,106.60000000000001
2011-03-27 19:00:00,72.53999999999999
2011-03-27 20:00:00,55.97
2011-03-27 21:00:00,48.31
2011-03-27 22:00:00,43.589999999999996
2011-03-27 23:00:00,32.38
2011-03-28 00:00:00,12.42
2011-03-28 01:00:00,5.1899999999999995
2011-03-28 02:00:00,3.42
2011-03-28 03:00:00,2.13
2011-03-28 05:00:00,6.859999999999999
2011-03-28 06:00:00,37.419999999999995
2011-03-28 07:00:00,106.64
2011-03-28 08:00:00,230.13
2011-03-28 09:00:00,130.57999999999998
2011-03-28 10:00:00,61.65
2011-03-28 11:00:00,63.900000000000006
2011-03-28 12:00:00,80.34
2011-03-28 13:00:00,80.47
2011-03-28 14:00:00,79.27
2011-03-28 15:00:00,80.83
2011-03-28 16:00:00,110.72999999999999
2011-03-28 17:00:00,236.49
2011-03-28 18:00:00,224.84
2011-03-28 19:00:00,138.48000000000002
2011-03-28 20:00:00,99.00999999999999
2011-03-28 21:00:00,70.66
2011-03-28 22:00:00,51.38
2011-03-28 23:00:00,28.23
2011-03-29 00:00:00,13.98
2011-03-29 01:00:00,3.8
2011-03-29 02:00:00,3.59
2011-03-29 03:00:00,2.49
2011-03-29 04:00:00,2.17
2011-03-29 05:00:00,6.7
2011-03-29 06:00:00,41.68
2011-03-29 07:00:00,116.11
2011-03-29 08:00:00,250.54
2011-03-29 09:00:00,149.12
2011-03-29 10:00:00,68.74
2011-03-29 11:00:00,78.75
2011-03-29 12:00:00,89.93
2011-03-29 13:00:00,90.09
2011-03-29 14:00:00,93.55
2011-03-29 15:00:00,93.5
2011-03-29 16:00:00,111.76
2011-03-29 17:00:00,277.48
2011-03-29 18:00:00,248.87
2011-03-29 19:00:00,155.82999999999998
2011-03-29 20:00:00,120.07
2011-03-29 21:00:00,87.92
2011-03-29 22:00:00,61.88
2011-03-29 23:00:00,34.88
2011-03-30 00:00:00,18.09
2011-03-30 01:00:00,9.48
2011-03-30 02:00:00,4.68
2011-03-30 03:00:00,4.05
2011-03-30 04:00:00,3.4699999999999998
2011-03-30 05:00:00,11.35
2011-03-30 06:00:00,45.230000000000004
2011-03-30 07:00:00,140.14
2011-03-30 08:00:00,272.53000000000003
2011-03-30 09:00:00,157.6
2011-03-30 10:00:00,76.65
2011-03-30 11:00:00,76.88
2011-03-30 12:00:00,85.50999999999999
2011-03-30 13:00:00,92.41
2011-03-30 14:00:00,84.04
2011-03-30 15:00:00,46.87
2011-03-30 16:00:00,59.08
2011-03-30 17:00:00,146.59
2011-03-30 18:00:00,134.11
2011-03-30 19:00:00,80.11
2011-03-30 20:00:00,57.279999999999994
2011-03-30 21:00:00,57.449999999999996
2011-03-30 22:00:00,37.93
2011-03-30 23:00:00,25.509999999999998
2011-03-31 00:00:00,11.24
2011-03-31 01:00:00,5.74
2011-03-31 02:00:00,4.24
2011-03-31 03:00:00,2.98
2011-03-31 04:00:00,2.5500000000000003
2011-03-31 05:00:00,9.559999999999999
2011-03-31 06:00:00,30.12
2011-03-31 07:00:00,87.89
2011-03-31 08:00:00,228.65
2011-03-31 09:00:00,68.28999999999999
2011-03-31 10:00:00,35.68
2011-03-31 11:00:00,40.11
2011-03-31 12:00:00,48.57
2011-03-31 13:00:00,46.970000000000006
2011-03-31 14:00:00,41.6
2011-03-31 15:00:00,37.75
2011-03-31 16:00:00,83.78
2011-03-31 17:00:00,168.49
2011-03-31 18:00:00,165.54000000000002
2011-03-31 19:00:00,116.31
2011-03-31 20:00:00,59.74
2011-03-31 21:00:00,62.510000000000005
2011-03-31 22:00:00,38.1
2011-03-31 23:00:00,36.900000000000006
2011-04-20 00:00:00,37.08
2011-04-20 01:00:00,7.83
2011-04-20 02:00:00,6.41
2011-04-20 03:00:00,3.7700000000000005
2011-04-20 04:00:00,4.25
2011-04-20 05:00:00,17.0
2011-04-20 06:00:00,57.54
2011-04-20 07:00:00,169.48
2011-04-20 08:00:00,330.97
2011-04-20 09:00:00,175.34
2011-04-20 10:00:00,113.03
2011-04-20 11:00:00,122.24
2011-04-20 12:00:00,137.41
2011-04-20 13:00:00,135.39
2011-04-20 14:00:00,138.92
2011-04-20 15:00:00,141.95999999999998
2011-04-20 16:00:00,204.58999999999997
2011-04-20 17:00:00,383.08
2011-04-20 18:00:00,376.29999999999995
2011-04-20 19:00:00,305.78000000000003
2011-04-20 20:00:00,203.64999999999998
2011-04-20 21:00:00,163.8
2011-04-20 22:00:00,118.15
2011-04-20 23:00:00,91.14
2011-04-21 00:00:00,38.16
2011-04-21 01:00:00,14.52
2011-04-21 02:00:00,11.739999999999998
2011-04-21 03:00:00,4.29
2011-04-21 04:00:00,3.68
2011-04-21 05:00:00,14.53
2011-04-21 06:00:00,46.71
2011-04-21 07:00:00,150.35
2011-04-21 08:00:00,281.96999999999997
2011-04-21 09:00:00,175.71
2011-04-21 10:00:00,91.71000000000001
2011-04-21 11:00:00,99.21000000000001
2011-04-21 12:00:00,135.67
2011-04-21 13:00:00,130.04
2011-04-21 14:00:00,121.45
2011-04-21 15:00:00,120.49000000000001
2011-04-21 16:00:00,165.75
2011-04-21 17:00:00,344.28000000000003
2011-04-21 18:00:00,331.0
2011-04-21 19:00:00,229.26999999999998
2011-04-21 20:00:00,195.56
2011-04-21 21:00:00,124.91
2011-04-21 22:00:00,107.19999999999999
2011-04-21 23:00:00,61.57
2011-04-22 00:00:00,33.480000000000004
2011-04-22 01:00:00,20.810000000000002
2011-04-22 02:00:00,9.02
2011-04-22 03:00:00,5.5633333333333335
2011-04-22 04:00:00,4.6
2011-04-22 05:00:00,12.14
2011-04-22 06:00:00,53.74
2011-04-22 07:00:00,146.29
2011-04-22 08:00:00,280.96999999999997
2011-04-22 09:00:00,80.34
2011-04-22 10:00:00,86.01
2011-04-22 11:00:00,52.66
2011-04-22 12:00:00,56.82
2011-04-22 13:00:00,43.36
2011-04-22 14:00:00,25.52
2011-04-22 15:00:00,38.04
2011-04-22 16:00:00,80.02
2011-04-22 17:00:00,136.49
2011-04-22 18:00:00,100.7
2011-04-22 19:00:00,86.5
2011-04-22 20:00:00,73.23
2011-04-22 21:00:00,63.45
2011-04-22 22:00:00,50.33
2011-04-22 23:00:00,44.49
2011-04-23 00:00:00,31.84
2011-04-23 01:00:00,25.84
2011-04-23 02:00:00,23.43
2011-04-23 03:00:00,19.84
2011-04-23 04:00:00,6.800000000000001
2011-04-23 05:00:00,6.8
2011-04-23 06:00:00,16.3
2011-04-23 07:00:00,20.700000000000003
2011-04-23 08:00:00,55.0
2011-04-23 09:00:00,70.44999999999999
2011-04-23 10:00:00,120.66
2011-04-23 11:00:00,104.53
2011-04-23 12:00:00,107.11
2011-04-23 13:00:00,117.82000000000001
2011-04-23 14:00:00,209.61
2011-04-23 15:00:00,264.68
2011-04-23 16:00:00,282.07
2011-04-23 17:00:00,329.19
2011-04-23 18:00:00,257.67
2011-04-23 19:00:00,213.34
2011-04-23 20:00:00,155.72
2011-04-23 21:00:00,156.6
2011-04-23 22:00:00,143.62
2011-04-23 23:00:00,105.56
2011-04-24 00:00:00,81.9
2011-04-24 01:00:00,60.21
2011-04-24 02:00:00,41.78
2011-04-24 03:00:00,27.68
2011-04-24 04:00:00,8.649999999999999
2011-04-24 05:00:00,9.629999999999999
2011-04-24 06:00:00,16.74
2011-04-24 07:00:00,39.36
2011-04-24 08:00:00,87.84
2011-04-24 09:00:00,131.36
2011-04-24 10:00:00,223.85
2011-04-24 11:00:00,273.25
2011-04-24 12:00:00,299.95
2011-04-24 13:00:00,297.15999999999997
2011-04-24 14:00:00,311.02
2011-04-24 15:00:00,309.73
2011-04-24 16:00:00,321.932
2011-04-24 17:00:00,368.23
2011-04-24 18:00:00,325.3
2011-04-24 19:00:00,200.45
2011-04-24 20:00:00,171.1
2011-04-24 21:00:00,82.81
2011-04-24 22:00:00,58.7
2011-04-24 23:00:00,62.28
2011-04-25 00:00:00,22.439999999999998
2011-04-25 01:00:00,13.02
2011-04-25 02:00:00,8.67
2011-04-25 03:00:00,4.5600000000000005
2011-04-25 04:00:00,4.77
2011-04-25 05:00:00,12.0
2011-04-25 06:00:00,62.29
2011-04-25 07:00:00,182.53
2011-04-25 08:00:00,327.04
2011-04-25 09:00:00,162.67000000000002
2011-04-25 10:00:00,104.34
2011-04-25 11:00:00,111.39
2011-04-25 12:00:00,135.3
2011-04-25 13:00:00,151.82999999999998
2011-04-25 14:00:00,155.44
2011-04-25 15:00:00,156.76999999999998
2011-04-25 16:00:00,213.48
2011-04-25 17:00:00,395.8
2011-04-25 18:00:00,375.37
2011-04-25 19:00:00,282.65
2011-04-25 20:00:00,194.43
2011-04-25 21:00:00,159.72
2011-04-25 22:00:00,100.09
2011-04-25 23:00:00,62.300000000000004
2011-04-26 00:00:00,26.229999999999997
2011-04-26 01:00:00,13.26
2011-04-26 02:00:00,6.23
2011-04-26 03:00:00,3.82
2011-04-26 04:00:00,3.88
2011-04-26 05:00:00,16.669999999999998
2011-04-26 06:00:00,64.4
2011-04-26 07:00:00,167.71
2011-04-26 08:00:00,315.06
2011-04-26 09:00:00,155.71
2011-04-26 10:00:00,101.29
2011-04-26 11:00:00,108.21
2011-04-26 12:00:00,139.21
2011-04-26 13:00:00,142.01999999999998
2011-04-26 14:00:00,139.53
2011-04-26 15:00:00,135.56
2011-04-26 16:00:00,209.10999999999999
2011-04-26 17:00:00,390.65999999999997
2011-04-26 18:00:00,383.28
2011-04-26 19:00:00,277.34
2011-04-26 20:00:00,184.37
2011-04-26 21:00:00,157.12
2011-04-26 22:00:00,118.68
2011-04-26 23:00:00,67.8
2011-04-27 00:00:00,31.189999999999998
2011-04-27 01:00:00,11.6
2011-04-27 02:00:00,7.66
2011-04-27 03:00:00,3.7
2011-04-27 04:00:00,4.18
2011-04-27 05:00:00,13.07
2011-04-27 06:00:00,66.17
2011-04-27 07:00:00,178.38
2011-04-27 08:00:00,312.06
2011-04-27 09:00:00,146.46
2011-04-27 10:00:00,96.73
2011-04-27 11:00:00,96.39
2011-04-27 12:00:00,108.28
2011-04-27 13:00:00,108.55
2011-04-27 14:00:00,124.57
2011-04-27 15:00:00,133.66
2011-04-27 16:00:00,194.76999999999998
2011-04-27 17:00:00,352.38
2011-04-27 18:00:00,343.61
2011-04-27 19:00:00,274.82
2011-04-27 20:00:00,185.37
2011-04-27 21:00:00,130.48
2011-04-27 22:00:00,100.99
2011-04-27 23:00:00,69.28999999999999
2011-04-28 00:00:00,44.35
2011-04-28 01:00:00,13.39
2011-04-28 02:00:00,7.65
2011-04-28 03:00:00,5.17
2011-04-28 04:00:00,4.57
2011-04-28 05:00:00,15.540000000000001
2011-04-28 06:00:00,66.76
2011-04-28 07:00:00,167.91
2011-04-28 08:00:00,323.93
2011-04-28 09:00:00,151.51
2011-04-28 10:00:00,109.44999999999999
2011-04-28 11:00:00,108.17999999999999
2011-04-28 12:00:00,119.39
2011-04-28 13:00:00,116.87
2011-04-28 14:00:00,118.61000000000001
2011-04-28 15:00:00,140.84
2011-04-28 16:00:00,179.59
2011-04-28 17:00:00,379.49
2011-04-28 18:00:00,367.22
2011-04-28 19:00:00,266.36
2011-04-28 20:00:00,193.2
2011-04-28 21:00:00,158.39
2011-04-28 22:00:00,122.19
2011-04-28 23:00:00,112.60000000000001
2011-04-29 00:00:00,49.98
2011-04-29 01:00:00,28.36
2011-04-29 02:00:00,18.7
2011-04-29 03:00:00,5.800000000000001
2011-04-29 04:00:00,5.76
2011-04-29 05:00:00,18.37
2011-04-29 06:00:00,64.39
2011-04-29 07:00:00,190.35
2011-04-29 08:00:00,332.95
2011-04-29 09:00:00,205.44
2011-04-29 10:00:00,141.70999999999998
2011-04-29 11:00:00,163.67000000000002
2011-04-29 12:00:00,181.46
2011-04-29 13:00:00,183.45999999999998
2011-04-29 14:00:00,197.68
2011-04-29 15:00:00,178.72
2011-04-29 16:00:00,199.83
2011-04-29 17:00:00,364.49
2011-04-29 18:00:00,354.82
2011-04-29 19:00:00,215.28000000000003
2011-04-29 20:00:00,170.15
2011-04-29 21:00:00,135.36
2011-04-29 22:00:00,111.21
2011-04-29 23:00:00,95.88
2011-04-30 00:00:00,51.29
2011-04-30 01:00:00,42.61
2011-04-30 02:00:00,33.36
2011-04-30 03:00:00,21.11
2011-04-30 04:00:00,6.22
2011-04-30 05:00:00,5.3100000000000005
2011-04-30 06:00:00,18.509999999999998
2011-04-30 07:00:00,29.11
2011-04-30 08:00:00,58.839999999999996
2011-04-30 09:00:00,119.79
2011-04-30 10:00:00,227.60000000000002
2011-04-30 11:00:00,257.09999999999997
2011-04-30 12:00:00,287.18
2011-04-30 13:00:00,294.05
2011-04-30 14:00:00,272.74
2011-04-30 15:00:00,289.43
2011-04-30 16:00:00,295.26
2011-04-30 17:00:00,319.52
2011-04-30 18:00:00,282.85
2011-04-30 19:00:00,232.77999999999997
2011-04-30 20:00:00,112.44999999999999
2011-04-30 21:00:00,110.53
2011-04-30 22:00:00,99.54
2011-04-30 23:00:00,76.36
2011-05-20 00:00:00,40.08
2011-05-20 01:00:00,22.240000000000002
2011-05-20 02:00:00,14.45
2011-05-20 03:00:00,6.18
2011-05-20 04:00:00,4.96
2011-05-20 05:00:00,24.96
2011-05-20 06:00:00,88.21000000000001
2011-05-20 07:00:00,254.42000000000002
2011-05-20 08:00:00,459.06
2011-05-20 09:00:00,218.0
2011-05-20 10:00:00,156.42000000000002
2011-05-20 11:00:00,184.67
2011-05-20 12:00:00,247.10999999999999
2011-05-20 13:00:00,237.06
2011-05-20 14:00:00,245.54000000000002
2011-05-20 15:00:00,254.42
2011-05-20 16:00:00,357.55
2011-05-20 17:00:00,522.1
2011-05-20 18:00:00,480.21999999999997
2011-05-20 19:00:00,334.41999999999996
2011-05-20 20:00:00,223.31
2011-05-20 21:00:00,188.78
2011-05-20 22:00:00,152.23
2011-05-20 23:00:00,126.38
2011-05-21 00:00:00,104.56
2011-05-21 01:00:00,79.85000000000001
2011-05-21 02:00:00,58.87
2011-05-21 03:00:00,25.03
2011-05-21 04:00:00,8.41
2011-05-21 05:00:00,10.629999999999999
2011-05-21 06:00:00,18.71
2011-05-21 07:00:00,54.68000000000001
2011-05-21 08:00:00,114.25
2011-05-21 09:00:00,223.89
2011-05-21 10:00:00,291.26
2011-05-21 11:00:00,365.74
2011-05-21 12:00:00,382.585
2011-05-21 13:00:00,404.55
2011-05-21 14:00:00,406.26
2011-05-21 15:00:00,400.40999999999997
2011-05-21 16:00:00,401.88
2011-05-21 17:00:00,364.73366666666664
2011-05-21 18:00:00,350.3636666666667
2011-05-21 19:00:00,323.13
2011-05-21 20:00:00,256.59000000000003
2011-05-21 21:00:00,199.76
2011-05-21 22:00:00,159.84
2011-05-21 23:00:00,142.69
2011-05-22 00:00:00,106.81
2011-05-22 01:00:00,75.51
2011-05-22 02:00:00,54.699999999999996
2011-05-22 03:00:00,30.72
2011-05-22 04:00:00,11.07
2011-05-22 05:00:00,12.35
2011-05-22 06:00:00,12.67
2011-05-22 07:00:00,38.97
2011-05-22 08:00:00,89.39
2011-05-22 09:00:00,175.78
2011-05-22 10:00:00,276.32
2011-05-22 11:00:00,377.33000000000004
2011-05-22 12:00:00,388.54999999999995
2011-05-22 13:00:00,396.90999999999997
2011-05-22 14:00:00,365.83
2011-05-22 15:00:00,374.03
2011-05-22 16:00:00,403.19
2011-05-22 17:00:00,384.5083333333333
2011-05-22 18:00:00,353.245
2011-05-22 19:00:00,322.455
2011-05-22 20:00:00,255.08999999999997
2011-05-22 21:00:00,172.87
2011-05-22 22:00:00,127.28
2011-05-22 23:00:00,87.00999999999999
2011-05-23 00:00:00,31.35
2011-05-23 01:00:00,19.490000000000002
2011-05-23 02:00:00,7.890000000000001
2011-05-23 03:00:00,4.29
2011-05-23 04:00:00,4.81
2011-05-23 05:00:00,19.14
2011-05-23 06:00:00,96.59
2011-05-23 07:00:00,251.61
2011-05-23 08:00:00,389.31
2011-05-23 09:00:00,184.20000000000002
2011-05-23 10:00:00,118.89000000000001
2011-05-23 11:00:00,155.57
2011-05-23 12:00:00,188.20000000000002
2011-05-23 13:00:00,176.93
2011-05-23 14:00:00,162.10999999999999
2011-05-23 15:00:00,166.92
2011-05-23 16:00:00,277.82
2011-05-23 17:00:00,443.93
2011-05-23 18:00:00,498.91999999999996
2011-05-23 19:00:00,387.01
2011-05-23 20:00:00,216.58
2011-05-23 21:00:00,137.37
2011-05-23 22:00:00,118.12
2011-05-23 23:00:00,68.34
2011-05-24 00:00:00,22.84
2011-05-24 01:00:00,10.85
2011-05-24 02:00:00,8.95
2011-05-24 03:00:00,4.33
2011-05-24 04:00:00,5.89
2011-05-24 05:00:00,19.220000000000002
2011-05-24 06:00:00,100.57000000000001
2011-05-24 07:00:00,122.09
2011-05-24 08:00:00,295.24
2011-05-24 09:00:00,211.19
2011-05-24 10:00:00,128.38
2011-05-24 11:00:00,147.2
2011-05-24 12:00:00,184.48000000000002
2011-05-24 13:00:00,187.22
2011-05-24 14:00:00,160.5
2011-05-24 15:00:00,168.84
2011-05-24 16:00:00,288.7
2011-05-24 17:00:00,461.05
2011-05-24 18:00:00,504.77
2011-05-24 19:00:00,365.34999999999997
2011-05-24 20:00:00,292.03000000000003
2011-05-24 21:00:00,226.02999999999997
2011-05-24 22:00:00,79.69
2011-05-24 23:00:00,76.49000000000001
2011-05-25 00:00:00,28.53
2011-05-25 01:00:00,11.61
2011-05-25 02:00:00,9.530000000000001
2011-05-25 03:00:00,4.67
2011-05-25 04:00:00,6.0
2011-05-25 05:00:00,25.47
2011-05-25 06:00:00,103.75
2011-05-25 07:00:00,310.75
2011-05-25 08:00:00,442.82
2011-05-25 09:00:00,218.38
2011-05-25 10:00:00,144.27
2011-05-25 11:00:00,147.70000000000002
2011-05-25 12:00:00,188.7
2011-05-25 13:00:00,177.60000000000002
2011-05-25 14:00:00,156.97
2011-05-25 15:00:00,166.27
2011-05-25 16:00:00,286.43
2011-05-25 17:00:00,533.26
2011-05-25 18:00:00,516.66
2011-05-25 19:00:00,400.67999999999995
2011-05-25 20:00:00,320.66999999999996
2011-05-25 21:00:00,224.95000000000002
2011-05-25 22:00:00,155.22
2011-05-25 23:00:00,88.39
2011-05-26 00:00:00,47.94
2011-05-26 01:00:00,21.869999999999997
2011-05-26 02:00:00,9.66
2011-05-26 03:00:00,5.3500000000000005
2011-05-26 04:00:00,5.66
2011-05-26 05:00:00,21.25
2011-05-26 06:00:00,91.67999999999999
2011-05-26 07:00:00,211.94
2011-05-26 08:00:00,440.47999999999996
2011-05-26 09:00:00,205.23
2011-05-26 10:00:00,121.27000000000001
2011-05-26 11:00:00,152.12
2011-05-26 12:00:00,185.24
2011-05-26 13:00:00,167.2
2011-05-26 14:00:00,157.9
2011-05-26 15:00:00,161.74
2011-05-26 16:00:00,263.89
2011-05-26 17:00:00,537.03
2011-05-26 18:00:00,501.46000000000004
2011-05-26 19:00:00,367.92
2011-05-26 20:00:00,308.57
2011-05-26 21:00:00,213.56
2011-05-26 22:00:00,146.56
2011-05-26 23:00:00,116.7
2011-05-27 00:00:00,66.0
2011-05-27 01:00:00,23.9
2011-05-27 02:00:00,15.63
2011-05-27 03:00:00,6.720000000000001
2011-05-27 04:00:00,6.08
2011-05-27 05:00:00,26.79
2011-05-27 06:00:00,102.14
2011-05-27 07:00:00,263.45
2011-05-27 08:00:00,459.24
2011-05-27 09:00:00,219.34
2011-05-27 10:00:00,160.42000000000002
2011-05-27 11:00:00,168.18
2011-05-27 12:00:00,218.4
2011-05-27 13:00:00,226.76
2011-05-27 14:00:00,223.24
2011-05-27 15:00:00,226.7
2011-05-27 16:00:00,332.18
2011-05-27 17:00:00,527.96
2011-05-27 18:00:00,458.34000000000003
2011-05-27 19:00:00,289.02
2011-05-27 20:00:00,221.5
2011-05-27 21:00:00,176.09
2011-05-27 22:00:00,156.58
2011-05-27 23:00:00,131.72
2011-05-28 00:00:00,108.67
2011-05-28 01:00:00,90.03
2011-05-28 02:00:00,57.650000000000006
2011-05-28 03:00:00,25.62
2011-05-28 04:00:00,7.970000000000001
2011-05-28 05:00:00,9.35
2011-05-28 06:00:00,18.93
2011-05-28 07:00:00,53.98
2011-05-28 08:00:00,114.35999999999999
2011-05-28 09:00:00,219.95000000000002
2011-05-28 10:00:00,288.74
2011-05-28 11:00:00,377.52
2011-05-28 12:00:00,387.40999999999997
2011-05-28 13:00:00,396.32000000000005
2011-05-28 14:00:00,398.11
2011-05-28 15:00:00,422.85
2011-05-28 16:00:00,419.995
2011-05-28 17:00:00,398.37833333333333
2011-05-28 18:00:00,335.22
2011-05-28 19:00:00,295.49
2011-05-28 20:00:00,259.15
2011-05-28 21:00:00,194.05
2011-05-28 22:00:00,179.9
2011-05-28 23:00:00,147.68
2011-05-29 00:00:00,122.28999999999999
2011-05-29 01:00:00,92.44
2011-05-29 02:00:00,62.8
2011-05-29 03:00:00,26.59
2011-05-29 04:00:00,10.71
2011-05-29 05:00:00,12.91
2011-05-29 06:00:00,15.1
2011-05-29 07:00:00,28.82
2011-05-29 08:00:00,87.79
2011-05-29 09:00:00,135.28
2011-05-29 10:00:00,256.79
2011-05-29 11:00:00,310.34000000000003
2011-05-29 12:00:00,314.2
2011-05-29 13:00:00,391.36
2011-05-29 14:00:00,371.06
2011-05-29 15:00:00,378.59000000000003
2011-05-29 16:00:00,358.03999999999996
2011-05-29 17:00:00,344.23
2011-05-29 18:00:00,273.08
2011-05-29 19:00:00,265.05
2011-05-29 20:00:00,219.39999999999998
2011-05-29 21:00:00,159.15
2011-05-29 22:00:00,129.81
2011-05-29 23:00:00,105.66
2011-05-30 00:00:00,86.69
2011-05-30 01:00:00,67.99
2011-05-30 02:00:00,44.33
2011-05-30 03:00:00,15.5
2011-05-30 04:00:00,11.38
2011-05-30 05:00:00,11.91
2011-05-30 06:00:00,37.4
2011-05-30 07:00:00,104.93
2011-05-30 08:00:00,195.93
2011-05-30 09:00:00,215.75
2011-05-30 10:00:00,258.03
2011-05-30 11:00:00,358.24
2011-05-30 12:00:00,374.9
2011-05-30 13:00:00,376.32
2011-05-30 14:00:00,382.9
2011-05-30 15:00:00,380.46000000000004
2011-05-30 16:00:00,390.99
2011-05-30 17:00:00,434.99
2011-05-30 18:00:00,421.5
2011-05-30 19:00:00,276.23
2011-05-30 20:00:00,323.85
2011-05-30 21:00:00,336.82
2011-05-30 22:00:00,198.64
2011-05-30 23:00:00,103.68
2011-05-31 00:00:00,26.07
2011-05-31 01:00:00,14.629999999999999
2011-05-31 02:00:00,8.43
2011-05-31 03:00:00,3.79
2011-05-31 04:00:00,6.529999999999999
2011-05-31 05:00:00,24.790000000000003
2011-05-31 06:00:00,107.81
2011-05-31 07:00:00,306.94
2011-05-31 08:00:00,451.1
2011-05-31 09:00:00,203.48000000000002
2011-05-31 10:00:00,131.48
2011-05-31 11:00:00,128.34
2011-05-31 12:00:00,165.07999999999998
2011-05-31 13:00:00,155.36
2011-05-31 14:00:00,143.48
2011-05-31 15:00:00,143.55
2011-05-31 16:00:00,232.03
2011-05-31 17:00:00,514.93
2011-05-31 18:00:00,510.9
2011-05-31 19:00:00,381.3
2011-05-31 20:00:00,292.52
2011-05-31 21:00:00,216.7
2011-05-31 22:00:00,147.22
2011-05-31 23:00:00,79.05
2011-06-20 00:00:00,30.68
2011-06-20 01:00:00,13.219999999999999
2011-06-20 02:00:00,9.55
2011-06-20 03:00:00,4.5600000000000005
2011-06-20 04:00:00,5.34
2011-06-20 05:00:00,16.52
2011-06-20 06:00:00,96.63999999999999
2011-06-20 07:00:00,115.34
2011-06-20 08:00:00,282.80999999999995
2011-06-20 09:00:00,204.7
2011-06-20 10:00:00,114.88999999999999
2011-06-20 11:00:00,133.45
2011-06-20 12:00:00,175.84
2011-06-20 13:00:00,184.44
2011-06-20 14:00:00,171.05
2011-06-20 15:00:00,170.54
2011-06-20 16:00:00,289.96000000000004
2011-06-20 17:00:00,563.96
2011-06-20 18:00:00,538.79
2011-06-20 19:00:00,391.67
2011-06-20 20:00:00,303.56
2011-06-20 21:00:00,208.52
2011-06-20 22:00:00,119.47999999999999
2011-06-20 23:00:00,85.29
2011-06-21 00:00:00,28.99
2011-06-21 01:00:00,12.1
2011-06-21 02:00:00,6.92
2011-06-21 03:00:00,5.0600000000000005
2011-06-21 04:00:00,5.29
2011-06-21 05:00:00,19.0
2011-06-21 06:00:00,116.33000000000001
2011-06-21 07:00:00,244.49
2011-06-21 08:00:00,416.52
2011-06-21 09:00:00,202.88
2011-06-21 10:00:00,106.84
2011-06-21 11:00:00,114.2
2011-06-21 12:00:00,168.24
2011-06-21 13:00:00,166.09
2011-06-21 14:00:00,154.82
2011-06-21 15:00:00,166.81
2011-06-21 16:00:00,273.3
2011-06-21 17:00:00,534.91
2011-06-21 18:00:00,497.93
2011-06-21 19:00:00,348.28
2011-06-21 20:00:00,224.70000000000002
2011-06-21 21:00:00,220.33
2011-06-21 22:00:00,145.93
2011-06-21 23:00:00,81.06
2011-06-22 00:00:00,35.39
2011-06-22 01:00:00,15.899999999999999
2011-06-22 02:00:00,7.039999999999999
2011-06-22 03:00:00,5.34
2011-06-22 04:00:00,5.6
2011-06-22 05:00:00,28.22
2011-06-22 06:00:00,110.46
2011-06-22 07:00:00,300.96000000000004
2011-06-22 08:00:00,438.44
2011-06-22 09:00:00,199.0
2011-06-22 10:00:00,120.71
2011-06-22 11:00:00,143.16
2011-06-22 12:00:00,167.87
2011-06-22 13:00:00,158.31
2011-06-22 14:00:00,151.01999999999998
2011-06-22 15:00:00,153.31
2011-06-22 16:00:00,257.74
2011-06-22 17:00:00,489.26
2011-06-22 18:00:00,484.72
2011-06-22 19:00:00,363.78
2011-06-22 20:00:00,295.07
2011-06-22 21:00:00,222.67000000000002
2011-06-22 22:00:00,168.53
2011-06-22 23:00:00,93.34
2011-06-23 00:00:00,42.41
2011-06-23 01:00:00,20.169999999999998
2011-06-23 02:00:00,10.149999999999999
2011-06-23 03:00:00,4.77
2011-06-23 04:00:00,6.05
2011-06-23 05:00:00,25.389999999999997
2011-06-23 06:00:00,120.89
2011-06-23 07:00:00,319.29
2011-06-23 08:00:00,431.88
2011-06-23 09:00:00,203.94
2011-06-23 10:00:00,124.47
2011-06-23 11:00:00,143.31
2011-06-23 12:00:00,176.87
2011-06-23 13:00:00,176.37
2011-06-23 14:00:00,157.1
2011-06-23 15:00:00,167.91
2011-06-23 16:00:00,284.71
2011-06-23 17:00:00,453.89
2011-06-23 18:00:00,504.09000000000003
2011-06-23 19:00:00,367.08
2011-06-23 20:00:00,312.45
2011-06-23 21:00:00,219.11
2011-06-23 22:00:00,163.82
2011-06-23 23:00:00,120.35
2011-06-24 00:00:00,62.81999999999999
2011-06-24 01:00:00,22.380000000000003
2011-06-24 02:00:00,13.03
2011-06-24 03:00:00,5.93
2011-06-24 04:00:00,5.74
2011-06-24 05:00:00,25.490000000000002
2011-06-24 06:00:00,99.87
2011-06-24 07:00:00,267.24
2011-06-24 08:00:00,446.4
2011-06-24 09:00:00,222.62
2011-06-24 10:00:00,141.63
2011-06-24 11:00:00,168.89
2011-06-24 12:00:00,223.49
2011-06-24 13:00:00,223.8
2011-06-24 14:00:00,228.1
2011-06-24 15:00:00,223.56
2011-06-24 16:00:00,340.27000000000004
2011-06-24 17:00:00,556.4
2011-06-24 18:00:00,489.64
2011-06-24 19:00:00,368.82
2011-06-24 20:00:00,277.26
2011-06-24 21:00:00,220.24
2011-06-24 22:00:00,199.81
2011-06-24 23:00:00,153.5
2011-06-25 00:00:00,117.64999999999999
2011-06-25 01:00:00,86.17
2011-06-25 02:00:00,53.05
2011-06-25 03:00:00,28.630000000000003
2011-06-25 04:00:00,11.040000000000001
2011-06-25 05:00:00,10.39
2011-06-25 06:00:00,30.46
2011-06-25 07:00:00,66.14
2011-06-25 08:00:00,158.85
2011-06-25 09:00:00,233.68
2011-06-25 10:00:00,310.85
2011-06-25 11:00:00,381.67
2011-06-25 12:00:00,411.59000000000003
2011-06-25 13:00:00,408.73
2011-06-25 14:00:00,412.24
2011-06-25 15:00:00,404.2125
2011-06-25 16:00:00,437.0775
2011-06-25 17:00:00,412.8775
2011-06-25 18:00:00,387.055
2011-06-25 19:00:00,333.09000000000003
2011-06-25 20:00:00,264.25
2011-06-25 21:00:00,208.39000000000001
2011-06-25 22:00:00,195.67999999999998
2011-06-25 23:00:00,130.36
2011-06-26 00:00:00,105.44
2011-06-26 01:00:00,87.46
2011-06-26 02:00:00,71.31
2011-06-26 03:00:00,35.61
2011-06-26 04:00:00,11.120000000000001
2011-06-26 05:00:00,13.629999999999999
2011-06-26 06:00:00,23.6
2011-06-26 07:00:00,52.5
2011-06-26 08:00:00,103.07999999999998
2011-06-26 09:00:00,193.6
2011-06-26 10:00:00,306.592
2011-06-26 11:00:00,381.53200000000004
2011-06-26 12:00:00,402.572
2011-06-26 13:00:00,389.677
2011-06-26 14:00:00,384.682
2011-06-26 15:00:00,385.2345
2011-06-26 16:00:00,393.3095
2011-06-26 17:00:00,371.145
2011-06-26 18:00:00,372.95000000000005
2011-06-26 19:00:00,323.7
2011-06-26 20:00:00,239.12
2011-06-26 21:00:00,179.84
2011-06-26 22:00:00,159.98
2011-06-26 23:00:00,96.05
2011-06-27 00:00:00,35.59
2011-06-27 01:00:00,16.6
2011-06-27 02:00:00,11.26
2011-06-27 03:00:00,5.4
2011-06-27 04:00:00,5.8999999999999995
2011-06-27 05:00:00,19.96
2011-06-27 06:00:00,111.65
2011-06-27 07:00:00,310.87
2011-06-27 08:00:00,392.59
2011-06-27 09:00:00,191.98
2011-06-27 10:00:00,117.43
2011-06-27 11:00:00,153.12
2011-06-27 12:00:00,179.18
2011-06-27 13:00:00,172.14000000000001
2011-06-27 14:00:00,168.66
2011-06-27 15:00:00,166.2
2011-06-27 16:00:00,293.53
2011-06-27 17:00:00,560.77
2011-06-27 18:00:00,545.52
2011-06-27 19:00:00,400.05
2011-06-27 20:00:00,311.25
2011-06-27 21:00:00,201.01000000000002
2011-06-27 22:00:00,126.03999999999999
2011-06-27 23:00:00,93.5
2011-06-28 00:00:00,27.240000000000002
2011-06-28 01:00:00,15.89
2011-06-28 02:00:00,10.98
2011-06-28 03:00:00,6.31
2011-06-28 04:00:00,5.87
2011-06-28 05:00:00,24.770000000000003
2011-06-28 06:00:00,110.12
2011-06-28 07:00:00,293.44
2011-06-28 08:00:00,428.42
2011-06-28 09:00:00,197.74
2011-06-28 10:00:00,123.13999999999999
2011-06-28 11:00:00,137.17
2011-06-28 12:00:00,167.97
2011-06-28 13:00:00,162.54
2011-06-28 14:00:00,148.72
2011-06-28 15:00:00,156.19
2011-06-28 16:00:00,239.35999999999999
2011-06-28 17:00:00,432.77
2011-06-28 18:00:00,428.52000000000004
2011-06-28 19:00:00,338.90000000000003
2011-06-28 20:00:00,312.11
2011-06-28 21:00:00,207.82999999999998
2011-06-28 22:00:00,146.05
2011-06-28 23:00:00,95.82
2011-06-29 00:00:00,34.47
2011-06-29 01:00:00,16.810000000000002
2011-06-29 02:00:00,7.6
2011-06-29 03:00:00,5.0
2011-06-29 04:00:00,5.88
2011-06-29 05:00:00,25.17
2011-06-29 06:00:00,111.27
2011-06-29 07:00:00,304.06
2011-06-29 08:00:00,461.89
2011-06-29 09:00:00,209.41
2011-06-29 10:00:00,121.50999999999999
2011-06-29 11:00:00,151.52
2011-06-29 12:00:00,204.55
2011-06-29 13:00:00,194.94
2011-06-29 14:00:00,156.15
2011-06-29 15:00:00,172.5
2011-06-29 16:00:00,300.07
2011-06-29 17:00:00,566.61
2011-06-29 18:00:00,555.52
2011-06-29 19:00:00,381.62
2011-06-29 20:00:00,303.74
2011-06-29 21:00:00,238.24
2011-06-29 22:00:00,182.84
2011-06-29 23:00:00,97.05
2011-06-30 00:00:00,50.99
2011-06-30 01:00:00,20.05
2011-06-30 02:00:00,8.2
2011-06-30 03:00:00,7.140000000000001
2011-06-30 04:00:00,7.32
2011-06-30 05:00:00,25.28
2011-06-30 06:00:00,119.91999999999999
2011-06-30 07:00:00,328.55
2011-06-30 08:00:00,449.29
2011-06-30 09:00:00,216.1
2011-06-30 10:00:00,134.89
2011-06-30 11:00:00,154.98
2011-06-30 12:00:00,199.99
2011-06-30 13:00:00,195.84
2011-06-30 14:00:00,161.03
2011-06-30 15:00:00,185.82999999999998
2011-06-30 16:00:00,300.47
2011-06-30 17:00:00,563.3199999999999
2011-06-30 18:00:00,552.24
2011-06-30 19:00:00,381.51
2011-06-30 20:00:00,306.09
2011-06-30 21:00:00,227.38
2011-06-30 22:00:00,183.0
2011-06-30 23:00:00,120.22
2011-07-20 00:00:00,32.12
2011-07-20 01:00:00,15.52
2011-07-20 02:00:00,6.78
2011-07-20 03:00:00,5.3500000000000005
2011-07-20 04:00:00,6.39
2011-07-20 05:00:00,30.85
2011-07-20 06:00:00,122.03
2011-07-20 07:00:00,313.46
2011-07-20 08:00:00,432.04
2011-07-20 09:00:00,196.82
2011-07-20 10:00:00,111.63
2011-07-20 11:00:00,136.18
2011-07-20 12:00:00,157.67000000000002
2011-07-20 13:00:00,154.67000000000002
2011-07-20 14:00:00,142.63
2011-07-20 15:00:00,143.5
2011-07-20 16:00:00,251.19
2011-07-20 17:00:00,513.69
2011-07-20 18:00:00,507.7
2011-07-20 19:00:00,375.42
2011-07-20 20:00:00,292.90000000000003
2011-07-20 21:00:00,222.26
2011-07-20 22:00:00,174.66
2011-07-20 23:00:00,115.69
2011-07-21 00:00:00,45.019999999999996
2011-07-21 01:00:00,19.259999999999998
2011-07-21 02:00:00,8.26
2011-07-21 03:00:00,5.01
2011-07-21 04:00:00,5.25
2011-07-21 05:00:00,22.12
2011-07-21 06:00:00,123.73
2011-07-21 07:00:00,312.0
2011-07-21 08:00:00,435.01
2011-07-21 09:00:00,195.15
2011-07-21 10:00:00,121.9
2011-07-21 11:00:00,129.97
2011-07-21 12:00:00,158.01999999999998
2011-07-21 13:00:00,152.81
2011-07-21 14:00:00,146.44
2011-07-21 15:00:00,150.6
2011-07-21 16:00:00,236.29999999999998
2011-07-21 17:00:00,468.0
2011-07-21 18:00:00,459.81
2011-07-21 19:00:00,371.19
2011-07-21 20:00:00,295.91
2011-07-21 21:00:00,226.64000000000001
2011-07-21 22:00:00,178.39
2011-07-21 23:00:00,122.85000000000001
2011-07-22 00:00:00,56.09
2011-07-22 01:00:00,29.37
2011-07-22 02:00:00,18.98
2011-07-22 03:00:00,7.46
2011-07-22 04:00:00,7.97
2011-07-22 05:00:00,25.16
2011-07-22 06:00:00,107.24
2011-07-22 07:00:00,294.27
2011-07-22 08:00:00,447.77000000000004
2011-07-22 09:00:00,209.04
2011-07-22 10:00:00,148.68
2011-07-22 11:00:00,154.75
2011-07-22 12:00:00,193.2
2011-07-22 13:00:00,193.39
2011-07-22 14:00:00,195.23
2011-07-22 15:00:00,184.94
2011-07-22 16:00:00,284.24
2011-07-22 17:00:00,489.64
2011-07-22 18:00:00,451.70000000000005
2011-07-22 19:00:00,334.65999999999997
2011-07-22 20:00:00,283.09000000000003
2011-07-22 21:00:00,229.63
2011-07-22 22:00:00,198.02
2011-07-22 23:00:00,143.84
2011-07-23 00:00:00,127.76
2011-07-23 01:00:00,81.33000000000001
2011-07-23 02:00:00,61.58
2011-07-23 03:00:00,28.060000000000002
2011-07-23 04:00:00,9.59
2011-07-23 05:00:00,11.09
2011-07-23 06:00:00,33.9
2011-07-23 07:00:00,68.4
2011-07-23 08:00:00,157.47
2011-07-23 09:00:00,226.8
2011-07-23 10:00:00,293.32
2011-07-23 11:00:00,335.51
2011-07-23 12:00:00,367.4
2011-07-23 13:00:00,376.83000000000004
2011-07-23 14:00:00,373.70000000000005
2011-07-23 15:00:00,371.61
2011-07-23 16:00:00,374.45000000000005
2011-07-23 17:00:00,390.61
2011-07-23 18:00:00,382.9
2011-07-23 19:00:00,339.24
2011-07-23 20:00:00,298.40999999999997
2011-07-23 21:00:00,244.64
2011-07-23 22:00:00,230.12
2011-07-23 23:00:00,195.26
2011-07-24 00:00:00,118.13
2011-07-24 01:00:00,86.67
2011-07-24 02:00:00,77.27
2011-07-24 03:00:00,30.0
2011-07-24 04:00:00,8.55
2011-07-24 05:00:00,10.209999999999999
2011-07-24 06:00:00,25.229999999999997
2011-07-24 07:00:00,57.41
2011-07-24 08:00:00,106.94
2011-07-24 09:00:00,194.52
2011-07-24 10:00:00,304.78999999999996
2011-07-24 11:00:00,343.55
2011-07-24 12:00:00,372.88
2011-07-24 13:00:00,365.02
2011-07-24 14:00:00,373.28499999999997
2011-07-24 15:00:00,347.89
2011-07-24 16:00:00,353.53
2011-07-24 17:00:00,381.85
2011-07-24 18:00:00,371.98
2011-07-24 19:00:00,340.68
2011-07-24 20:00:00,276.78
2011-07-24 21:00:00,219.12
2011-07-24 22:00:00,160.55
2011-07-24 23:00:00,152.91
2011-07-25 00:00:00,44.05
2011-07-25 01:00:00,20.08
2011-07-25 02:00:00,9.77
2011-07-25 03:00:00,4.98
2011-07-25 04:00:00,6.3100000000000005
2011-07-25 05:00:00,24.2
2011-07-25 06:00:00,119.23
2011-07-25 07:00:00,311.15
2011-07-25 08:00:00,396.67
2011-07-25 09:00:00,196.89999999999998
2011-07-25 10:00:00,119.49000000000001
2011-07-25 11:00:00,126.72
2011-07-25 12:00:00,158.48000000000002
2011-07-25 13:00:00,154.74
2011-07-25 14:00:00,130.74
2011-07-25 15:00:00,142.73000000000002
2011-07-25 16:00:00,157.51
2011-07-25 17:00:00,510.69
2011-07-25 18:00:00,483.22
2011-07-25 19:00:00,389.08
2011-07-25 20:00:00,297.0
2011-07-25 21:00:00,173.91
2011-07-25 22:00:00,140.62
2011-07-25 23:00:00,68.55
2011-07-26 00:00:00,26.66
2011-07-26 01:00:00,14.49
2011-07-26 02:00:00,8.66
2011-07-26 03:00:00,5.52
2011-07-26 04:00:00,6.25
2011-07-26 05:00:00,25.89
2011-07-26 06:00:00,111.29
2011-07-26 07:00:00,312.79
2011-07-26 08:00:00,425.34999999999997
2011-07-26 09:00:00,198.92000000000002
2011-07-26 10:00:00,129.16
2011-07-26 11:00:00,146.85999999999999
2011-07-26 12:00:00,184.25
2011-07-26 13:00:00,190.34
2011-07-26 14:00:00,167.83
2011-07-26 15:00:00,161.17
2011-07-26 16:00:00,270.9
2011-07-26 17:00:00,557.13
2011-07-26 18:00:00,548.38
2011-07-26 19:00:00,380.34
2011-07-26 20:00:00,297.34999999999997
2011-07-26 21:00:00,237.79000000000002
2011-07-26 22:00:00,160.85999999999999
2011-07-26 23:00:00,82.0
2011-07-27 00:00:00,46.769999999999996
2011-07-27 01:00:00,15.719999999999999
2011-07-27 02:00:00,9.9
2011-07-27 03:00:00,4.54
2011-07-27 04:00:00,5.64
2011-07-27 05:00:00,27.14
2011-07-27 06:00:00,113.83
2011-07-27 07:00:00,311.29
2011-07-27 08:00:00,449.84
2011-07-27 09:00:00,205.23000000000002
2011-07-27 10:00:00,125.17999999999999
2011-07-27 11:00:00,152.66
2011-07-27 12:00:00,197.57
2011-07-27 13:00:00,197.9
2011-07-27 14:00:00,164.77
2011-07-27 15:00:00,177.43
2011-07-27 16:00:00,275.07
2011-07-27 17:00:00,574.15
2011-07-27 18:00:00,563.3100000000001
2011-07-27 19:00:00,391.88
2011-07-27 20:00:00,314.23
2011-07-27 21:00:00,227.19
2011-07-27 22:00:00,165.85
2011-07-27 23:00:00,93.81
2011-07-28 00:00:00,51.66
2011-07-28 01:00:00,21.28
2011-07-28 02:00:00,9.8
2011-07-28 03:00:00,5.6499999999999995
2011-07-28 04:00:00,6.380000000000001
2011-07-28 05:00:00,29.25
2011-07-28 06:00:00,116.84
2011-07-28 07:00:00,310.46999999999997
2011-07-28 08:00:00,451.15
2011-07-28 09:00:00,195.51000000000002
2011-07-28 10:00:00,112.91
2011-07-28 11:00:00,128.3
2011-07-28 12:00:00,156.14000000000001
2011-07-28 13:00:00,147.93
2011-07-28 14:00:00,155.89
2011-07-28 15:00:00,150.96
2011-07-28 16:00:00,239.05
2011-07-28 17:00:00,508.82
2011-07-28 18:00:00,497.88
2011-07-28 19:00:00,365.14
2011-07-28 20:00:00,286.67
2011-07-28 21:00:00,221.34
2011-07-28 22:00:00,172.07
2011-07-28 23:00:00,122.37
2011-07-29 00:00:00,58.32
2011-07-29 01:00:00,28.98
2011-07-29 02:00:00,19.009999999999998
2011-07-29 03:00:00,7.41
2011-07-29 04:00:00,7.5600000000000005
2011-07-29 05:00:00,24.97
2011-07-29 06:00:00,108.58
2011-07-29 07:00:00,294.49
2011-07-29 08:00:00,437.59
2011-07-29 09:00:00,206.29000000000002
2011-07-29 10:00:00,143.52
2011-07-29 11:00:00,154.51
2011-07-29 12:00:00,201.19
2011-07-29 13:00:00,196.12
2011-07-29 14:00:00,194.91000000000003
2011-07-29 15:00:00,191.52
2011-07-29 16:00:00,302.65
2011-07-29 17:00:00,508.85999999999996
2011-07-29 18:00:00,455.99
2011-07-29 19:00:00,354.32
2011-07-29 20:00:00,275.75
2011-07-29 21:00:00,221.19
2011-07-29 22:00:00,214.71
2011-07-29 23:00:00,149.14999999999998
2011-07-30 00:00:00,129.18
2011-07-30 01:00:00,83.8
2011-07-30 02:00:00,66.52000000000001
2011-07-30 03:00:00,29.69
2011-07-30 04:00:00,10.19
2011-07-30 05:00:00,11.0
2011-07-30 06:00:00,31.669999999999998
2011-07-30 07:00:00,61.28
2011-07-30 08:00:00,142.59
2011-07-30 09:00:00,239.89
2011-07-30 10:00:00,299.42
2011-07-30 11:00:00,343.99
2011-07-30 12:00:00,380.67
2011-07-30 13:00:00,385.3
2011-07-30 14:00:00,377.32
2011-07-30 15:00:00,375.87
2011-07-30 16:00:00,392.72
2011-07-30 17:00:00,374.24
2011-07-30 18:00:00,359.3
2011-07-30 19:00:00,321.65
2011-07-30 20:00:00,297.88
2011-07-30 21:00:00,243.82999999999998
2011-07-30 22:00:00,238.69
2011-07-30 23:00:00,197.86
2011-07-31 00:00:00,118.4
2011-07-31 01:00:00,89.94
2011-07-31 02:00:00,82.51
2011-07-31 03:00:00,30.14
2011-07-31 04:00:00,9.53
2011-07-31 05:00:00,10.42
2011-07-31 06:00:00,26.36
2011-07-31 07:00:00,57.25
2011-07-31 08:00:00,110.17
2011-07-31 09:00:00,203.77
2011-07-31 10:00:00,287.78999999999996
2011-07-31 11:00:00,344.05
2011-07-31 12:00:00,370.90999999999997
2011-07-31 13:00:00,369.91999999999996
2011-07-31 14:00:00,366.09000000000003
2011-07-31 15:00:00,358.83000000000004
2011-07-31 16:00:00,368.03
2011-07-31 17:00:00,362.28999999999996
2011-07-31 18:00:00,368.64
2011-07-31 19:00:00,331.28
2011-07-31 20:00:00,270.48
2011-07-31 21:00:00,223.32999999999998
2011-07-31 22:00:00,159.39
2011-07-31 23:00:00,107.96000000000001
2011-08-20 00:00:00,107.41
2011-08-20 01:00:00,76.58
2011-08-20 02:00:00,61.849999999999994
2011-08-20 03:00:00,31.810000000000002
2011-08-20 04:00:00,8.21
2011-08-20 05:00:00,18.74
2011-08-20 06:00:00,22.72
2011-08-20 07:00:00,51.419999999999995
2011-08-20 08:00:00,125.11
2011-08-20 09:00:00,222.39
2011-08-20 10:00:00,291.11
2011-08-20 11:00:00,357.37
2011-08-20 12:00:00,381.47
2011-08-20 13:00:00,370.222
2011-08-20 14:00:00,384.11
2011-08-20 15:00:00,379.56
2011-08-20 16:00:00,383.34000000000003
2011-08-20 17:00:00,392.75333333333333
2011-08-20 18:00:00,378.65
2011-08-20 19:00:00,340.11
2011-08-20 20:00:00,276.08
2011-08-20 21:00:00,208.07
2011-08-20 22:00:00,185.68
2011-08-20 23:00:00,137.71
2011-08-21 00:00:00,117.53999999999999
2011-08-21 01:00:00,83.17
2011-08-21 02:00:00,72.69
2011-08-21 03:00:00,39.260000000000005
2011-08-21 04:00:00,8.71
2011-08-21 05:00:00,7.68
2011-08-21 06:00:00,13.91
2011-08-21 07:00:00,39.800000000000004
2011-08-21 08:00:00,97.35
2011-08-21 09:00:00,186.94
2011-08-21 10:00:00,259.96999999999997
2011-08-21 11:00:00,311.22
2011-08-21 12:00:00,353.26
2011-08-21 13:00:00,395.29
2011-08-21 14:00:00,273.98
2011-08-21 15:00:00,301.59000000000003
2011-08-21 16:00:00,285.16
2011-08-21 17:00:00,232.27999999999997
2011-08-21 18:00:00,240.61
2011-08-21 19:00:00,292.39
2011-08-21 20:00:00,204.16
2011-08-21 21:00:00,182.48
2011-08-21 22:00:00,144.82999999999998
2011-08-21 23:00:00,88.15
2011-08-22 00:00:00,31.68
2011-08-22 01:00:00,15.01
2011-08-22 02:00:00,11.93
2011-08-22 03:00:00,6.21
2011-08-22 04:00:00,6.6000000000000005
2011-08-22 05:00:00,27.189999999999998
2011-08-22 06:00:00,103.5
2011-08-22 07:00:00,282.51
2011-08-22 08:00:00,393.6
2011-08-22 09:00:00,192.24
2011-08-22 10:00:00,122.58000000000001
2011-08-22 11:00:00,155.5
2011-08-22 12:00:00,202.9
2011-08-22 13:00:00,206.93
2011-08-22 14:00:00,182.69
2011-08-22 15:00:00,182.5
2011-08-22 16:00:00,305.79
2011-08-22 17:00:00,572.7
2011-08-22 18:00:00,559.5699999999999
2011-08-22 19:00:00,404.02000000000004
2011-08-22 20:00:00,297.95
2011-08-22 21:00:00,212.77
2011-08-22 22:00:00,124.79
2011-08-22 23:00:00,93.6
2011-08-23 00:00:00,33.91
2011-08-23 01:00:00,14.989999999999998
2011-08-23 02:00:00,9.0
2011-08-23 03:00:00,4.8
2011-08-23 04:00:00,5.24
2011-08-23 05:00:00,24.06
2011-08-23 06:00:00,112.01
2011-08-23 07:00:00,326.25
2011-08-23 08:00:00,437.04
2011-08-23 09:00:00,205.79999999999998
2011-08-23 10:00:00,129.16
2011-08-23 11:00:00,158.67000000000002
2011-08-23 12:00:00,211.15
2011-08-23 13:00:00,205.51000000000002
2011-08-23 14:00:00,178.8
2011-08-23 15:00:00,177.37
2011-08-23 16:00:00,303.58
2011-08-23 17:00:00,586.0899999999999
2011-08-23 18:00:00,574.11
2011-08-23 19:00:00,398.16
2011-08-23 20:00:00,286.72
2011-08-23 21:00:00,228.63
2011-08-23 22:00:00,162.4
2011-08-23 23:00:00,82.34
2011-08-24 00:00:00,42.7
2011-08-24 01:00:00,17.02
2011-08-24 02:00:00,10.11
2011-08-24 03:00:00,6.289999999999999
2011-08-24 04:00:00,7.66
2011-08-24 05:00:00,24.82
2011-08-24 06:00:00,113.10000000000001
2011-08-24 07:00:00,325.04
2011-08-24 08:00:00,436.98
2011-08-24 09:00:00,209.39999999999998
2011-08-24 10:00:00,131.60999999999999
2011-08-24 11:00:00,162.68
2011-08-24 12:00:00,190.95
2011-08-24 13:00:00,192.95000000000002
2011-08-24 14:00:00,164.82999999999998
2011-08-24 15:00:00,170.74
2011-08-24 16:00:00,288.3
2011-08-24 17:00:00,574.54
2011-08-24 18:00:00,547.6
2011-08-24 19:00:00,375.78
2011-08-24 20:00:00,285.99
2011-08-24 21:00:00,217.27999999999997
2011-08-24 22:00:00,151.16
2011-08-24 23:00:00,99.89999999999999
2011-08-25 00:00:00,45.36
2011-08-25 01:00:00,21.37
2011-08-25 02:00:00,8.49
2011-08-25 03:00:00,6.84
2011-08-25 04:00:00,6.369999999999999
2011-08-25 05:00:00,27.41
2011-08-25 06:00:00,107.24000000000001
2011-08-25 07:00:00,262.37
2011-08-25 08:00:00,424.54999999999995
2011-08-25 09:00:00,207.52
2011-08-25 10:00:00,124.93
2011-08-25 11:00:00,106.3
2011-08-25 12:00:00,115.24
2011-08-25 13:00:00,137.0
2011-08-25 14:00:00,146.32
2011-08-25 15:00:00,165.92000000000002
2011-08-25 16:00:00,170.70000000000002
2011-08-25 17:00:00,419.31
2011-08-25 18:00:00,405.33
2011-08-25 19:00:00,277.11
2011-08-25 20:00:00,233.23000000000002
2011-08-25 21:00:00,206.99
2011-08-25 22:00:00,140.07999999999998
2011-08-25 23:00:00,122.7
2011-08-26 00:00:00,54.71
2011-08-26 01:00:00,23.110000000000003
2011-08-26 02:00:00,14.29
2011-08-26 03:00:00,6.23
2011-08-26 04:00:00,6.140000000000001
2011-08-26 05:00:00,19.99
2011-08-26 06:00:00,87.38
2011-08-26 07:00:00,260.27
2011-08-26 08:00:00,425.16
2011-08-26 09:00:00,205.47000000000003
2011-08-26 10:00:00,155.1
2011-08-26 11:00:00,162.64
2011-08-26 12:00:00,221.07999999999998
2011-08-26 13:00:00,232.22
2011-08-26 14:00:00,205.64
2011-08-26 15:00:00,206.18
2011-08-26 16:00:00,321.18
2011-08-26 17:00:00,506.4
2011-08-26 18:00:00,396.55
2011-08-26 19:00:00,302.05
2011-08-26 20:00:00,251.35
2011-08-26 21:00:00,186.38
2011-08-26 22:00:00,165.69
2011-08-26 23:00:00,138.79
2011-08-27 00:00:00,109.04
2011-08-27 01:00:00,76.19999999999999
2011-08-27 02:00:00,64.91
2011-08-27 03:00:00,33.57
2011-08-27 04:00:00,8.440000000000001
2011-08-27 05:00:00,8.86
2011-08-27 06:00:00,24.39
2011-08-27 07:00:00,64.5
2011-08-27 08:00:00,149.19
2011-08-27 09:00:00,206.84000000000003
2011-08-27 10:00:00,244.0
2011-08-27 11:00:00,227.79999999999998
2011-08-27 12:00:00,275.22
2011-08-27 13:00:00,287.28
2011-08-27 14:00:00,246.01
2011-08-27 15:00:00,252.01
2011-08-27 16:00:00,236.75
2011-08-27 17:00:00,183.25
2011-08-28 07:00:00,39.519999999999996
2011-08-28 08:00:00,79.49
2011-08-28 09:00:00,193.62
2011-08-28 10:00:00,298.61
2011-08-28 11:00:00,357.71999999999997
2011-08-28 12:00:00,404.77
2011-08-28 13:00:00,430.4
2011-08-28 14:00:00,387.24
2011-08-28 15:00:00,379.82
2011-08-28 16:00:00,372.22
2011-08-28 17:00:00,403.105
2011-08-28 18:00:00,386.04166666666663
2011-08-28 19:00:00,329.65
2011-08-28 20:00:00,245.29000000000002
2011-08-28 21:00:00,180.59
2011-08-28 22:00:00,142.51999999999998
2011-08-28 23:00:00,86.24
2011-08-29 00:00:00,37.57
2011-08-29 01:00:00,21.32
2011-08-29 02:00:00,8.2
2011-08-29 03:00:00,7.13
2011-08-29 04:00:00,6.63
2011-08-29 05:00:00,22.68
2011-08-29 06:00:00,106.41
2011-08-29 07:00:00,313.53
2011-08-29 08:00:00,405.37
2011-08-29 09:00:00,195.93
2011-08-29 10:00:00,125.27000000000001
2011-08-29 11:00:00,154.58
2011-08-29 12:00:00,200.25
2011-08-29 13:00:00,208.68
2011-08-29 14:00:00,171.48
2011-08-29 15:00:00,178.95
2011-08-29 16:00:00,303.15999999999997
2011-08-29 17:00:00,553.49
2011-08-29 18:00:00,540.35
2011-08-29 19:00:00,405.60999999999996
2011-08-29 20:00:00,292.62
2011-08-29 21:00:00,206.55
2011-08-29 22:00:00,149.49
2011-08-29 23:00:00,73.26
2011-08-30 00:00:00,32.45
2011-08-30 01:00:00,15.52
2011-08-30 02:00:00,7.380000000000001
2011-08-30 03:00:00,4.38
2011-08-30 04:00:00,6.71
2011-08-30 05:00:00,21.52
2011-08-30 06:00:00,112.11999999999999
2011-08-30 07:00:00,337.06
2011-08-30 08:00:00,456.91
2011-08-30 09:00:00,207.05
2011-08-30 10:00:00,128.67000000000002
2011-08-30 11:00:00,155.55
2011-08-30 12:00:00,198.59
2011-08-30 13:00:00,206.24
2011-08-30 14:00:00,176.43
2011-08-30 15:00:00,176.93
2011-08-30 16:00:00,301.89
2011-08-30 17:00:00,574.14
2011-08-30 18:00:00,559.64
2011-08-30 19:00:00,383.51
2011-08-30 20:00:00,291.92
2011-08-30 21:00:00,215.68
2011-08-30 22:00:00,165.79
2011-08-30 23:00:00,82.81
2011-08-31 00:00:00,37.74
2011-08-31 01:00:00,15.98
2011-08-31 02:00:00,7.9
2011-08-31 03:00:00,6.02
2011-08-31 04:00:00,6.95
2011-08-31 05:00:00,25.61
2011-08-31 06:00:00,111.03
2011-08-31 07:00:00,332.62
2011-08-31 08:00:00,436.34
2011-08-31 09:00:00,210.70999999999998
2011-08-31 10:00:00,130.54000000000002
2011-08-31 11:00:00,155.01
2011-08-31 12:00:00,195.60000000000002
2011-08-31 13:00:00,203.09
2011-08-31 14:00:00,168.47
2011-08-31 15:00:00,172.32
2011-08-31 16:00:00,294.73
2011-08-31 17:00:00,583.22
2011-08-31 18:00:00,539.93
2011-08-31 19:00:00,368.84
2011-08-31 20:00:00,296.23
2011-08-31 21:00:00,219.16000000000003
2011-08-31 22:00:00,159.78
2011-08-31 23:00:00,86.06
2011-09-20 00:00:00,30.86
2011-09-20 01:00:00,12.100000000000001
2011-09-20 02:00:00,4.54
2011-09-20 03:00:00,4.52
2011-09-20 04:00:00,5.46
2011-09-20 05:00:00,22.13
2011-09-20 06:00:00,106.34
2011-09-20 07:00:00,295.29999999999995
2011-09-20 08:00:00,272.62
2011-09-20 09:00:00,125.99000000000001
2011-09-20 10:00:00,70.41
2011-09-20 11:00:00,73.17
2011-09-20 12:00:00,61.5
2011-09-20 13:00:00,64.76
2011-09-20 14:00:00,95.69000000000001
2011-09-20 15:00:00,172.36
2011-09-20 16:00:00,182.77999999999997
2011-09-20 17:00:00,377.22
2011-09-20 18:00:00,374.93
2011-09-20 19:00:00,289.04
2011-09-20 20:00:00,192.79000000000002
2011-09-20 21:00:00,131.05
2011-09-20 22:00:00,125.67
2011-09-20 23:00:00,73.86
2011-09-21 00:00:00,27.21
2011-09-21 01:00:00,10.57
2011-09-21 02:00:00,7.140000000000001
2011-09-21 03:00:00,4.27
2011-09-21 04:00:00,4.72
2011-09-21 05:00:00,15.31
2011-09-21 06:00:00,97.06
2011-09-21 07:00:00,247.47
2011-09-21 08:00:00,365.47
2011-09-21 09:00:00,122.88999999999999
2011-09-21 10:00:00,85.89
2011-09-21 11:00:00,99.96
2011-09-21 12:00:00,167.37
2011-09-21 13:00:00,161.77
2011-09-21 14:00:00,155.73
2011-09-21 15:00:00,161.99
2011-09-21 16:00:00,272.39
2011-09-21 17:00:00,446.51
2011-09-21 18:00:00,395.52000000000004
2011-09-21 19:00:00,165.89000000000001
2011-09-21 20:00:00,109.27
2011-09-21 21:00:00,109.04
2011-09-21 22:00:00,99.98
2011-09-21 23:00:00,78.67
2011-09-22 00:00:00,26.86
2011-09-22 01:00:00,11.69
2011-09-22 02:00:00,7.5200000000000005
2011-09-22 03:00:00,4.84
2011-09-22 04:00:00,4.56
2011-09-22 05:00:00,17.27
2011-09-22 06:00:00,96.05
2011-09-22 07:00:00,279.22999999999996
2011-09-22 08:00:00,333.71
2011-09-22 09:00:00,161.51
2011-09-22 10:00:00,108.49000000000001
2011-09-22 11:00:00,105.15
2011-09-22 12:00:00,131.09
2011-09-22 13:00:00,134.06
2011-09-22 14:00:00,130.89
2011-09-22 15:00:00,140.93
2011-09-22 16:00:00,272.57
2011-09-22 17:00:00,371.95000000000005
2011-09-22 18:00:00,337.62
2011-09-22 19:00:00,228.78
2011-09-22 20:00:00,138.19
2011-09-22 21:00:00,120.98
2011-09-22 22:00:00,111.23
2011-09-22 23:00:00,82.55000000000001
2011-09-23 00:00:00,32.519999999999996
2011-09-23 01:00:00,17.419999999999998
2011-09-23 02:00:00,13.0
2011-09-23 03:00:00,6.109999999999999
2011-09-23 04:00:00,5.16
2011-09-23 05:00:00,16.48
2011-09-23 06:00:00,77.50999999999999
2011-09-23 07:00:00,144.53
2011-09-23 08:00:00,234.73999999999998
2011-09-23 09:00:00,103.09
2011-09-23 10:00:00,69.75999999999999
2011-09-23 11:00:00,72.43
2011-09-23 12:00:00,82.48
2011-09-23 13:00:00,84.32000000000001
2011-09-23 14:00:00,84.0
2011-09-23 15:00:00,86.39
2011-09-23 16:00:00,179.86
2011-09-23 17:00:00,186.68
2011-09-23 18:00:00,187.31
2011-09-23 19:00:00,223.88
2011-09-23 20:00:00,182.92000000000002
2011-09-23 21:00:00,139.18
2011-09-23 22:00:00,132.84
2011-09-23 23:00:00,89.48
2011-09-24 00:00:00,88.49
2011-09-24 01:00:00,83.72
2011-09-24 02:00:00,68.9
2011-09-24 03:00:00,29.99
2011-09-24 04:00:00,8.219999999999999
2011-09-24 05:00:00,12.22
2011-09-24 06:00:00,14.76
2011-09-24 07:00:00,52.7
2011-09-24 08:00:00,115.25
2011-09-24 09:00:00,174.04
2011-09-24 10:00:00,240.12
2011-09-24 11:00:00,310.38
2011-09-24 12:00:00,331.89
2011-09-24 13:00:00,353.29999999999995
2011-09-24 14:00:00,334.0
2011-09-24 15:00:00,337.5
2011-09-24 16:00:00,320.99
2011-09-24 17:00:00,301.21
2011-09-24 18:00:00,274.92
2011-09-24 19:00:00,219.12
2011-09-24 20:00:00,196.82999999999998
2011-09-24 21:00:00,170.67000000000002
2011-09-24 22:00:00,142.21
2011-09-24 23:00:00,128.29000000000002
2011-09-25 00:00:00,101.98
2011-09-25 01:00:00,74.78
2011-09-25 02:00:00,62.08
2011-09-25 03:00:00,32.3
2011-09-25 04:00:00,9.4
2011-09-25 05:00:00,17.93
2011-09-25 06:00:00,13.98
2011-09-25 07:00:00,40.36
2011-09-25 08:00:00,86.91
2011-09-25 09:00:00,192.32
2011-09-25 10:00:00,272.73
2011-09-25 11:00:00,306.87
2011-09-25 12:00:00,328.13
2011-09-25 13:00:00,336.64
2011-09-25 14:00:00,329.92
2011-09-25 15:00:00,333.75
2011-09-25 16:00:00,364.96000000000004
2011-09-25 17:00:00,299.32
2011-09-25 18:00:00,292.52
2011-09-25 19:00:00,213.82
2011-09-25 20:00:00,207.32
2011-09-25 21:00:00,142.59
2011-09-25 22:00:00,136.31
2011-09-25 23:00:00,93.14
2011-09-26 00:00:00,25.619999999999997
2011-09-26 01:00:00,10.7
2011-09-26 02:00:00,6.18
2011-09-26 03:00:00,4.6
2011-09-26 04:00:00,6.59
2011-09-26 05:00:00,19.66
2011-09-26 06:00:00,97.12
2011-09-26 07:00:00,268.43
2011-09-26 08:00:00,356.13
2011-09-26 09:00:00,184.28
2011-09-26 10:00:00,96.31
2011-09-26 11:00:00,120.80000000000001
2011-09-26 12:00:00,138.1
2011-09-26 13:00:00,165.52
2011-09-26 14:00:00,170.09
2011-09-26 15:00:00,175.79000000000002
2011-09-26 16:00:00,290.11
2011-09-26 17:00:00,554.79
2011-09-26 18:00:00,381.08000000000004
2011-09-26 19:00:00,252.6
2011-09-26 20:00:00,183.24
2011-09-26 21:00:00,138.95
2011-09-26 22:00:00,127.6
2011-09-26 23:00:00,76.36
2011-09-27 00:00:00,25.62
2011-09-27 01:00:00,11.219999999999999
2011-09-27 02:00:00,5.96
2011-09-27 03:00:00,3.52
2011-09-27 04:00:00,4.53
2011-09-27 05:00:00,13.52
2011-09-27 06:00:00,101.14999999999999
2011-09-27 07:00:00,288.12
2011-09-27 08:00:00,407.09999999999997
2011-09-27 09:00:00,183.1
2011-09-27 10:00:00,64.51
2011-09-27 11:00:00,112.53
2011-09-27 12:00:00,126.24
2011-09-27 13:00:00,169.70000000000002
2011-09-27 14:00:00,131.70999999999998
2011-09-27 15:00:00,131.32999999999998
2011-09-27 16:00:00,179.12
2011-09-27 17:00:00,238.7
2011-09-27 18:00:00,251.07
2011-09-27 19:00:00,238.03
2011-09-27 20:00:00,233.64
2011-09-27 21:00:00,169.14000000000001
2011-09-27 22:00:00,133.36
2011-09-27 23:00:00,75.78
2011-09-28 00:00:00,33.58
2011-09-28 01:00:00,13.059999999999999
2011-09-28 02:00:00,5.880000000000001
2011-09-28 03:00:00,4.77
2011-09-28 04:00:00,6.5
2011-09-28 05:00:00,17.19
2011-09-28 06:00:00,60.74
2011-09-28 07:00:00,101.16
2011-09-28 08:00:00,250.25
2011-09-28 09:00:00,126.5
2011-09-28 10:00:00,62.9
2011-09-28 11:00:00,105.88
2011-09-28 12:00:00,128.79
2011-09-28 13:00:00,169.39000000000001
2011-09-28 14:00:00,164.86
2011-09-28 15:00:00,167.49
2011-09-28 16:00:00,289.45
2011-09-28 17:00:00,550.1800000000001
2011-09-28 18:00:00,363.96000000000004
2011-09-28 19:00:00,248.89
2011-09-28 20:00:00,134.35
2011-09-28 21:00:00,99.95
2011-09-28 22:00:00,133.56
2011-09-28 23:00:00,77.94
2011-09-29 00:00:00,25.76
2011-09-29 01:00:00,11.56
2011-09-29 02:00:00,6.58
2011-09-29 03:00:00,5.26
2011-09-29 04:00:00,5.95
2011-09-29 05:00:00,21.580000000000002
2011-09-29 06:00:00,118.75
2011-09-29 07:00:00,313.90999999999997
2011-09-29 08:00:00,434.49
2011-09-29 09:00:00,213.46
2011-09-29 10:00:00,136.66
2011-09-29 11:00:00,167.07
2011-09-29 12:00:00,199.6
2011-09-29 13:00:00,191.53
2011-09-29 14:00:00,181.43
2011-09-29 15:00:00,179.45
2011-09-29 16:00:00,297.38
2011-09-29 17:00:00,561.61
2011-09-29 18:00:00,539.85
2011-09-29 19:00:00,363.4
2011-09-29 20:00:00,276.1
2011-09-29 21:00:00,208.91
2011-09-29 22:00:00,150.76
2011-09-29 23:00:00,111.62
2011-09-30 00:00:00,47.839999999999996
2011-09-30 01:00:00,26.52
2011-09-30 02:00:00,14.4
2011-09-30 03:00:00,6.22
2011-09-30 04:00:00,5.99
2011-09-30 05:00:00,26.2
2011-09-30 06:00:00,88.28
2011-09-30 07:00:00,254.94
2011-09-30 08:00:00,443.83
2011-09-30 09:00:00,219.73
2011-09-30 10:00:00,162.3
2011-09-30 11:00:00,199.38
2011-09-30 12:00:00,245.57
2011-09-30 13:00:00,241.33999999999997
2011-09-30 14:00:00,246.02
2011-09-30 15:00:00,243.57
2011-09-30 16:00:00,357.42999999999995
2011-09-30 17:00:00,517.55
2011-09-30 18:00:00,455.79
2011-09-30 19:00:00,297.32
2011-09-30 20:00:00,207.41
2011-09-30 21:00:00,164.51
2011-09-30 22:00:00,132.1
2011-09-30 23:00:00,111.18
2011-10-20 00:00:00,23.62
2011-10-20 01:00:00,15.34
2011-10-20 02:00:00,7.01
2011-10-20 03:00:00,4.63
2011-10-20 04:00:00,5.29
2011-10-20 05:00:00,26.43
2011-10-20 06:00:00,100.10000000000001
2011-10-20 07:00:00,275.19
2011-10-20 08:00:00,435.37
2011-10-20 09:00:00,215.36
2011-10-20 10:00:00,122.75
2011-10-20 11:00:00,147.79
2011-10-20 12:00:00,192.31
2011-10-20 13:00:00,185.47000000000003
2011-10-20 14:00:00,154.4
2011-10-20 15:00:00,152.42
2011-10-20 16:00:00,236.43
2011-10-20 17:00:00,444.37
2011-10-20 18:00:00,424.74
2011-10-20 19:00:00,253.17000000000002
2011-10-20 20:00:00,228.13
2011-10-20 21:00:00,147.13
2011-10-20 22:00:00,118.32
2011-10-20 23:00:00,81.05
2011-10-21 00:00:00,48.72
2011-10-21 01:00:00,25.380000000000003
2011-10-21 02:00:00,12.55
2011-10-21 03:00:00,6.823333333333334
2011-10-21 04:00:00,6.11
2011-10-21 05:00:00,25.740000000000002
2011-10-21 06:00:00,89.08
2011-10-21 07:00:00,255.59
2011-10-21 08:00:00,437.99
2011-10-21 09:00:00,211.79000000000002
2011-10-21 10:00:00,150.1
2011-10-21 11:00:00,173.13
2011-10-21 12:00:00,226.39
2011-10-21 13:00:00,213.03
2011-10-21 14:00:00,218.28
2011-10-21 15:00:00,220.61
2011-10-21 16:00:00,328.02
2011-10-21 17:00:00,461.26
2011-10-21 18:00:00,416.01
2011-10-21 19:00:00,239.92000000000002
2011-10-21 20:00:00,207.82000000000002
2011-10-21 21:00:00,154.42
2011-10-21 22:00:00,131.41
2011-10-21 23:00:00,86.86999999999999
2011-10-22 00:00:00,75.05
2011-10-22 01:00:00,67.1
2011-10-22 02:00:00,55.31
2011-10-22 03:00:00,25.9
2011-10-22 04:00:00,8.41
2011-10-22 05:00:00,7.89
2011-10-22 06:00:00,17.54
2011-10-22 07:00:00,43.89
2011-10-22 08:00:00,91.88000000000001
2011-10-22 09:00:00,179.52999999999997
2011-10-22 10:00:00,265.68
2011-10-22 11:00:00,316.51
2011-10-22 12:00:00,336.74
2011-10-22 13:00:00,351.13
2011-10-22 14:00:00,326.88
2011-10-22 15:00:00,331.24
2011-10-22 16:00:00,340.47
2011-10-22 17:00:00,262.73
2011-10-22 18:00:00,212.66
2011-10-22 19:00:00,177.19
2011-10-22 20:00:00,123.42
2011-10-22 21:00:00,94.31
2011-10-22 22:00:00,92.83
2011-10-22 23:00:00,78.53
2011-10-23 00:00:00,67.88
2011-10-23 01:00:00,58.94
2011-10-23 02:00:00,48.41
2011-10-23 03:00:00,27.14
2011-10-23 04:00:00,9.09
2011-10-23 05:00:00,8.31
2011-10-23 06:00:00,15.469999999999999
2011-10-23 07:00:00,37.28
2011-10-23 08:00:00,75.41
2011-10-23 09:00:00,156.38
2011-10-23 10:00:00,261.53
2011-10-23 11:00:00,273.40999999999997
2011-10-23 12:00:00,339.97
2011-10-23 13:00:00,353.15
2011-10-23 14:00:00,364.45000000000005
2011-10-23 15:00:00,345.9
2011-10-23 16:00:00,370.95
2011-10-23 17:00:00,303.75
2011-10-23 18:00:00,271.51
2011-10-23 19:00:00,183.76999999999998
2011-10-23 20:00:00,126.11999999999999
2011-10-23 21:00:00,105.5
2011-10-23 22:00:00,93.64999999999999
2011-10-23 23:00:00,88.72
2011-10-24 00:00:00,52.86
2011-10-24 01:00:00,14.469999999999999
2011-10-24 02:00:00,6.76
2011-10-24 03:00:00,7.68
2011-10-24 04:00:00,6.913333333333332
2011-10-24 05:00:00,25.3
2011-10-24 06:00:00,99.77
2011-10-24 07:00:00,284.98
2011-10-24 08:00:00,405.12
2011-10-24 09:00:00,181.15
2011-10-24 10:00:00,100.85
2011-10-24 11:00:00,130.24
2011-10-24 12:00:00,175.20999999999998
2011-10-24 13:00:00,170.18
2011-10-24 14:00:00,162.5
2011-10-24 15:00:00,196.11
2011-10-24 16:00:00,290.25
2011-10-24 17:00:00,526.34
2011-10-24 18:00:00,522.29
2011-10-24 19:00:00,249.4
2011-10-24 20:00:00,224.0
2011-10-24 21:00:00,165.03
2011-10-24 22:00:00,115.00999999999999
2011-10-24 23:00:00,66.25
2011-10-25 00:00:00,56.4
2011-10-25 01:00:00,14.2
2011-10-25 02:00:00,4.84
2011-10-25 03:00:00,6.199999999999999
2011-10-25 04:00:00,5.85
2011-10-25 05:00:00,24.22
2011-10-25 06:00:00,103.25
2011-10-25 07:00:00,282.25
2011-10-25 08:00:00,409.47
2011-10-25 09:00:00,208.09
2011-10-25 10:00:00,125.19
2011-10-25 11:00:00,139.6
2011-10-25 12:00:00,197.19
2011-10-25 13:00:00,185.96
2011-10-25 14:00:00,168.09
2011-10-25 15:00:00,182.76000000000002
2011-10-25 16:00:00,299.42999999999995
2011-10-25 17:00:00,555.29
2011-10-25 18:00:00,508.34
2011-10-25 19:00:00,304.19
2011-10-25 20:00:00,224.98999999999998
2011-10-25 21:00:00,159.29
2011-10-25 22:00:00,125.47
2011-10-25 23:00:00,70.79
2011-10-26 00:00:00,50.160000000000004
2011-10-26 01:00:00,13.350000000000001
2011-10-26 02:00:00,12.27
2011-10-26 03:00:00,4.59
2011-10-26 04:00:00,4.42
2011-10-26 05:00:00,25.33
2011-10-26 06:00:00,110.07000000000001
2011-10-26 07:00:00,302.99
2011-10-26 08:00:00,435.59999999999997
2011-10-26 09:00:00,208.95000000000002
2011-10-26 10:00:00,130.18
2011-10-26 11:00:00,142.45
2011-10-26 12:00:00,196.21
2011-10-26 13:00:00,167.04000000000002
2011-10-26 14:00:00,150.06
2011-10-26 15:00:00,160.24
2011-10-26 16:00:00,232.28
2011-10-26 17:00:00,424.84999999999997
2011-10-26 18:00:00,468.52
2011-10-26 19:00:00,284.71
2011-10-26 20:00:00,217.32999999999998
2011-10-26 21:00:00,167.07
2011-10-26 22:00:00,126.36
2011-10-26 23:00:00,66.88
2011-10-27 00:00:00,34.77
2011-10-27 01:00:00,13.29
2011-10-27 02:00:00,6.16
2011-10-27 03:00:00,3.84
2011-10-27 04:00:00,4.54
2011-10-27 05:00:00,17.89
2011-10-27 06:00:00,61.24
2011-10-27 07:00:00,289.02
2011-10-27 08:00:00,257.71
2011-10-27 09:00:00,212.29
2011-10-27 10:00:00,101.53
2011-10-27 11:00:00,100.35999999999999
2011-10-27 12:00:00,89.38
2011-10-27 13:00:00,122.03999999999999
2011-10-27 14:00:00,130.87
2011-10-27 15:00:00,133.76
2011-10-27 16:00:00,297.03999999999996
2011-10-27 17:00:00,401.01
2011-10-27 18:00:00,374.96
2011-10-27 19:00:00,230.43
2011-10-27 20:00:00,200.24
2011-10-27 21:00:00,132.86
2011-10-27 22:00:00,89.27
2011-10-27 23:00:00,65.94
2011-10-28 00:00:00,39.86
2011-10-28 01:00:00,17.73
2011-10-28 02:00:00,8.95
2011-10-28 03:00:00,3.7083333333333335
2011-10-28 04:00:00,3.6299999999999994
2011-10-28 05:00:00,20.919999999999998
2011-10-28 06:00:00,87.33000000000001
2011-10-28 07:00:00,243.81
2011-10-28 08:00:00,441.04999999999995
2011-10-28 09:00:00,203.85
2011-10-28 10:00:00,136.5
2011-10-28 11:00:00,157.1
2011-10-28 12:00:00,199.57000000000002
2011-10-28 13:00:00,184.86
2011-10-28 14:00:00,175.45
2011-10-28 15:00:00,175.64
2011-10-28 16:00:00,232.67000000000002
2011-10-28 17:00:00,393.66
2011-10-28 18:00:00,370.53
2011-10-28 19:00:00,219.23
2011-10-28 20:00:00,122.77000000000001
2011-10-28 21:00:00,96.59
2011-10-28 22:00:00,70.66
2011-10-28 23:00:00,54.95
2011-10-29 00:00:00,50.45
2011-10-29 01:00:00,39.29
2011-10-29 02:00:00,35.25
2011-10-29 03:00:00,12.21
2011-10-29 04:00:00,5.199999999999999
2011-10-29 05:00:00,4.93
2011-10-29 06:00:00,14.07
2011-10-29 07:00:00,41.91
2011-10-29 08:00:00,94.26
2011-10-29 09:00:00,135.61
2011-10-29 10:00:00,144.12
2011-10-29 11:00:00,150.66
2011-10-29 12:00:00,148.54000000000002
2011-10-29 13:00:00,143.4
2011-10-29 14:00:00,149.92
2011-10-29 15:00:00,146.20000000000002
2011-10-29 16:00:00,138.85
2011-10-29 17:00:00,122.03999999999999
2011-10-29 18:00:00,111.1
2011-10-29 19:00:00,103.42999999999999
2011-10-29 20:00:00,83.96
2011-10-29 21:00:00,66.42
2011-10-29 22:00:00,64.92999999999999
2011-10-29 23:00:00,53.56
2011-10-30 00:00:00,58.64
2011-10-30 01:00:00,46.870000000000005
2011-10-30 02:00:00,38.19
2011-10-30 03:00:00,13.77
2011-10-30 04:00:00,4.63
2011-10-30 05:00:00,4.55
2011-10-30 06:00:00,11.43
2011-10-30 07:00:00,32.32
2011-10-30 08:00:00,70.73
2011-10-30 09:00:00,134.08
2011-10-30 10:00:00,214.39999999999998
2011-10-30 11:00:00,265.09999999999997
2011-10-30 12:00:00,314.28999999999996
2011-10-30 13:00:00,328.96999999999997
2011-10-30 14:00:00,360.12
2011-10-30 15:00:00,381.96
2011-10-30 16:00:00,374.46000000000004
2011-10-30 17:00:00,277.51
2011-10-30 18:00:00,193.77
2011-10-30 19:00:00,280.66999999999996
2011-10-30 20:00:00,119.45
2011-10-30 21:00:00,91.11
2011-10-30 22:00:00,71.57000000000001
2011-10-30 23:00:00,41.650000000000006
2011-10-31 00:00:00,17.669999999999998
2011-10-31 01:00:00,7.53
2011-10-31 02:00:00,2.92
2011-10-31 03:00:00,3.7135833333333323
2011-10-31 04:00:00,4.991666666666666
2011-10-31 05:00:00,21.056666666666665
2011-10-31 06:00:00,92.02
2011-10-31 07:00:00,267.5
2011-10-31 08:00:00,403.41999999999996
2011-10-31 09:00:00,184.86
2011-10-31 10:00:00,116.85
2011-10-31 11:00:00,133.49
2011-10-31 12:00:00,166.48000000000002
2011-10-31 13:00:00,165.0
2011-10-31 14:00:00,155.84
2011-10-31 15:00:00,170.43
2011-10-31 16:00:00,236.98
2011-10-31 17:00:00,486.45
2011-10-31 18:00:00,414.84000000000003
2011-10-31 19:00:00,293.19
2011-10-31 20:00:00,198.67999999999998
2011-10-31 21:00:00,128.37
2011-10-31 22:00:00,91.78
2011-10-31 23:00:00,54.05
2011-11-20 00:00:00,72.67
2011-11-20 01:00:00,65.41
2011-11-20 02:00:00,57.14
2011-11-20 03:00:00,24.29
2011-11-20 04:00:00,7.02
2011-11-20 05:00:00,6.8
2011-11-20 06:00:00,17.259999999999998
2011-11-20 07:00:00,41.38
2011-11-20 08:00:00,72.75999999999999
2011-11-20 09:00:00,164.66
2011-11-20 10:00:00,261.26
2011-11-20 11:00:00,316.09000000000003
2011-11-20 12:00:00,330.83000000000004
2011-11-20 13:00:00,340.83
2011-11-20 14:00:00,346.8
2011-11-20 15:00:00,334.86
2011-11-20 16:00:00,352.13
2011-11-20 17:00:00,312.97
2011-11-20 18:00:00,307.59000000000003
2011-11-20 19:00:00,210.53000000000003
2011-11-20 20:00:00,183.85000000000002
2011-11-20 21:00:00,117.34
2011-11-20 22:00:00,78.77000000000001
2011-11-20 23:00:00,67.47
2011-11-21 00:00:00,50.53
2011-11-21 01:00:00,16.64
2011-11-21 02:00:00,9.96
2011-11-21 03:00:00,5.109999999999999
2011-11-21 04:00:00,5.25
2011-11-21 05:00:00,15.209999999999999
2011-11-21 06:00:00,91.75
2011-11-21 07:00:00,256.8
2011-11-21 08:00:00,391.47
2011-11-21 09:00:00,178.87
2011-11-21 10:00:00,111.64
2011-11-21 11:00:00,116.11999999999999
2011-11-21 12:00:00,154.74
2011-11-21 13:00:00,152.74
2011-11-21 14:00:00,114.69
2011-11-21 15:00:00,52.97
2011-11-21 16:00:00,87.95
2011-11-21 17:00:00,138.82
2011-11-21 18:00:00,217.14000000000001
2011-11-21 19:00:00,193.81
2011-11-21 20:00:00,140.05
2011-11-21 21:00:00,113.21
2011-11-21 22:00:00,85.81
2011-11-21 23:00:00,54.31
2011-11-22 00:00:00,15.22
2011-11-22 01:00:00,8.73
2011-11-22 02:00:00,5.28
2011-11-22 03:00:00,5.26
2011-11-22 04:00:00,4.64
2011-11-22 05:00:00,13.23
2011-11-22 06:00:00,81.55
2011-11-22 07:00:00,120.97999999999999
2011-11-22 08:00:00,239.42000000000002
2011-11-22 09:00:00,114.17
2011-11-22 10:00:00,62.79
2011-11-22 11:00:00,65.88
2011-11-22 12:00:00,70.03
2011-11-22 13:00:00,53.31999999999999
2011-11-22 14:00:00,50.86
2011-11-22 15:00:00,42.49
2011-11-22 16:00:00,106.94
2011-11-22 17:00:00,206.49
2011-11-22 18:00:00,209.76
2011-11-22 19:00:00,217.38
2011-11-22 20:00:00,167.74
2011-11-22 21:00:00,115.13
2011-11-22 22:00:00,108.21
2011-11-22 23:00:00,68.42
2011-11-23 00:00:00,25.31
2011-11-23 01:00:00,9.87
2011-11-23 02:00:00,4.779999999999999
2011-11-23 03:00:00,4.04
2011-11-23 04:00:00,5.38
2011-11-23 05:00:00,17.43
2011-11-23 06:00:00,91.98
2011-11-23 07:00:00,290.6
2011-11-23 08:00:00,399.89
2011-11-23 09:00:00,175.96
2011-11-23 10:00:00,82.39
2011-11-23 11:00:00,124.28999999999999
2011-11-23 12:00:00,178.05
2011-11-23 13:00:00,154.36
2011-11-23 14:00:00,143.64000000000001
2011-11-23 15:00:00,149.22
2011-11-23 16:00:00,226.16000000000003
2011-11-23 17:00:00,285.75
2011-11-23 18:00:00,393.02
2011-11-23 19:00:00,241.73000000000002
2011-11-23 20:00:00,168.69
2011-11-23 21:00:00,130.56
2011-11-23 22:00:00,98.78
2011-11-23 23:00:00,57.71
2011-11-24 00:00:00,42.18000000000001
2011-11-24 01:00:00,23.53
2011-11-24 02:00:00,12.94
2011-11-24 03:00:00,7.34
2011-11-24 04:00:00,6.83
2011-11-24 05:00:00,16.46
2011-11-24 06:00:00,36.089999999999996
2011-11-24 07:00:00,118.24000000000001
2011-11-24 08:00:00,183.91000000000003
2011-11-24 09:00:00,183.01
2011-11-24 10:00:00,176.14
2011-11-24 11:00:00,217.60999999999999
2011-11-24 12:00:00,261.84
2011-11-24 13:00:00,273.08000000000004
2011-11-24 14:00:00,273.08
2011-11-24 15:00:00,273.13
2011-11-24 16:00:00,283.73
2011-11-24 17:00:00,318.3
2011-11-24 18:00:00,259.55
2011-11-24 19:00:00,207.66
2011-11-24 20:00:00,137.28
2011-11-24 21:00:00,99.38000000000001
2011-11-24 22:00:00,89.81
2011-11-24 23:00:00,80.14
2011-11-25 00:00:00,39.45
2011-11-25 01:00:00,18.94
2011-11-25 02:00:00,11.545
2011-11-25 03:00:00,4.249499999999999
2011-11-25 04:00:00,4.2316666666666665
2011-11-25 05:00:00,21.54
2011-11-25 06:00:00,85.14
2011-11-25 07:00:00,235.58
2011-11-25 08:00:00,413.28
2011-11-25 09:00:00,209.27999999999997
2011-11-25 10:00:00,139.4
2011-11-25 11:00:00,160.34
2011-11-25 12:00:00,213.95000000000002
2011-11-25 13:00:00,218.67
2011-11-25 14:00:00,211.98
2011-11-25 15:00:00,220.27
2011-11-25 16:00:00,316.69000000000005
2011-11-25 17:00:00,494.31
2011-11-25 18:00:00,440.1
2011-11-25 19:00:00,244.26000000000002
2011-11-25 20:00:00,192.04999999999998
2011-11-25 21:00:00,141.85999999999999
2011-11-25 22:00:00,108.84
2011-11-25 23:00:00,82.22
2011-11-26 00:00:00,68.58
2011-11-26 01:00:00,72.29
2011-11-26 02:00:00,45.480000000000004
2011-11-26 03:00:00,27.540000000000003
2011-11-26 04:00:00,7.08
2011-11-26 05:00:00,6.24
2011-11-26 06:00:00,15.55
2011-11-26 07:00:00,32.72
2011-11-26 08:00:00,85.37
2011-11-26 09:00:00,169.36
2011-11-26 10:00:00,238.32
2011-11-26 11:00:00,293.64
2011-11-26 12:00:00,332.16999999999996
2011-11-26 13:00:00,340.25
2011-11-26 14:00:00,317.20000000000005
2011-11-26 15:00:00,328.06
2011-11-26 16:00:00,328.75
2011-11-26 17:00:00,271.57
2011-11-26 18:00:00,203.14
2011-11-26 19:00:00,188.35000000000002
2011-11-26 20:00:00,140.69
2011-11-26 21:00:00,95.23
2011-11-26 22:00:00,96.50999999999999
2011-11-26 23:00:00,82.82
2011-11-27 00:00:00,77.0
2011-11-27 01:00:00,69.14
2011-11-27 02:00:00,52.82
2011-11-27 03:00:00,27.650000000000002
2011-11-27 04:00:00,9.07
2011-11-27 05:00:00,7.07
2011-11-27 06:00:00,15.72
2011-11-27 07:00:00,38.81
2011-11-27 08:00:00,61.400000000000006
2011-11-27 09:00:00,153.25
2011-11-27 10:00:00,250.51
2011-11-27 11:00:00,318.8
2011-11-27 12:00:00,367.46000000000004
2011-11-27 13:00:00,354.71000000000004
2011-11-27 14:00:00,435.05
2011-11-27 15:00:00,429.73
2011-11-27 16:00:00,384.11
2011-11-27 17:00:00,361.43
2011-11-27 18:00:00,271.12666666666667
2011-11-27 19:00:00,194.92
2011-11-27 20:00:00,167.58
2011-11-27 21:00:00,105.92
2011-11-27 22:00:00,99.27
2011-11-27 23:00:00,75.09
2011-11-28 00:00:00,60.06999999999999
2011-11-28 01:00:00,23.42
2011-11-28 03:00:00,5.83
2011-11-28 04:00:00,7.88
2011-11-28 05:00:00,25.19
2011-11-28 06:00:00,99.98
2011-11-28 07:00:00,285.3
2011-11-28 08:00:00,391.03
2011-11-28 09:00:00,187.3
2011-11-28 10:00:00,114.38
2011-11-28 11:00:00,135.82
2011-11-28 12:00:00,185.77999999999997
2011-11-28 13:00:00,184.96
2011-11-28 14:00:00,188.19
2011-11-28 15:00:00,179.47
2011-11-28 16:00:00,268.97
2011-11-28 17:00:00,533.5
2011-11-28 18:00:00,507.77
2011-11-28 19:00:00,322.82000000000005
2011-11-28 20:00:00,232.23999999999998
2011-11-28 21:00:00,194.38
2011-11-28 22:00:00,131.28
2011-11-28 23:00:00,66.38
2011-11-29 00:00:00,30.130000000000003
2011-11-29 01:00:00,11.18
2011-11-29 02:00:00,5.0600000000000005
2011-11-29 03:00:00,3.5100000000000002
2011-11-29 04:00:00,5.09
2011-11-29 05:00:00,25.26
2011-11-29 06:00:00,109.81
2011-11-29 07:00:00,315.07000000000005
2011-11-29 08:00:00,434.28999999999996
2011-11-29 09:00:00,199.85999999999999
2011-11-29 10:00:00,122.98
2011-11-29 11:00:00,85.03999999999999
2011-11-29 12:00:00,90.39
2011-11-29 13:00:00,113.36
2011-11-29 14:00:00,58.97
2011-11-29 15:00:00,79.33
2011-11-29 16:00:00,88.59
2011-11-29 17:00:00,255.0
2011-11-29 18:00:00,289.86
2011-11-29 19:00:00,247.41
2011-11-29 20:00:00,151.83
2011-11-29 21:00:00,131.99
2011-11-29 22:00:00,101.75
2011-11-29 23:00:00,56.06999999999999
2011-11-30 00:00:00,27.75
2011-11-30 01:00:00,10.959999999999999
2011-11-30 02:00:00,5.07
2011-11-30 03:00:00,4.04
2011-11-30 04:00:00,4.986666666666666
2011-11-30 05:00:00,22.61
2011-11-30 06:00:00,88.60000000000001
2011-11-30 07:00:00,248.94
2011-11-30 08:00:00,421.86
2011-11-30 09:00:00,206.84
2011-11-30 10:00:00,111.64999999999999
2011-11-30 11:00:00,130.18
2011-11-30 12:00:00,141.05
2011-11-30 13:00:00,146.8
2011-11-30 14:00:00,145.19
2011-11-30 15:00:00,139.29000000000002
2011-11-30 16:00:00,218.39000000000001
2011-11-30 17:00:00,360.19
2011-11-30 18:00:00,354.47
2011-11-30 19:00:00,232.52
2011-11-30 20:00:00,158.94
2011-11-30 21:00:00,115.08000000000001
2011-11-30 22:00:00,89.25
2011-11-30 23:00:00,48.300000000000004
2011-12-20 00:00:00,24.92
2011-12-20 01:00:00,13.28
2011-12-20 02:00:00,7.25
2011-12-20 03:00:00,4.95
2011-12-20 04:00:00,6.61
2011-12-20 05:00:00,22.520000000000003
2011-12-20 06:00:00,94.77000000000001
2011-12-20 07:00:00,262.46
2011-12-20 08:00:00,462.08
2011-12-20 09:00:00,221.58999999999997
2011-12-20 10:00:00,127.96000000000001
2011-12-20 11:00:00,129.41
2011-12-20 12:00:00,167.25
2011-12-20 13:00:00,160.32
2011-12-20 14:00:00,148.3
2011-12-20 15:00:00,161.28
2011-12-20 16:00:00,229.42000000000002
2011-12-20 17:00:00,425.35
2011-12-20 18:00:00,376.71000000000004
2011-12-20 19:00:00,268.34
2011-12-20 20:00:00,190.81
2011-12-20 21:00:00,151.7
2011-12-20 22:00:00,103.61
2011-12-20 23:00:00,58.93
2011-12-21 00:00:00,24.759999999999998
2011-12-21 01:00:00,14.28
2011-12-21 02:00:00,6.9399999999999995
2011-12-21 03:00:00,4.67
2011-12-21 04:00:00,4.86
2011-12-21 05:00:00,21.48
2011-12-21 06:00:00,93.51
2011-12-21 07:00:00,275.24
2011-12-21 08:00:00,183.61
2011-12-21 09:00:00,204.60000000000002
2011-12-21 10:00:00,108.51
2011-12-21 11:00:00,106.53
2011-12-21 12:00:00,81.32
2011-12-21 13:00:00,43.01
2011-12-21 14:00:00,112.27000000000001
2011-12-21 15:00:00,114.72999999999999
2011-12-21 16:00:00,92.53
2011-12-21 17:00:00,157.9
2011-12-21 18:00:00,247.46
2011-12-21 19:00:00,202.60999999999999
2011-12-21 20:00:00,175.94
2011-12-21 21:00:00,123.86
2011-12-21 22:00:00,120.05
2011-12-21 23:00:00,79.60000000000001
2011-12-22 00:00:00,51.86
2011-12-22 01:00:00,13.57
2011-12-22 02:00:00,8.879999999999999
2011-12-22 03:00:00,6.0
2011-12-22 04:00:00,5.32
2011-12-22 05:00:00,25.62
2011-12-22 06:00:00,95.48
2011-12-22 07:00:00,258.09
2011-12-22 08:00:00,421.51
2011-12-22 09:00:00,214.67000000000002
2011-12-22 10:00:00,103.49
2011-12-22 11:00:00,110.17999999999999
2011-12-22 12:00:00,172.81
2011-12-22 13:00:00,152.07999999999998
2011-12-22 14:00:00,136.26
2011-12-22 15:00:00,143.47
2011-12-22 16:00:00,212.98
2011-12-22 17:00:00,390.38
2011-12-22 18:00:00,382.57000000000005
2011-12-22 19:00:00,249.18
2011-12-22 20:00:00,159.33999999999997
2011-12-22 21:00:00,120.17
2011-12-22 22:00:00,81.95
2011-12-22 23:00:00,71.93
2011-12-23 00:00:00,39.68
2011-12-23 01:00:00,21.63
2011-12-23 02:00:00,12.04
2011-12-23 03:00:00,4.86
2011-12-23 04:00:00,3.6500000000000004
2011-12-23 05:00:00,23.01
2011-12-23 06:00:00,83.03
2011-12-23 07:00:00,242.14
2011-12-23 08:00:00,406.90999999999997
2011-12-23 09:00:00,223.34
2011-12-23 10:00:00,138.9
2011-12-23 11:00:00,151.17
2011-12-23 12:00:00,182.88
2011-12-23 13:00:00,175.33
2011-12-23 14:00:00,173.94
2011-12-23 15:00:00,175.78
2011-12-23 16:00:00,227.04999999999998
2011-12-23 17:00:00,339.2
2011-12-23 18:00:00,318.62
2011-12-23 19:00:00,205.07
2011-12-23 20:00:00,132.25
2011-12-23 21:00:00,124.84
2011-12-23 22:00:00,98.22
2011-12-23 23:00:00,78.05
2011-12-24 00:00:00,72.12
2011-12-24 01:00:00,66.22
2011-12-24 02:00:00,57.21
2011-12-24 03:00:00,27.75
2011-12-24 04:00:00,7.2
2011-12-24 05:00:00,6.390000000000001
2011-12-24 06:00:00,10.79
2011-12-24 07:00:00,41.69
2011-12-24 08:00:00,71.84
2011-12-24 09:00:00,154.36
2011-12-24 10:00:00,185.07999999999998
2011-12-24 11:00:00,215.72000000000003
2011-12-24 12:00:00,269.1
2011-12-24 13:00:00,264.35
2011-12-24 14:00:00,260.32
2011-12-24 15:00:00,231.44
2011-12-24 16:00:00,236.02
2011-12-24 17:00:00,154.82
2011-12-24 18:00:00,173.06
2011-12-24 19:00:00,159.28
2011-12-24 20:00:00,98.25999999999999
2011-12-24 21:00:00,80.56
2011-12-24 22:00:00,75.64
2011-12-24 23:00:00,50.95
2011-12-25 00:00:00,66.41
2011-12-25 01:00:00,51.55
2011-12-25 02:00:00,50.910000000000004
2011-12-25 03:00:00,17.91
2011-12-25 05:00:00,6.449999999999999
2011-12-25 06:00:00,7.42
2011-12-25 07:00:00,21.29
2011-12-25 08:00:00,54.86
2011-12-25 09:00:00,112.50999999999999
2011-12-25 10:00:00,158.74
2011-12-25 11:00:00,204.3
2011-12-25 12:00:00,206.28
2011-12-25 13:00:00,228.15
2011-12-25 14:00:00,257.08
2011-12-25 15:00:00,261.07
2011-12-25 16:00:00,280.19
2011-12-25 17:00:00,189.12
2011-12-25 18:00:00,156.82999999999998
2011-12-25 19:00:00,159.43
2011-12-25 20:00:00,125.05000000000001
2011-12-25 21:00:00,81.32
2011-12-25 22:00:00,64.08
2011-12-25 23:00:00,47.05
2011-12-26 00:00:00,31.25
2011-12-26 01:00:00,25.38
2011-12-26 02:00:00,16.16
2011-12-26 04:00:00,7.53
2011-12-26 05:00:00,14.92
2011-12-26 06:00:00,29.18
2011-12-26 07:00:00,103.16
2011-12-26 08:00:00,146.06
2011-12-26 09:00:00,185.5
2011-12-26 10:00:00,165.75
2011-12-26 11:00:00,183.61
2011-12-26 12:00:00,208.73999999999998
2011-12-26 13:00:00,209.81
2011-12-26 14:00:00,208.85999999999999
2011-12-26 15:00:00,215.39000000000001
2011-12-26 16:00:00,220.37
2011-12-26 17:00:00,241.33
2011-12-26 18:00:00,228.21
2011-12-26 19:00:00,176.97
2011-12-26 20:00:00,114.23
2011-12-26 21:00:00,87.43
2011-12-26 22:00:00,76.44
2011-12-26 23:00:00,50.35
2011-12-27 00:00:00,16.38
2011-12-27 01:00:00,6.109999999999999
2011-12-27 02:00:00,3.6399999999999997
2011-12-27 03:00:00,3.85
2011-12-27 04:00:00,4.24
2011-12-27 05:00:00,17.46
2011-12-27 06:00:00,75.7
2011-12-27 07:00:00,228.31
2011-12-27 08:00:00,418.39000000000004
2011-12-27 09:00:00,164.47
2011-12-27 10:00:00,112.35000000000001
2011-12-27 11:00:00,99.14
2011-12-27 12:00:00,77.47
2011-12-27 13:00:00,73.24000000000001
2011-12-27 14:00:00,77.34
2011-12-27 15:00:00,76.67
2011-12-27 16:00:00,99.4
2011-12-27 17:00:00,216.07
2011-12-27 18:00:00,252.51999999999998
2011-12-27 19:00:00,204.34
2011-12-27 20:00:00,125.69
2011-12-27 21:00:00,132.68
2011-12-27 22:00:00,97.83
2011-12-27 23:00:00,52.279999999999994
2011-12-28 00:00:00,22.76
2011-12-28 01:00:00,10.59
2011-12-28 02:00:00,5.6000000000000005
2011-12-28 03:00:00,4.19
2011-12-28 05:00:00,18.830000000000002
2011-12-28 06:00:00,80.4
2011-12-28 07:00:00,235.13
2011-12-28 08:00:00,434.29
2011-12-28 09:00:00,218.98
2011-12-28 10:00:00,111.84
2011-12-28 11:00:00,123.41999999999999
2011-12-28 12:00:00,144.76
2011-12-28 13:00:00,133.73
2011-12-28 14:00:00,123.49
2011-12-28 15:00:00,126.05
2011-12-28 16:00:00,194.07
2011-12-28 17:00:00,305.07
2011-12-28 18:00:00,295.03000000000003
2011-12-28 19:00:00,179.38000000000002
2011-12-28 20:00:00,130.9
2011-12-28 21:00:00,78.21
2011-12-28 22:00:00,60.699999999999996
2011-12-28 23:00:00,41.220000000000006
2011-12-29 00:00:00,17.98
2011-12-29 01:00:00,7.63
2011-12-29 02:00:00,5.1375
2011-12-29 03:00:00,3.753333333333333
2011-12-29 04:00:00,3.6933333333333334
2011-12-29 05:00:00,15.685
2011-12-29 06:00:00,62.59
2011-12-29 07:00:00,183.75
2011-12-29 08:00:00,404.84000000000003
2011-12-29 09:00:00,220.64
2011-12-29 10:00:00,106.4
2011-12-29 11:00:00,110.04
2011-12-29 12:00:00,136.84
2011-12-29 13:00:00,138.04999999999998
2011-12-29 14:00:00,126.2
2011-12-29 15:00:00,125.62
2011-12-29 16:00:00,198.7
2011-12-29 17:00:00,302.84999999999997
2011-12-29 18:00:00,289.38
2011-12-29 19:00:00,202.04
2011-12-29 20:00:00,134.57
2011-12-29 21:00:00,120.91000000000001
2011-12-29 22:00:00,88.47
2011-12-29 23:00:00,71.57000000000001
2011-12-30 00:00:00,31.119999999999997
2011-12-30 01:00:00,13.39
2011-12-30 02:00:00,10.161000000000001
2011-12-30 03:00:00,3.4495000000000005
2011-12-30 04:00:00,3.097666666666667
2011-12-30 05:00:00,15.881833333333333
2011-12-30 06:00:00,61.69
2011-12-30 07:00:00,188.97
2011-12-30 08:00:00,396.51
2011-12-30 09:00:00,211.9
2011-12-30 10:00:00,121.06
2011-12-30 11:00:00,138.67000000000002
2011-12-30 12:00:00,161.65
2011-12-30 13:00:00,172.07
2011-12-30 14:00:00,185.11
2011-12-30 15:00:00,189.55
2011-12-30 16:00:00,259.56
2011-12-30 17:00:00,373.22
2011-12-30 18:00:00,343.22999999999996
2011-12-30 19:00:00,197.0
2011-12-30 20:00:00,161.5
2011-12-30 21:00:00,135.85
2011-12-30 22:00:00,98.15
2011-12-30 23:00:00,77.05
2011-12-31 00:00:00,67.85
2011-12-31 01:00:00,61.72
2011-12-31 02:00:00,52.63
2011-12-31 03:00:00,20.5
2011-12-31 04:00:00,6.220000000000001
2011-12-31 05:00:00,5.94
2011-12-31 06:00:00,14.579999999999998
2011-12-31 07:00:00,35.7
2011-12-31 08:00:00,74.87
2011-12-31 09:00:00,167.85
2011-12-31 10:00:00,221.75
2011-12-31 11:00:00,251.42000000000002
2011-12-31 12:00:00,387.18
2011-12-31 13:00:00,355.16
2011-12-31 14:00:00,324.68
2011-12-31 15:00:00,315.98
2011-12-31 16:00:00,320.65999999999997
2011-12-31 17:00:00,226.9
2011-12-31 18:00:00,198.64
2011-12-31 19:00:00,167.89999999999998
2011-12-31 20:00:00,138.16
2011-12-31 21:00:00,106.31
2011-12-31 22:00:00,99.45
2011-12-31 23:00:00,84.53
2012-01-20 00:00:00,23.91
2012-01-20 01:00:00,10.53
2012-01-20 02:00:00,8.835
2012-01-20 03:00:00,5.2924999999999995
2012-01-20 04:00:00,3.466
2012-01-20 05:00:00,19.926000000000002
2012-01-20 06:00:00,79.1
2012-01-20 07:00:00,208.18
2012-01-20 08:00:00,447.17
2012-01-20 09:00:00,195.89999999999998
2012-01-20 10:00:00,136.96
2012-01-20 11:00:00,139.15
2012-01-20 12:00:00,156.56
2012-01-20 13:00:00,162.5
2012-01-20 14:00:00,158.26
2012-01-20 15:00:00,160.41
2012-01-20 16:00:00,180.01999999999998
2012-01-20 17:00:00,289.0
2012-01-20 18:00:00,262.8
2012-01-20 19:00:00,189.68
2012-01-20 20:00:00,142.81
2012-01-20 21:00:00,80.55
2012-01-20 22:00:00,65.83
2012-01-20 23:00:00,52.699999999999996
2012-01-21 00:00:00,35.58
2012-01-21 01:00:00,39.45
2012-01-21 02:00:00,35.36
2012-01-21 03:00:00,20.05
2012-01-21 04:00:00,6.02
2012-01-21 05:00:00,5.85
2012-01-21 06:00:00,6.73
2012-01-21 07:00:00,21.080000000000002
2012-01-21 08:00:00,70.01
2012-01-21 09:00:00,116.63
2012-01-21 10:00:00,150.46
2012-01-21 11:00:00,169.96
2012-01-21 12:00:00,206.9
2012-01-21 13:00:00,205.98
2012-01-21 14:00:00,174.57
2012-01-21 15:00:00,173.68
2012-01-21 16:00:00,190.18
2012-01-21 17:00:00,124.25
2012-01-21 18:00:00,111.5
2012-01-21 19:00:00,98.08
2012-01-21 20:00:00,88.93
2012-01-21 21:00:00,65.86
2012-01-21 22:00:00,62.45
2012-01-21 23:00:00,55.75
2012-01-22 00:00:00,53.92
2012-01-22 01:00:00,46.47
2012-01-22 02:00:00,41.22
2012-01-22 03:00:00,22.07
2012-01-22 04:00:00,5.29
2012-01-22 05:00:00,4.59
2012-01-22 06:00:00,6.1899999999999995
2012-01-22 07:00:00,16.84
2012-01-22 08:00:00,44.089999999999996
2012-01-22 09:00:00,108.5
2012-01-22 10:00:00,139.62
2012-01-22 11:00:00,148.89
2012-01-22 12:00:00,186.8
2012-01-22 13:00:00,182.36
2012-01-22 14:00:00,190.89000000000001
2012-01-22 15:00:00,182.26
2012-01-22 16:00:00,176.82000000000002
2012-01-22 17:00:00,114.43
2012-01-22 18:00:00,95.61
2012-01-22 19:00:00,91.75
2012-01-22 20:00:00,86.92
2012-01-22 21:00:00,67.96000000000001
2012-01-22 22:00:00,58.459999999999994
2012-01-22 23:00:00,41.82
2012-01-23 00:00:00,16.91
2012-01-23 01:00:00,5.53
2012-01-23 02:00:00,4.2299999999999995
2012-01-23 03:00:00,3.71
2012-01-23 04:00:00,3.85
2012-01-23 05:00:00,19.913333333333334
2012-01-23 06:00:00,79.36999999999999
2012-01-23 07:00:00,180.27
2012-01-23 08:00:00,297.5
2012-01-23 09:00:00,204.76999999999998
2012-01-23 10:00:00,95.03
2012-01-23 11:00:00,91.60000000000001
2012-01-23 12:00:00,99.21000000000001
2012-01-23 13:00:00,65.29
2012-01-23 14:00:00,61.44
2012-01-23 15:00:00,105.75999999999999
2012-01-23 16:00:00,120.71000000000001
2012-01-23 17:00:00,181.45999999999998
2012-01-23 18:00:00,197.94
2012-01-23 19:00:00,184.16
2012-01-23 20:00:00,142.3
2012-01-23 21:00:00,85.03
2012-01-23 22:00:00,74.0
2012-01-23 23:00:00,45.06
2012-01-24 00:00:00,14.93
2012-01-24 01:00:00,6.529999999999999
2012-01-24 02:00:00,4.82
2012-01-24 03:00:00,3.46
2012-01-24 04:00:00,3.63
2012-01-24 05:00:00,17.32
2012-01-24 06:00:00,83.18
2012-01-24 07:00:00,253.02
2012-01-24 08:00:00,493.83
2012-01-24 09:00:00,210.48999999999998
2012-01-24 10:00:00,89.92
2012-01-24 11:00:00,91.09
2012-01-24 12:00:00,103.51
2012-01-24 13:00:00,103.2
2012-01-24 14:00:00,117.91000000000001
2012-01-24 15:00:00,126.77000000000001
2012-01-24 16:00:00,200.92
2012-01-24 17:00:00,454.24
2012-01-24 18:00:00,424.13
2012-01-24 19:00:00,314.2
2012-01-24 20:00:00,188.87
2012-01-24 21:00:00,132.31
2012-01-24 22:00:00,103.00999999999999
2012-01-24 23:00:00,46.92
2012-01-25 00:00:00,16.86
2012-01-25 01:00:00,7.130000000000001
2012-01-25 02:00:00,5.63
2012-01-25 03:00:00,3.15
2012-01-25 04:00:00,2.68
2012-01-25 05:00:00,20.229999999999997
2012-01-25 06:00:00,77.51
2012-01-25 07:00:00,224.80999999999997
2012-01-25 08:00:00,472.08
2012-01-25 09:00:00,207.57999999999998
2012-01-25 10:00:00,108.47
2012-01-25 11:00:00,116.09
2012-01-25 12:00:00,128.04
2012-01-25 13:00:00,129.6
2012-01-25 14:00:00,118.47
2012-01-25 15:00:00,137.82
2012-01-25 16:00:00,186.89000000000001
2012-01-25 17:00:00,401.09
2012-01-25 18:00:00,350.65000000000003
2012-01-25 19:00:00,269.01
2012-01-25 20:00:00,179.97
2012-01-25 21:00:00,128.77
2012-01-25 22:00:00,112.21
2012-01-25 23:00:00,47.019999999999996
2012-01-26 00:00:00,23.75
2012-01-26 01:00:00,6.99
2012-01-26 02:00:00,6.390000000000001
2012-01-26 03:00:00,3.7
2012-01-26 04:00:00,3.1266666666666665
2012-01-26 05:00:00,20.03
2012-01-26 06:00:00,86.17
2012-01-26 07:00:00,235.55
2012-01-26 08:00:00,490.69
2012-01-26 09:00:00,213.44
2012-01-26 10:00:00,99.50999999999999
2012-01-26 11:00:00,94.8
2012-01-26 12:00:00,128.7
2012-01-26 13:00:00,137.66
2012-01-26 14:00:00,138.31
2012-01-26 15:00:00,152.3
2012-01-26 16:00:00,195.51999999999998
2012-01-26 17:00:00,436.76000000000005
2012-01-26 18:00:00,438.19
2012-01-26 19:00:00,298.26
2012-01-26 20:00:00,199.65
2012-01-26 21:00:00,139.79000000000002
2012-01-26 22:00:00,118.08
2012-01-26 23:00:00,75.7
2012-01-27 00:00:00,43.85
2012-01-27 01:00:00,17.05
2012-01-27 02:00:00,11.61
2012-01-27 03:00:00,4.27
2012-01-27 04:00:00,3.18
2012-01-27 05:00:00,20.5
2012-01-27 06:00:00,97.94
2012-01-27 07:00:00,264.54
2012-01-27 08:00:00,367.46999999999997
2012-01-27 09:00:00,214.8
2012-01-27 10:00:00,133.62
2012-01-27 11:00:00,163.64000000000001
2012-01-27 12:00:00,218.88
2012-01-27 13:00:00,241.64000000000001
2012-01-27 14:00:00,236.13
2012-01-27 15:00:00,232.59
2012-01-27 16:00:00,229.43
2012-01-27 17:00:00,460.44
2012-01-27 18:00:00,417.09999999999997
2012-01-27 19:00:00,276.64
2012-01-27 20:00:00,185.20999999999998
2012-01-27 21:00:00,131.36
2012-01-27 22:00:00,120.42
2012-01-27 23:00:00,69.63
2012-01-28 00:00:00,63.41
2012-01-28 01:00:00,51.96
2012-01-28 02:00:00,44.99
2012-01-28 03:00:00,21.91
2012-01-28 04:00:00,4.92
2012-01-28 05:00:00,4.06
2012-01-28 06:00:00,7.66
2012-01-28 07:00:00,28.39
2012-01-28 08:00:00,83.21000000000001
2012-01-28 09:00:00,131.38
2012-01-28 10:00:00,186.63
2012-01-28 11:00:00,237.82999999999998
2012-01-28 12:00:00,229.92999999999998
2012-01-28 13:00:00,274.71
2012-01-28 14:00:00,263.94
2012-01-28 15:00:00,279.96000000000004
2012-01-28 16:00:00,346.75
2012-01-28 17:00:00,279.16
2012-01-28 18:00:00,209.36
2012-01-28 19:00:00,147.68
2012-01-28 20:00:00,139.36
2012-01-28 21:00:00,108.60000000000001
2012-01-28 22:00:00,105.22
2012-01-28 23:00:00,79.71000000000001
2012-01-29 00:00:00,66.46
2012-01-29 01:00:00,55.84
2012-01-29 02:00:00,43.55
2012-01-29 03:00:00,23.82
2012-01-29 04:00:00,7.29
2012-01-29 05:00:00,4.49
2012-01-29 06:00:00,7.0200000000000005
2012-01-29 07:00:00,23.42
2012-01-29 08:00:00,54.900000000000006
2012-01-29 09:00:00,112.25999999999999
2012-01-29 10:00:00,170.55
2012-01-29 11:00:00,229.93
2012-01-29 12:00:00,320.13
2012-01-29 13:00:00,319.18
2012-01-29 14:00:00,311.93
2012-01-29 15:00:00,311.98
2012-01-29 16:00:00,304.41
2012-01-29 17:00:00,249.15
2012-01-29 18:00:00,206.94
2012-01-29 19:00:00,129.38
2012-01-29 20:00:00,106.62
2012-01-29 21:00:00,89.14
2012-01-29 22:00:00,87.98
2012-01-29 23:00:00,45.19
2012-01-30 00:00:00,21.44
2012-01-30 01:00:00,3.88
2012-01-30 02:00:00,3.76
2012-01-30 03:00:00,2.8800000000000003
2012-01-30 04:00:00,2.88
2012-01-30 05:00:00,18.19
2012-01-30 06:00:00,76.82000000000001
2012-01-30 07:00:00,214.75
2012-01-30 08:00:00,429.53000000000003
2012-01-30 09:00:00,181.54
2012-01-30 10:00:00,107.44999999999999
2012-01-30 11:00:00,113.19999999999999
2012-01-30 12:00:00,131.62
2012-01-30 13:00:00,131.27
2012-01-30 14:00:00,125.41
2012-01-30 15:00:00,130.2
2012-01-30 16:00:00,199.54999999999998
2012-01-30 17:00:00,409.84000000000003
2012-01-30 18:00:00,401.55
2012-01-30 19:00:00,246.49
2012-01-30 20:00:00,179.95000000000002
2012-01-30 21:00:00,124.64
2012-01-30 22:00:00,93.02000000000001
2012-01-30 23:00:00,46.78
2012-01-31 00:00:00,15.82
2012-01-31 01:00:00,5.45
2012-01-31 02:00:00,4.59
2012-01-31 03:00:00,2.92
2012-01-31 04:00:00,2.66
2012-01-31 05:00:00,19.64
2012-01-31 06:00:00,89.22000000000001
2012-01-31 07:00:00,226.17000000000002
2012-01-31 08:00:00,472.36
2012-01-31 09:00:00,186.94
2012-01-31 10:00:00,110.53999999999999
2012-01-31 11:00:00,125.97999999999999
2012-01-31 12:00:00,150.43
2012-01-31 13:00:00,188.09
2012-01-31 14:00:00,190.02
2012-01-31 15:00:00,206.24
2012-01-31 16:00:00,305.76
2012-01-31 17:00:00,566.85
2012-01-31 18:00:00,551.77
2012-01-31 19:00:00,376.19
2012-01-31 20:00:00,203.94
2012-01-31 21:00:00,200.94
2012-01-31 22:00:00,114.49
2012-01-31 23:00:00,75.63000000000001
2012-02-20 00:00:00,25.810000000000002
2012-02-20 01:00:00,38.18
2012-02-20 02:00:00,13.8
2012-02-20 03:00:00,5.390000000000001
2012-02-20 05:00:00,9.1
2012-02-20 06:00:00,18.68
2012-02-20 07:00:00,72.3
2012-02-20 08:00:00,118.86
2012-02-20 09:00:00,152.35999999999999
2012-02-20 10:00:00,147.67999999999998
2012-02-20 11:00:00,159.41
2012-02-20 12:00:00,192.3
2012-02-20 13:00:00,196.71
2012-02-20 14:00:00,196.53
2012-02-20 15:00:00,197.51
2012-02-20 16:00:00,251.57
2012-02-20 17:00:00,248.56
2012-02-20 18:00:00,195.63000000000002
2012-02-20 19:00:00,151.98000000000002
2012-02-20 20:00:00,132.53
2012-02-20 21:00:00,99.43
2012-02-20 22:00:00,96.73
2012-02-20 23:00:00,49.76
2012-02-21 00:00:00,19.689999999999998
2012-02-21 01:00:00,6.8999999999999995
2012-02-21 02:00:00,3.33
2012-02-21 04:00:00,2.008
2012-02-21 05:00:00,20.136666666666667
2012-02-21 06:00:00,79.4
2012-02-21 07:00:00,272.53
2012-02-21 08:00:00,476.29
2012-02-21 09:00:00,256.4
2012-02-21 10:00:00,105.81
2012-02-21 11:00:00,111.30000000000001
2012-02-21 12:00:00,140.01000000000002
2012-02-21 13:00:00,148.37
2012-02-21 14:00:00,141.41
2012-02-21 15:00:00,143.48000000000002
2012-02-21 16:00:00,215.34
2012-02-21 17:00:00,431.25
2012-02-21 18:00:00,431.72999999999996
2012-02-21 19:00:00,288.82
2012-02-21 20:00:00,201.65
2012-02-21 21:00:00,161.89999999999998
2012-02-21 22:00:00,102.83
2012-02-21 23:00:00,49.589999999999996
2012-02-22 00:00:00,22.28
2012-02-22 01:00:00,8.719999999999999
2012-02-22 02:00:00,4.550000000000001
2012-02-22 03:00:00,2.7199999999999998
2012-02-22 04:00:00,2.1799999999999997
2012-02-22 05:00:00,21.639999999999997
2012-02-22 06:00:00,88.57000000000001
2012-02-22 07:00:00,299.42999999999995
2012-02-22 08:00:00,502.9
2012-02-22 09:00:00,261.94
2012-02-22 10:00:00,110.17
2012-02-22 11:00:00,131.3
2012-02-22 12:00:00,144.83999999999997
2012-02-22 13:00:00,157.21
2012-02-22 14:00:00,145.09
2012-02-22 15:00:00,198.99
2012-02-22 16:00:00,300.53
2012-02-22 17:00:00,535.11
2012-02-22 18:00:00,469.07
2012-02-22 19:00:00,318.59999999999997
2012-02-22 20:00:00,224.61
2012-02-22 21:00:00,206.45
2012-02-22 22:00:00,125.69
2012-02-22 23:00:00,73.75
2012-02-23 00:00:00,32.92
2012-02-23 01:00:00,10.62
2012-02-23 02:00:00,9.05
2012-02-23 03:00:00,3.15
2012-02-23 04:00:00,3.17
2012-02-23 05:00:00,23.889999999999997
2012-02-23 06:00:00,96.5
2012-02-23 07:00:00,274.64
2012-02-23 08:00:00,512.18
2012-02-23 09:00:00,245.23000000000002
2012-02-23 10:00:00,141.51
2012-02-23 11:00:00,169.31
2012-02-23 12:00:00,203.2
2012-02-23 13:00:00,208.46
2012-02-23 14:00:00,189.20000000000002
2012-02-23 15:00:00,202.42
2012-02-23 16:00:00,304.09000000000003
2012-02-23 17:00:00,562.73
2012-02-23 18:00:00,535.37
2012-02-23 19:00:00,359.73
2012-02-23 20:00:00,248.07999999999998
2012-02-23 21:00:00,192.28
2012-02-23 22:00:00,137.14
2012-02-23 23:00:00,94.51
2012-02-24 00:00:00,43.94
2012-02-24 01:00:00,20.96
2012-02-24 02:00:00,8.77
2012-02-24 03:00:00,5.970000000000001
2012-02-24 04:00:00,4.54
2012-02-24 05:00:00,22.43
2012-02-24 06:00:00,90.25
2012-02-24 07:00:00,278.45000000000005
2012-02-24 08:00:00,499.53
2012-02-24 09:00:00,183.84
2012-02-24 10:00:00,117.86
2012-02-24 11:00:00,163.1
2012-02-24 12:00:00,190.85
2012-02-24 13:00:00,197.83
2012-02-24 14:00:00,201.54000000000002
2012-02-24 15:00:00,133.57
2012-02-24 16:00:00,144.94
2012-02-24 17:00:00,309.69
2012-02-24 18:00:00,344.91
2012-02-24 19:00:00,290.5
2012-02-24 20:00:00,210.99
2012-02-24 21:00:00,158.68
2012-02-24 22:00:00,129.84
2012-02-24 23:00:00,87.22
2012-02-25 00:00:00,76.08
2012-02-25 01:00:00,58.13
2012-02-25 02:00:00,45.38
2012-02-25 03:00:00,16.88
2012-02-25 04:00:00,5.14
2012-02-25 05:00:00,4.26
2012-02-25 06:00:00,8.129999999999999
2012-02-25 07:00:00,26.91
2012-02-25 08:00:00,84.36
2012-02-25 09:00:00,125.78
2012-02-25 10:00:00,181.94
2012-02-25 11:00:00,234.72000000000003
2012-02-25 12:00:00,275.28
2012-02-25 13:00:00,296.14
2012-02-25 14:00:00,269.18
2012-02-25 15:00:00,298.82
2012-02-25 16:00:00,269.12
2012-02-25 17:00:00,182.5
2012-02-25 18:00:00,151.48
2012-02-25 19:00:00,115.58000000000001
2012-02-25 20:00:00,101.32
2012-02-25 21:00:00,75.72
2012-02-25 22:00:00,78.55
2012-02-25 23:00:00,53.37
2012-02-26 00:00:00,63.25
2012-02-26 01:00:00,48.64
2012-02-26 02:00:00,38.71
2012-02-26 03:00:00,21.68
2012-02-26 04:00:00,5.53
2012-02-26 05:00:00,4.92
2012-02-26 06:00:00,6.28
2012-02-26 07:00:00,17.5
2012-02-26 08:00:00,52.03
2012-02-26 09:00:00,120.53999999999999
2012-02-26 10:00:00,202.0
2012-02-26 11:00:00,218.18
2012-02-26 12:00:00,296.44
2012-02-26 13:00:00,312.03
2012-02-26 14:00:00,319.07
2012-02-26 15:00:00,337.53
2012-02-26 16:00:00,318.1
2012-02-26 17:00:00,256.81
2012-02-26 18:00:00,189.55
2012-02-26 19:00:00,151.4
2012-02-26 20:00:00,119.7
2012-02-26 21:00:00,93.41
2012-02-26 22:00:00,94.99
2012-02-26 23:00:00,38.34
2012-02-27 00:00:00,15.5
2012-02-27 01:00:00,6.38
2012-02-27 02:00:00,3.89
2012-02-27 03:00:00,2.17
2012-02-27 04:00:00,2.0566666666666666
2012-02-27 05:00:00,19.009999999999998
2012-02-27 06:00:00,81.72
2012-02-27 07:00:00,251.76000000000002
2012-02-27 08:00:00,457.16999999999996
2012-02-27 09:00:00,243.76
2012-02-27 10:00:00,122.41
2012-02-27 11:00:00,135.91
2012-02-27 12:00:00,161.32
2012-02-27 13:00:00,161.70000000000002
2012-02-27 14:00:00,169.51999999999998
2012-02-27 15:00:00,215.68
2012-02-27 16:00:00,308.53
2012-02-27 17:00:00,582.4
2012-02-27 18:00:00,536.04
2012-02-27 19:00:00,375.29
2012-02-27 20:00:00,253.49
2012-02-27 21:00:00,200.78
2012-02-27 22:00:00,119.04
2012-02-27 23:00:00,70.07
2012-02-28 00:00:00,30.7
2012-02-28 01:00:00,9.73
2012-02-28 02:00:00,8.46
2012-02-28 03:00:00,4.09
2012-02-28 04:00:00,2.6300000000000003
2012-02-28 05:00:00,20.77
2012-02-28 06:00:00,89.78999999999999
2012-02-28 07:00:00,270.68
2012-02-28 08:00:00,465.08
2012-02-28 09:00:00,240.48000000000002
2012-02-28 10:00:00,119.9
2012-02-28 11:00:00,124.21
2012-02-28 12:00:00,153.7
2012-02-28 13:00:00,155.13
2012-02-28 14:00:00,152.18
2012-02-28 15:00:00,170.89000000000001
2012-02-28 16:00:00,259.37
2012-02-28 17:00:00,510.21000000000004
2012-02-28 18:00:00,511.2
2012-02-28 19:00:00,334.18
2012-02-28 20:00:00,209.51
2012-02-28 21:00:00,149.79
2012-02-28 22:00:00,105.47
2012-02-28 23:00:00,50.3
2012-02-29 00:00:00,23.119999999999997
2012-02-29 01:00:00,8.09
2012-02-29 02:00:00,4.34
2012-02-29 03:00:00,1.96
2012-02-29 05:00:00,21.919999999999998
2012-02-29 06:00:00,87.07000000000001
2012-02-29 07:00:00,273.45
2012-02-29 08:00:00,509.28000000000003
2012-02-29 09:00:00,172.39000000000001
2012-02-29 10:00:00,60.03
2012-02-29 11:00:00,66.55
2012-02-29 12:00:00,68.27
2012-02-29 13:00:00,117.46000000000001
2012-02-29 14:00:00,113.65
2012-02-29 15:00:00,124.25
2012-02-29 16:00:00,135.49
2012-02-29 17:00:00,305.23
2012-02-29 18:00:00,249.73000000000002
2012-02-29 19:00:00,282.34
2012-02-29 20:00:00,171.47000000000003
2012-02-29 21:00:00,85.59
2012-02-29 22:00:00,80.02
2012-02-29 23:00:00,52.980000000000004
2012-03-20 00:00:00,26.77
2012-03-20 01:00:00,15.620000000000001
2012-03-20 02:00:00,6.14
2012-03-20 03:00:00,5.1
2012-03-20 04:00:00,4.63
2012-03-20 05:00:00,21.8
2012-03-20 06:00:00,116.92999999999999
2012-03-20 07:00:00,140.1
2012-03-20 08:00:00,601.85
2012-03-20 09:00:00,334.25
2012-03-20 10:00:00,124.78
2012-03-20 11:00:00,152.99
2012-03-20 12:00:00,230.51999999999998
2012-03-20 13:00:00,227.76
2012-03-20 14:00:00,200.14
2012-03-20 15:00:00,242.84
2012-03-20 16:00:00,351.62
2012-03-20 17:00:00,707.32
2012-03-20 18:00:00,692.8299999999999
2012-03-20 19:00:00,481.14
2012-03-20 20:00:00,340.93
2012-03-20 21:00:00,226.39000000000001
2012-03-20 22:00:00,145.42
2012-03-20 23:00:00,79.81
2012-03-21 00:00:00,31.02
2012-03-21 01:00:00,15.600000000000001
2012-03-21 02:00:00,7.609999999999999
2012-03-21 03:00:00,3.91
2012-03-21 04:00:00,4.29
2012-03-21 05:00:00,23.959999999999997
2012-03-21 06:00:00,117.63
2012-03-21 07:00:00,178.13
2012-03-21 08:00:00,509.09
2012-03-21 09:00:00,322.53
2012-03-21 10:00:00,143.66
2012-03-21 11:00:00,149.06
2012-03-21 12:00:00,242.23999999999998
2012-03-21 13:00:00,216.82999999999998
2012-03-21 14:00:00,205.69
2012-03-21 15:00:00,212.76999999999998
2012-03-21 16:00:00,317.1
2012-03-21 17:00:00,700.59
2012-03-21 18:00:00,701.3000000000001
2012-03-21 19:00:00,505.17
2012-03-21 20:00:00,326.85
2012-03-21 21:00:00,190.32
2012-03-21 22:00:00,162.62
2012-03-21 23:00:00,89.2
2012-03-22 00:00:00,40.11
2012-03-22 01:00:00,17.67
2012-03-22 02:00:00,9.43
2012-03-22 03:00:00,6.82
2012-03-22 04:00:00,4.7
2012-03-22 05:00:00,20.44
2012-03-22 06:00:00,120.24000000000001
2012-03-22 07:00:00,313.57
2012-03-22 08:00:00,521.6
2012-03-22 09:00:00,309.04
2012-03-22 10:00:00,126.11
2012-03-22 11:00:00,146.98000000000002
2012-03-22 12:00:00,230.99
2012-03-22 13:00:00,245.25
2012-03-22 14:00:00,216.45999999999998
2012-03-22 15:00:00,243.79
2012-03-22 16:00:00,367.26
2012-03-22 17:00:00,720.9399999999999
2012-03-22 18:00:00,729.13
2012-03-22 19:00:00,513.9200000000001
2012-03-22 20:00:00,374.03000000000003
2012-03-22 21:00:00,236.44
2012-03-22 22:00:00,180.07999999999998
2012-03-22 23:00:00,149.3
2012-03-23 00:00:00,45.01
2012-03-23 01:00:00,30.57
2012-03-23 02:00:00,11.91
2012-03-23 03:00:00,7.66
2012-03-23 04:00:00,5.68
2012-03-23 05:00:00,23.28
2012-03-23 06:00:00,117.98
2012-03-23 07:00:00,284.53000000000003
2012-03-23 08:00:00,594.13
2012-03-23 09:00:00,311.94
2012-03-23 10:00:00,171.21
2012-03-23 11:00:00,226.22
2012-03-23 12:00:00,286.88
2012-03-23 13:00:00,295.22
2012-03-23 14:00:00,297.95
2012-03-23 15:00:00,307.9
2012-03-23 16:00:00,421.57000000000005
2012-03-23 17:00:00,733.95
2012-03-23 18:00:00,702.41
2012-03-23 19:00:00,462.62
2012-03-23 20:00:00,330.28999999999996
2012-03-23 21:00:00,237.93
2012-03-23 22:00:00,188.07
2012-03-23 23:00:00,157.53
2012-03-24 00:00:00,107.03
2012-03-24 01:00:00,99.75
2012-03-24 02:00:00,64.56
2012-03-24 03:00:00,26.74
2012-03-24 04:00:00,11.559999999999999
2012-03-24 05:00:00,9.870000000000001
2012-03-24 06:00:00,31.189999999999998
2012-03-24 07:00:00,64.42
2012-03-24 08:00:00,156.07999999999998
2012-03-24 09:00:00,282.81
2012-03-24 10:00:00,381.43
2012-03-24 11:00:00,480.2
2012-03-24 12:00:00,516.64
2012-03-24 13:00:00,513.2
2012-03-24 14:00:00,464.4
2012-03-24 15:00:00,471.11
2012-03-24 16:00:00,433.56
2012-03-24 17:00:00,374.13
2012-03-24 18:00:00,181.69
2012-03-24 19:00:00,153.07
2012-03-24 20:00:00,97.21
2012-03-24 21:00:00,71.0
2012-03-24 22:00:00,72.94
2012-03-24 23:00:00,86.55
2012-03-25 00:00:00,76.39999999999999
2012-03-25 01:00:00,63.97
2012-03-25 02:00:00,44.42
2012-03-25 03:00:00,18.02
2012-03-25 04:00:00,7.53
2012-03-25 05:00:00,7.89
2012-03-25 06:00:00,23.57
2012-03-25 07:00:00,42.9
2012-03-25 08:00:00,91.5
2012-03-25 09:00:00,206.77
2012-03-25 10:00:00,246.35
2012-03-25 11:00:00,284.33
2012-03-25 12:00:00,334.08000000000004
2012-03-25 13:00:00,421.98
2012-03-25 14:00:00,461.21999999999997
2012-03-25 15:00:00,461.98
2012-03-25 16:00:00,497.29999999999995
2012-03-25 17:00:00,477.61
2012-03-25 18:00:00,352.93
2012-03-25 19:00:00,258.79
2012-03-25 20:00:00,162.87
2012-03-25 21:00:00,125.13
2012-03-25 22:00:00,105.09
2012-03-25 23:00:00,66.39
2012-03-26 00:00:00,34.91
2012-03-26 01:00:00,13.07
2012-03-26 02:00:00,8.1
2012-03-26 03:00:00,3.59
2012-03-26 04:00:00,4.609999999999999
2012-03-26 05:00:00,28.55
2012-03-26 06:00:00,113.52
2012-03-26 07:00:00,358.08
2012-03-26 08:00:00,604.4000000000001
2012-03-26 09:00:00,299.32
2012-03-26 10:00:00,188.10000000000002
2012-03-26 11:00:00,210.38
2012-03-26 12:00:00,250.55
2012-03-26 13:00:00,252.1
2012-03-26 14:00:00,243.95999999999998
2012-03-26 15:00:00,246.78
2012-03-26 16:00:00,360.62
2012-03-26 17:00:00,567.07
2012-03-26 18:00:00,547.88
2012-03-26 19:00:00,371.69000000000005
2012-03-26 20:00:00,230.29000000000002
2012-03-26 21:00:00,150.94
2012-03-26 22:00:00,118.57000000000001
2012-03-26 23:00:00,54.22
2012-03-27 00:00:00,23.59
2012-03-27 01:00:00,6.75
2012-03-27 02:00:00,4.06
2012-03-27 03:00:00,2.68
2012-03-27 04:00:00,2.8
2012-03-27 05:00:00,21.04
2012-03-27 06:00:00,86.62
2012-03-27 07:00:00,270.53000000000003
2012-03-27 08:00:00,473.28000000000003
2012-03-27 09:00:00,254.59
2012-03-27 10:00:00,138.60999999999999
2012-03-27 11:00:00,142.81
2012-03-27 12:00:00,161.32999999999998
2012-03-27 13:00:00,183.86
2012-03-27 14:00:00,189.51
2012-03-27 15:00:00,218.82
2012-03-27 16:00:00,308.1
2012-03-27 17:00:00,560.15
2012-03-27 18:00:00,552.51
2012-03-27 19:00:00,380.2
2012-03-27 20:00:00,268.65
2012-03-27 21:00:00,146.24
2012-03-27 22:00:00,113.21000000000001
2012-03-27 23:00:00,63.22
2012-03-28 00:00:00,23.560000000000002
2012-03-28 01:00:00,8.81
2012-03-28 02:00:00,4.89
2012-03-28 03:00:00,3.91
2012-03-28 04:00:00,2.86
2012-03-28 05:00:00,25.029999999999998
2012-03-28 06:00:00,110.11999999999999
2012-03-28 07:00:00,308.43
2012-03-28 08:00:00,605.89
2012-03-28 09:00:00,325.61
2012-03-28 10:00:00,175.2
2012-03-28 11:00:00,197.86
2012-03-28 12:00:00,247.54999999999998
2012-03-28 13:00:00,231.20999999999998
2012-03-28 14:00:00,231.64
2012-03-28 15:00:00,252.07999999999998
2012-03-28 16:00:00,332.55
2012-03-28 17:00:00,734.9
2012-03-28 18:00:00,740.32
2012-03-28 19:00:00,504.96999999999997
2012-03-28 20:00:00,347.28999999999996
2012-03-28 21:00:00,242.56
2012-03-28 22:00:00,184.56
2012-03-28 23:00:00,91.96000000000001
2012-03-29 00:00:00,43.870000000000005
2012-03-29 01:00:00,21.439999999999998
2012-03-29 02:00:00,9.49
2012-03-29 03:00:00,7.09
2012-03-29 04:00:00,6.62
2012-03-29 05:00:00,26.8
2012-03-29 06:00:00,122.74
2012-03-29 07:00:00,358.06
2012-03-29 08:00:00,611.32
2012-03-29 09:00:00,328.6
2012-03-29 10:00:00,183.85999999999999
2012-03-29 11:00:00,206.51
2012-03-29 12:00:00,236.97
2012-03-29 13:00:00,222.09
2012-03-29 14:00:00,196.7
2012-03-29 15:00:00,222.67000000000002
2012-03-29 16:00:00,356.96000000000004
2012-03-29 17:00:00,601.68
2012-03-29 18:00:00,582.8399999999999
2012-03-29 19:00:00,372.67
2012-03-29 20:00:00,271.23
2012-03-29 21:00:00,196.57
2012-03-29 22:00:00,134.19
2012-03-29 23:00:00,93.08
2012-03-30 00:00:00,50.74
2012-03-30 01:00:00,24.03
2012-03-30 02:00:00,8.43
2012-03-30 03:00:00,7.16
2012-03-30 04:00:00,5.27
2012-03-30 05:00:00,22.25
2012-03-30 06:00:00,90.53999999999999
2012-03-30 07:00:00,286.46999999999997
2012-03-30 08:00:00,569.0200000000001
2012-03-30 09:00:00,293.04
2012-03-30 10:00:00,160.16
2012-03-30 11:00:00,184.71
2012-03-30 12:00:00,195.64000000000001
2012-03-30 13:00:00,134.51
2012-03-30 14:00:00,117.93
2012-03-30 15:00:00,115.26
2012-03-30 16:00:00,114.75
2012-03-30 17:00:00,444.15
2012-03-30 18:00:00,484.57000000000005
2012-03-30 19:00:00,309.44
2012-03-30 20:00:00,203.52
2012-03-30 21:00:00,142.69
2012-03-30 22:00:00,123.07
2012-03-30 23:00:00,88.23
2012-03-31 00:00:00,76.48
2012-03-31 01:00:00,66.15
2012-03-31 02:00:00,48.13
2012-03-31 03:00:00,23.89
2012-03-31 04:00:00,6.49
2012-03-31 05:00:00,6.41
2012-03-31 06:00:00,32.45
2012-03-31 07:00:00,45.290000000000006
2012-03-31 08:00:00,112.66999999999999
2012-03-31 09:00:00,246.15999999999997
2012-03-31 10:00:00,276.85
2012-03-31 11:00:00,436.72
2012-03-31 12:00:00,497.83
2012-03-31 13:00:00,581.0
2012-03-31 14:00:00,537.03
2012-03-31 15:00:00,518.4
2012-03-31 16:00:00,487.89
2012-03-31 17:00:00,390.8
2012-03-31 18:00:00,228.37
2012-03-31 19:00:00,158.21
2012-03-31 20:00:00,113.04
2012-03-31 21:00:00,107.11
2012-03-31 22:00:00,113.34
2012-03-31 23:00:00,82.25
2012-04-20 00:00:00,54.089999999999996
2012-04-20 01:00:00,28.19
2012-04-20 02:00:00,9.5
2012-04-20 03:00:00,6.210000000000001
2012-04-20 04:00:00,5.47
2012-04-20 05:00:00,28.48
2012-04-20 06:00:00,114.79
2012-04-20 07:00:00,310.53
2012-04-20 08:00:00,602.21
2012-04-20 09:00:00,309.02
2012-04-20 10:00:00,174.66
2012-04-20 11:00:00,229.31
2012-04-20 12:00:00,286.28000000000003
2012-04-20 13:00:00,310.1
2012-04-20 14:00:00,303.82
2012-04-20 15:00:00,321.5
2012-04-20 16:00:00,428.68
2012-04-20 17:00:00,683.07
2012-04-20 18:00:00,682.79
2012-04-20 19:00:00,480.43
2012-04-20 20:00:00,324.28000000000003
2012-04-20 21:00:00,223.54
2012-04-20 22:00:00,211.95
2012-04-20 23:00:00,160.15
2012-04-21 00:00:00,115.12
2012-04-21 01:00:00,97.7
2012-04-21 02:00:00,63.379999999999995
2012-04-21 03:00:00,29.56
2012-04-21 04:00:00,8.05
2012-04-21 05:00:00,8.46
2012-04-21 06:00:00,27.220000000000002
2012-04-21 07:00:00,68.44
2012-04-21 08:00:00,161.51
2012-04-21 09:00:00,300.44
2012-04-21 10:00:00,436.36
2012-04-21 11:00:00,534.7
2012-04-21 12:00:00,583.0
2012-04-21 13:00:00,618.59
2012-04-21 14:00:00,620.37
2012-04-21 15:00:00,598.5899999999999
2012-04-21 16:00:00,602.89
2012-04-21 17:00:00,551.3199999999999
2012-04-21 18:00:00,450.28999999999996
2012-04-21 19:00:00,348.44
2012-04-21 20:00:00,160.17000000000002
2012-04-21 21:00:00,128.2
2012-04-21 22:00:00,145.28
2012-04-21 23:00:00,99.07
2012-04-22 00:00:00,106.33
2012-04-22 01:00:00,81.33
2012-04-22 02:00:00,66.63
2012-04-22 03:00:00,28.68
2012-04-22 04:00:00,10.96
2012-04-22 05:00:00,8.76
2012-04-22 06:00:00,34.46
2012-04-22 07:00:00,41.3
2012-04-22 08:00:00,91.61000000000001
2012-04-22 09:00:00,205.94
2012-04-22 10:00:00,231.48000000000002
2012-04-22 11:00:00,255.6
2012-04-22 12:00:00,272.9
2012-04-22 13:00:00,274.28999999999996
2012-04-22 14:00:00,276.46000000000004
2012-04-22 15:00:00,280.65999999999997
2012-04-22 16:00:00,264.48
2012-04-22 17:00:00,192.14000000000001
2012-04-22 18:00:00,159.6
2012-04-22 19:00:00,145.46
2012-04-22 20:00:00,100.95
2012-04-22 21:00:00,90.02000000000001
2012-04-22 22:00:00,96.0
2012-04-22 23:00:00,56.410000000000004
2012-04-23 00:00:00,22.6
2012-04-23 01:00:00,7.84
2012-04-23 02:00:00,4.0
2012-04-23 03:00:00,3.06
2012-04-23 04:00:00,2.65
2012-04-23 05:00:00,17.58
2012-04-23 06:00:00,90.87
2012-04-23 07:00:00,223.64
2012-04-23 08:00:00,523.08
2012-04-23 09:00:00,260.26
2012-04-23 10:00:00,126.97
2012-04-23 11:00:00,130.54
2012-04-23 12:00:00,92.0
2012-04-23 13:00:00,97.82000000000001
2012-04-23 14:00:00,110.96
2012-04-23 15:00:00,137.95
2012-04-23 16:00:00,107.22
2012-04-23 17:00:00,189.57
2012-04-23 18:00:00,252.95000000000002
2012-04-23 19:00:00,247.29000000000002
2012-04-23 20:00:00,176.85000000000002
2012-04-23 21:00:00,126.9
2012-04-23 22:00:00,116.62
2012-04-23 23:00:00,50.67
2012-04-24 00:00:00,23.720000000000002
2012-04-24 01:00:00,10.61
2012-04-24 02:00:00,3.6900000000000004
2012-04-24 03:00:00,3.02
2012-04-24 04:00:00,1.9300000000000002
2012-04-24 05:00:00,22.919999999999998
2012-04-24 06:00:00,97.27
2012-04-24 07:00:00,310.71000000000004
2012-04-24 08:00:00,599.87
2012-04-24 09:00:00,319.84999999999997
2012-04-24 10:00:00,175.8
2012-04-24 11:00:00,248.71999999999997
2012-04-24 12:00:00,269.67
2012-04-24 13:00:00,264.07
2012-04-24 14:00:00,251.62
2012-04-24 15:00:00,260.34
2012-04-24 16:00:00,398.09000000000003
2012-04-24 17:00:00,634.01
2012-04-24 18:00:00,636.27
2012-04-24 19:00:00,476.4
2012-04-24 20:00:00,289.7
2012-04-24 21:00:00,218.82999999999998
2012-04-24 22:00:00,152.0
2012-04-24 23:00:00,91.25
2012-04-25 00:00:00,32.51
2012-04-25 01:00:00,10.28
2012-04-25 02:00:00,5.12
2012-04-25 03:00:00,2.69
2012-04-25 04:00:00,2.58
2012-04-25 05:00:00,24.72
2012-04-25 06:00:00,98.56
2012-04-25 07:00:00,360.62
2012-04-25 08:00:00,573.16
2012-04-25 09:00:00,327.03999999999996
2012-04-25 10:00:00,200.23
2012-04-25 11:00:00,253.82999999999998
2012-04-25 12:00:00,279.45000000000005
2012-04-25 13:00:00,288.09
2012-04-25 14:00:00,244.27999999999997
2012-04-25 15:00:00,302.46000000000004
2012-04-25 16:00:00,393.36
2012-04-25 17:00:00,720.26
2012-04-25 18:00:00,720.14
2012-04-25 19:00:00,527.09
2012-04-25 20:00:00,374.15000000000003
2012-04-25 21:00:00,257.46000000000004
2012-04-25 22:00:00,172.76999999999998
2012-04-25 23:00:00,103.21
2012-04-26 00:00:00,40.46
2012-04-26 01:00:00,19.88
2012-04-26 02:00:00,12.559999999999999
2012-04-26 03:00:00,5.11
2012-04-26 04:00:00,5.18
2012-04-26 05:00:00,23.18
2012-04-26 06:00:00,125.78
2012-04-26 07:00:00,249.59
2012-04-26 08:00:00,541.59
2012-04-26 09:00:00,218.5
2012-04-26 10:00:00,145.76
2012-04-26 11:00:00,157.29999999999998
2012-04-26 12:00:00,236.63
2012-04-26 13:00:00,214.54999999999998
2012-04-26 14:00:00,202.04
2012-04-26 15:00:00,190.71
2012-04-26 16:00:00,274.78
2012-04-26 17:00:00,568.3
2012-04-26 18:00:00,581.0500000000001
2012-04-26 19:00:00,421.72999999999996
2012-04-26 20:00:00,344.52
2012-04-26 21:00:00,182.31
2012-04-26 22:00:00,188.91
2012-04-26 23:00:00,117.24
2012-04-27 00:00:00,58.19
2012-04-27 01:00:00,29.12
2012-04-27 02:00:00,15.3
2012-04-27 03:00:00,6.43
2012-04-27 04:00:00,5.55
2012-04-27 05:00:00,28.52
2012-04-27 06:00:00,110.65
2012-04-27 07:00:00,321.8
2012-04-27 08:00:00,584.8100000000001
2012-04-27 09:00:00,335.66999999999996
2012-04-27 10:00:00,208.24
2012-04-27 11:00:00,240.26
2012-04-27 12:00:00,312.75
2012-04-27 13:00:00,389.6
2012-04-27 14:00:00,372.43
2012-04-27 15:00:00,406.78
2012-04-27 16:00:00,463.67999999999995
2012-04-27 17:00:00,680.4599999999999
2012-04-27 18:00:00,619.72
2012-04-27 19:00:00,464.14
2012-04-27 20:00:00,272.93
2012-04-27 21:00:00,175.56
2012-04-27 22:00:00,156.85999999999999
2012-04-27 23:00:00,118.15
2012-04-28 00:00:00,83.68
2012-04-28 01:00:00,61.33
2012-04-28 02:00:00,56.06
2012-04-28 03:00:00,25.17
2012-04-28 04:00:00,9.02
2012-04-28 05:00:00,8.45
2012-04-28 06:00:00,27.07
2012-04-28 07:00:00,53.31
2012-04-28 08:00:00,133.96
2012-04-28 09:00:00,255.79
2012-04-28 10:00:00,317.99
2012-04-28 11:00:00,336.51
2012-04-28 12:00:00,387.49
2012-04-28 13:00:00,410.73
2012-04-28 14:00:00,437.71000000000004
2012-04-28 15:00:00,465.20000000000005
2012-04-28 16:00:00,438.53
2012-04-28 17:00:00,336.03
2012-04-28 18:00:00,217.55
2012-04-28 19:00:00,162.81
2012-04-28 20:00:00,126.97
2012-04-28 21:00:00,102.61
2012-04-28 22:00:00,121.43
2012-04-28 23:00:00,102.05000000000001
2012-04-29 00:00:00,48.0
2012-04-29 01:00:00,71.68
2012-04-29 02:00:00,57.5
2012-04-29 03:00:00,25.400000000000002
2012-04-29 04:00:00,10.68
2012-04-29 05:00:00,10.62
2012-04-29 06:00:00,37.79
2012-04-29 07:00:00,52.33
2012-04-29 08:00:00,109.52
2012-04-29 09:00:00,247.64000000000001
2012-04-29 10:00:00,335.83
2012-04-29 11:00:00,444.79
2012-04-29 12:00:00,500.71999999999997
2012-04-29 13:00:00,526.49
2012-04-29 14:00:00,518.13
2012-04-29 15:00:00,526.98
2012-04-29 16:00:00,560.11
2012-04-29 17:00:00,466.59999999999997
2012-04-29 18:00:00,379.90999999999997
2012-04-29 19:00:00,322.18
2012-04-29 20:00:00,264.43
2012-04-29 21:00:00,141.72
2012-04-29 22:00:00,104.9
2012-04-29 23:00:00,69.65
2012-04-30 00:00:00,61.61
2012-04-30 01:00:00,16.83
2012-04-30 02:00:00,12.580000000000002
2012-04-30 03:00:00,4.39
2012-04-30 04:00:00,3.01
2012-04-30 05:00:00,23.94
2012-04-30 06:00:00,111.58
2012-04-30 07:00:00,342.19
2012-04-30 08:00:00,613.26
2012-04-30 09:00:00,314.69
2012-04-30 10:00:00,180.52
2012-04-30 11:00:00,180.09
2012-04-30 12:00:00,219.25
2012-04-30 13:00:00,230.33
2012-04-30 14:00:00,218.63
2012-04-30 15:00:00,234.35
2012-04-30 16:00:00,355.3
2012-04-30 17:00:00,680.4699999999999
2012-04-30 18:00:00,682.4200000000001
2012-04-30 19:00:00,447.92999999999995
2012-04-30 20:00:00,293.31
2012-04-30 21:00:00,223.21
2012-04-30 22:00:00,160.42000000000002
2012-04-30 23:00:00,73.3
2012-05-20 00:00:00,116.61999999999999
2012-05-20 01:00:00,98.31
2012-05-20 02:00:00,72.55
2012-05-20 03:00:00,30.18
2012-05-20 04:00:00,12.5
2012-05-20 05:00:00,12.129999999999999
2012-05-20 06:00:00,22.25
2012-05-20 07:00:00,55.22
2012-05-20 08:00:00,141.60000000000002
2012-05-20 09:00:00,265.24
2012-05-20 10:00:00,430.62
2012-05-20 11:00:00,552.3299999999999
2012-05-20 12:00:00,589.41
2012-05-20 13:00:00,608.94
2012-05-20 14:00:00,567.28
2012-05-20 15:00:00,577.87
2012-05-20 16:00:00,547.79
2012-05-20 17:00:00,515.0999999999999
2012-05-20 18:00:00,453.84000000000003
2012-05-20 19:00:00,347.91
2012-05-20 20:00:00,255.18
2012-05-20 21:00:00,173.97
2012-05-20 22:00:00,138.06
2012-05-20 23:00:00,67.03
2012-05-21 00:00:00,26.310000000000002
2012-05-21 01:00:00,15.669999999999998
2012-05-21 02:00:00,9.27
2012-05-21 03:00:00,4.77
2012-05-21 04:00:00,4.65
2012-05-21 05:00:00,19.84
2012-05-21 06:00:00,82.7
2012-05-21 07:00:00,161.03
2012-05-21 08:00:00,326.65000000000003
2012-05-21 09:00:00,178.17000000000002
2012-05-21 10:00:00,113.77000000000001
2012-05-21 11:00:00,129.4
2012-05-21 12:00:00,191.15
2012-05-21 13:00:00,136.43
2012-05-21 14:00:00,124.35
2012-05-21 15:00:00,216.09
2012-05-21 16:00:00,326.7
2012-05-21 17:00:00,718.8599999999999
2012-05-21 18:00:00,736.5899999999999
2012-05-21 19:00:00,504.56
2012-05-21 20:00:00,355.01
2012-05-21 21:00:00,257.24
2012-05-21 22:00:00,168.45
2012-05-21 23:00:00,83.69
2012-05-22 00:00:00,27.509999999999998
2012-05-22 01:00:00,15.59
2012-05-22 02:00:00,7.01
2012-05-22 03:00:00,5.800000000000001
2012-05-22 04:00:00,4.49
2012-05-22 05:00:00,18.7
2012-05-22 06:00:00,75.81
2012-05-22 07:00:00,185.76
2012-05-22 08:00:00,634.11
2012-05-22 09:00:00,335.38
2012-05-22 10:00:00,174.86
2012-05-22 11:00:00,191.85
2012-05-22 12:00:00,245.17000000000002
2012-05-22 13:00:00,235.39000000000001
2012-05-22 14:00:00,203.34
2012-05-22 15:00:00,262.51
2012-05-22 16:00:00,398.26000000000005
2012-05-22 17:00:00,788.28
2012-05-22 18:00:00,719.39
2012-05-22 19:00:00,513.6899999999999
2012-05-22 20:00:00,370.88
2012-05-22 21:00:00,272.40000000000003
2012-05-22 22:00:00,183.75
2012-05-22 23:00:00,86.55000000000001
2012-05-23 00:00:00,45.02
2012-05-23 01:00:00,14.61
2012-05-23 02:00:00,8.440000000000001
2012-05-23 03:00:00,6.38
2012-05-23 04:00:00,4.39
2012-05-23 05:00:00,19.610000000000003
2012-05-23 06:00:00,137.32999999999998
2012-05-23 07:00:00,410.68
2012-05-23 08:00:00,643.09
2012-05-23 09:00:00,334.72
2012-05-23 10:00:00,175.18
2012-05-23 11:00:00,218.16000000000003
2012-05-23 12:00:00,264.13
2012-05-23 13:00:00,247.84
2012-05-23 14:00:00,250.44
2012-05-23 15:00:00,267.27
2012-05-23 16:00:00,360.96
2012-05-23 17:00:00,647.6700000000001
2012-05-23 18:00:00,661.63
2012-05-23 19:00:00,407.7
2012-05-23 20:00:00,231.34
2012-05-23 21:00:00,172.81
2012-05-23 22:00:00,168.35999999999999
2012-05-23 23:00:00,94.91000000000001
2012-05-24 00:00:00,42.07000000000001
2012-05-24 01:00:00,18.48
2012-05-24 02:00:00,10.440000000000001
2012-05-24 03:00:00,5.220000000000001
2012-05-24 04:00:00,5.3100000000000005
2012-05-24 05:00:00,23.92
2012-05-24 06:00:00,130.91
2012-05-24 07:00:00,397.72
2012-05-24 08:00:00,641.68
2012-05-24 09:00:00,320.29
2012-05-24 10:00:00,188.06
2012-05-24 11:00:00,232.76
2012-05-24 12:00:00,297.12
2012-05-24 13:00:00,298.59
2012-05-24 14:00:00,242.26999999999998
2012-05-24 15:00:00,258.81
2012-05-24 16:00:00,389.78000000000003
2012-05-24 17:00:00,764.44
2012-05-24 18:00:00,753.2099999999999
2012-05-24 19:00:00,549.51
2012-05-24 20:00:00,357.14
2012-05-24 21:00:00,167.68
2012-05-24 22:00:00,205.79000000000002
2012-05-24 23:00:00,128.15
2012-05-25 00:00:00,56.68000000000001
2012-05-25 01:00:00,37.22
2012-05-25 02:00:00,14.66
2012-05-25 03:00:00,6.640000000000001
2012-05-25 04:00:00,6.390000000000001
2012-05-25 05:00:00,24.2
2012-05-25 06:00:00,126.93
2012-05-25 07:00:00,373.85999999999996
2012-05-25 08:00:00,603.6
2012-05-25 09:00:00,306.57
2012-05-25 10:00:00,214.99
2012-05-25 11:00:00,254.76
2012-05-25 12:00:00,303.88
2012-05-25 13:00:00,312.37
2012-05-25 14:00:00,311.02
2012-05-25 15:00:00,320.92
2012-05-25 16:00:00,431.22
2012-05-25 17:00:00,714.29
2012-05-25 18:00:00,736.4399999999999
2012-05-25 19:00:00,504.12
2012-05-25 20:00:00,366.28999999999996
2012-05-25 21:00:00,247.94
2012-05-25 22:00:00,236.26999999999998
2012-05-25 23:00:00,165.26999999999998
2012-05-26 00:00:00,135.31
2012-05-26 01:00:00,102.44
2012-05-26 02:00:00,66.2
2012-05-26 03:00:00,27.189999999999998
2012-05-26 04:00:00,11.46
2012-05-26 05:00:00,8.91
2012-05-26 06:00:00,28.94
2012-05-26 07:00:00,86.31
2012-05-26 08:00:00,172.04999999999998
2012-05-26 09:00:00,285.56
2012-05-26 10:00:00,411.59000000000003
2012-05-26 11:00:00,488.57
2012-05-26 12:00:00,520.9200000000001
2012-05-26 13:00:00,528.73
2012-05-26 14:00:00,519.01
2012-05-26 15:00:00,508.45000000000005
2012-05-26 16:00:00,534.86
2012-05-26 17:00:00,625.06
2012-05-26 18:00:00,581.39
2012-05-26 19:00:00,437.76
2012-05-26 20:00:00,361.31
2012-05-26 21:00:00,222.27
2012-05-26 22:00:00,224.39
2012-05-26 23:00:00,151.96
2012-05-27 00:00:00,116.0
2012-05-27 01:00:00,96.91
2012-05-27 02:00:00,77.88
2012-05-27 03:00:00,38.67
2012-05-27 04:00:00,9.36
2012-05-27 05:00:00,10.23
2012-05-27 06:00:00,28.29
2012-05-27 07:00:00,62.190000000000005
2012-05-27 08:00:00,132.85
2012-05-27 09:00:00,261.44
2012-05-27 10:00:00,387.27
2012-05-27 11:00:00,481.31000000000006
2012-05-27 12:00:00,514.27
2012-05-27 13:00:00,529.88
2012-05-27 14:00:00,520.54
2012-05-27 15:00:00,521.85
2012-05-27 16:00:00,531.57
2012-05-27 17:00:00,611.3
2012-05-27 18:00:00,554.81
2012-05-27 19:00:00,461.73999999999995
2012-05-27 20:00:00,353.57
2012-05-27 21:00:00,170.26
2012-05-27 22:00:00,116.92
2012-05-27 23:00:00,79.18
2012-05-28 00:00:00,97.26
2012-05-28 01:00:00,62.8
2012-05-28 02:00:00,47.14
2012-05-28 03:00:00,20.560000000000002
2012-05-28 04:00:00,11.82
2012-05-28 05:00:00,27.61
2012-05-28 06:00:00,68.96000000000001
2012-05-28 07:00:00,213.10000000000002
2012-05-28 08:00:00,351.59999999999997
2012-05-28 09:00:00,342.07000000000005
2012-05-28 10:00:00,257.46000000000004
2012-05-28 11:00:00,282.59000000000003
2012-05-28 12:00:00,339.4
2012-05-28 13:00:00,316.46000000000004
2012-05-28 14:00:00,303.07
2012-05-28 15:00:00,305.45
2012-05-28 16:00:00,416.81
2012-05-28 17:00:00,678.88
2012-05-28 18:00:00,678.67
2012-05-28 19:00:00,584.04
2012-05-28 20:00:00,497.93
2012-05-28 21:00:00,325.71
2012-05-28 22:00:00,249.95
2012-05-28 23:00:00,129.16
2012-05-29 00:00:00,33.32
2012-05-29 01:00:00,15.68
2012-05-29 02:00:00,8.06
2012-05-29 03:00:00,6.89
2012-05-29 04:00:00,6.08
2012-05-29 05:00:00,27.28
2012-05-29 06:00:00,143.4
2012-05-29 07:00:00,426.58000000000004
2012-05-29 08:00:00,650.0
2012-05-29 09:00:00,342.69
2012-05-29 10:00:00,192.91
2012-05-29 11:00:00,238.42999999999998
2012-05-29 12:00:00,286.46
2012-05-29 13:00:00,268.61
2012-05-29 14:00:00,236.82999999999998
2012-05-29 15:00:00,251.69
2012-05-29 16:00:00,364.31
2012-05-29 17:00:00,696.28
2012-05-29 18:00:00,683.9499999999999
2012-05-29 19:00:00,519.5600000000001
2012-05-29 20:00:00,287.21
2012-05-29 21:00:00,109.32000000000001
2012-05-29 22:00:00,136.0
2012-05-29 23:00:00,52.88
2012-05-30 00:00:00,32.17
2012-05-30 01:00:00,14.12
2012-05-30 02:00:00,10.1
2012-05-30 03:00:00,4.19
2012-05-30 04:00:00,4.9
2012-05-30 05:00:00,25.630000000000003
2012-05-30 06:00:00,132.57
2012-05-30 07:00:00,181.86
2012-05-30 08:00:00,641.62
2012-05-30 09:00:00,339.90999999999997
2012-05-30 10:00:00,170.12
2012-05-30 11:00:00,226.38
2012-05-30 12:00:00,309.32
2012-05-30 13:00:00,294.51
2012-05-30 14:00:00,267.0
2012-05-30 15:00:00,269.34000000000003
2012-05-30 16:00:00,381.45
2012-05-30 17:00:00,720.34
2012-05-30 18:00:00,787.94
2012-05-30 19:00:00,528.22
2012-05-30 20:00:00,296.85
2012-05-30 21:00:00,274.0
2012-05-30 22:00:00,208.44
2012-05-30 23:00:00,100.13
2012-05-31 00:00:00,45.5
2012-05-31 01:00:00,22.34
2012-05-31 02:00:00,9.22
2012-05-31 03:00:00,7.15
2012-05-31 04:00:00,7.23
2012-05-31 05:00:00,28.11
2012-05-31 06:00:00,139.35
2012-05-31 07:00:00,445.26
2012-05-31 08:00:00,646.03
2012-05-31 09:00:00,336.84
2012-05-31 10:00:00,212.72000000000003
2012-05-31 11:00:00,255.63
2012-05-31 12:00:00,314.39
2012-05-31 13:00:00,309.64
2012-05-31 14:00:00,254.38
2012-05-31 15:00:00,254.87
2012-05-31 16:00:00,389.17999999999995
2012-05-31 17:00:00,788.14
2012-05-31 18:00:00,778.09
2012-05-31 19:00:00,514.17
2012-05-31 20:00:00,371.04999999999995
2012-05-31 21:00:00,266.32
2012-05-31 22:00:00,220.72
2012-05-31 23:00:00,135.79000000000002
2012-06-20 00:00:00,37.83
2012-06-20 01:00:00,17.4
2012-06-20 02:00:00,7.37
2012-06-20 03:00:00,5.32
2012-06-20 04:00:00,6.34
2012-06-20 05:00:00,30.310000000000002
2012-06-20 06:00:00,140.70000000000002
2012-06-20 07:00:00,377.55
2012-06-20 08:00:00,632.23
2012-06-20 09:00:00,335.56
2012-06-20 10:00:00,206.0
2012-06-20 11:00:00,249.94
2012-06-20 12:00:00,296.6
2012-06-20 13:00:00,293.23
2012-06-20 14:00:00,248.45
2012-06-20 15:00:00,256.42
2012-06-20 16:00:00,404.74
2012-06-20 17:00:00,788.78
2012-06-20 18:00:00,799.42
2012-06-20 19:00:00,526.12
2012-06-20 20:00:00,387.05
2012-06-20 21:00:00,281.26
2012-06-20 22:00:00,220.85
2012-06-20 23:00:00,113.34
2012-06-21 00:00:00,43.540000000000006
2012-06-21 01:00:00,18.18
2012-06-21 02:00:00,7.83
2012-06-21 03:00:00,5.23
2012-06-21 04:00:00,6.32
2012-06-21 05:00:00,29.34
2012-06-21 06:00:00,139.66
2012-06-21 07:00:00,401.35
2012-06-21 08:00:00,647.85
2012-06-21 09:00:00,335.55
2012-06-21 10:00:00,206.45999999999998
2012-06-21 11:00:00,255.88
2012-06-21 12:00:00,303.65000000000003
2012-06-21 13:00:00,293.28
2012-06-21 14:00:00,251.47
2012-06-21 15:00:00,266.09000000000003
2012-06-21 16:00:00,404.17
2012-06-21 17:00:00,780.91
2012-06-21 18:00:00,786.77
2012-06-21 19:00:00,520.4
2012-06-21 20:00:00,383.22
2012-06-21 21:00:00,272.55
2012-06-21 22:00:00,230.07999999999998
2012-06-21 23:00:00,169.08
2012-06-22 00:00:00,53.86
2012-06-22 01:00:00,32.1
2012-06-22 02:00:00,17.9
2012-06-22 03:00:00,8.3
2012-06-22 04:00:00,8.36
2012-06-22 05:00:00,25.52
2012-06-22 06:00:00,133.5
2012-06-22 07:00:00,411.01
2012-06-22 08:00:00,645.13
2012-06-22 09:00:00,328.5
2012-06-22 10:00:00,227.75
2012-06-22 11:00:00,277.6
2012-06-22 12:00:00,310.08
2012-06-22 13:00:00,304.20000000000005
2012-06-22 14:00:00,292.54
2012-06-22 15:00:00,312.14
2012-06-22 16:00:00,433.78999999999996
2012-06-22 17:00:00,737.8599999999999
2012-06-22 18:00:00,734.84
2012-06-22 19:00:00,459.44
2012-06-22 20:00:00,334.24
2012-06-22 21:00:00,183.44
2012-06-22 22:00:00,238.37
2012-06-22 23:00:00,168.12
2012-06-23 00:00:00,132.02
2012-06-23 01:00:00,92.12
2012-06-23 02:00:00,68.89
2012-06-23 03:00:00,32.09
2012-06-23 04:00:00,8.75
2012-06-23 05:00:00,9.219999999999999
2012-06-23 06:00:00,33.43
2012-06-23 07:00:00,78.8
2012-06-23 08:00:00,179.49
2012-06-23 09:00:00,303.95
2012-06-23 10:00:00,415.21000000000004
2012-06-23 11:00:00,505.90999999999997
2012-06-23 12:00:00,550.01
2012-06-23 13:00:00,580.6700000000001
2012-06-23 14:00:00,575.57
2012-06-23 15:00:00,560.5
2012-06-23 16:00:00,548.79
2012-06-23 17:00:00,630.5899999999999
2012-06-23 18:00:00,581.2
2012-06-23 19:00:00,510.67999999999995
2012-06-23 20:00:00,429.33
2012-06-23 21:00:00,265.95
2012-06-23 22:00:00,291.8
2012-06-23 23:00:00,190.06
2012-06-24 00:00:00,117.19
2012-06-24 01:00:00,90.34
2012-06-24 02:00:00,70.53999999999999
2012-06-24 03:00:00,33.08
2012-06-24 04:00:00,11.15
2012-06-24 05:00:00,11.89
2012-06-24 06:00:00,26.939999999999998
2012-06-24 07:00:00,72.78999999999999
2012-06-24 08:00:00,137.78
2012-06-24 09:00:00,269.19
2012-06-24 10:00:00,410.01
2012-06-24 11:00:00,518.3199999999999
2012-06-24 12:00:00,562.64
2012-06-24 13:00:00,570.44
2012-06-24 14:00:00,560.89
2012-06-24 15:00:00,553.24
2012-06-24 16:00:00,558.94
2012-06-24 17:00:00,654.7
2012-06-24 18:00:00,594.91
2012-06-24 19:00:00,488.93
2012-06-24 20:00:00,410.32
2012-06-24 21:00:00,221.8
2012-06-24 22:00:00,205.92000000000002
2012-06-24 23:00:00,154.02
2012-06-25 00:00:00,37.839999999999996
2012-06-25 01:00:00,18.97
2012-06-25 02:00:00,10.73
2012-06-25 03:00:00,7.12
2012-06-25 04:00:00,5.8500000000000005
2012-06-25 05:00:00,25.810000000000002
2012-06-25 06:00:00,141.49
2012-06-25 07:00:00,434.3
2012-06-25 08:00:00,629.52
2012-06-25 09:00:00,317.39
2012-06-25 10:00:00,206.63
2012-06-25 11:00:00,232.10999999999999
2012-06-25 12:00:00,266.13
2012-06-25 13:00:00,263.08
2012-06-25 14:00:00,244.89
2012-06-25 15:00:00,259.31
2012-06-25 16:00:00,373.5
2012-06-25 17:00:00,701.28
2012-06-25 18:00:00,711.5999999999999
2012-06-25 19:00:00,513.27
2012-06-25 20:00:00,376.37
2012-06-25 21:00:00,263.89
2012-06-25 22:00:00,154.98
2012-06-25 23:00:00,97.94999999999999
2012-06-26 00:00:00,38.660000000000004
2012-06-26 01:00:00,16.41
2012-06-26 02:00:00,9.870000000000001
2012-06-26 03:00:00,5.1
2012-06-26 04:00:00,5.39
2012-06-26 05:00:00,27.0
2012-06-26 06:00:00,150.22
2012-06-26 07:00:00,440.48
2012-06-26 08:00:00,632.84
2012-06-26 09:00:00,346.96
2012-06-26 10:00:00,203.91000000000003
2012-06-26 11:00:00,235.54
2012-06-26 12:00:00,260.7
2012-06-26 13:00:00,270.81
2012-06-26 14:00:00,244.69
2012-06-26 15:00:00,260.65
2012-06-26 16:00:00,380.38
2012-06-26 17:00:00,720.8
2012-06-26 18:00:00,744.44
2012-06-26 19:00:00,519.38
2012-06-26 20:00:00,385.91999999999996
2012-06-26 21:00:00,274.13
2012-06-26 22:00:00,184.89
2012-06-26 23:00:00,98.89
2012-06-27 00:00:00,43.39
2012-06-27 01:00:00,17.48
2012-06-27 02:00:00,11.059999999999999
2012-06-27 03:00:00,5.88
2012-06-27 04:00:00,6.609999999999999
2012-06-27 05:00:00,31.03
2012-06-27 06:00:00,141.45000000000002
2012-06-27 07:00:00,445.90999999999997
2012-06-27 08:00:00,642.64
2012-06-27 09:00:00,347.91999999999996
2012-06-27 10:00:00,211.99
2012-06-27 11:00:00,252.41
2012-06-27 12:00:00,286.69
2012-06-27 13:00:00,281.12
2012-06-27 14:00:00,254.09
2012-06-27 15:00:00,268.64
2012-06-27 16:00:00,384.28999999999996
2012-06-27 17:00:00,732.53
2012-06-27 18:00:00,768.22
2012-06-27 19:00:00,535.11
2012-06-27 20:00:00,382.49
2012-06-27 21:00:00,284.04
2012-06-27 22:00:00,212.45
2012-06-27 23:00:00,104.5
2012-06-28 00:00:00,49.839999999999996
2012-06-28 01:00:00,21.31
2012-06-28 02:00:00,9.2
2012-06-28 03:00:00,6.27
2012-06-28 04:00:00,6.66
2012-06-28 05:00:00,28.89
2012-06-28 06:00:00,143.31
2012-06-28 07:00:00,410.29
2012-06-28 08:00:00,651.49
2012-06-28 09:00:00,335.25
2012-06-28 10:00:00,204.75
2012-06-28 11:00:00,261.31
2012-06-28 12:00:00,295.93
2012-06-28 13:00:00,295.74
2012-06-28 14:00:00,256.47
2012-06-28 15:00:00,271.34000000000003
2012-06-28 16:00:00,412.33
2012-06-28 17:00:00,791.5500000000001
2012-06-28 18:00:00,798.0
2012-06-28 19:00:00,532.3299999999999
2012-06-28 20:00:00,378.73
2012-06-28 21:00:00,263.42
2012-06-28 22:00:00,223.44
2012-06-28 23:00:00,139.53
2012-06-29 00:00:00,60.129999999999995
2012-06-29 01:00:00,34.89
2012-06-29 02:00:00,16.84
2012-06-29 03:00:00,9.05
2012-06-29 04:00:00,8.2
2012-06-29 05:00:00,28.98
2012-06-29 06:00:00,131.36
2012-06-29 07:00:00,403.78
2012-06-29 08:00:00,641.69
2012-06-29 09:00:00,333.69
2012-06-29 10:00:00,232.73999999999998
2012-06-29 11:00:00,267.63
2012-06-29 12:00:00,298.0
2012-06-29 13:00:00,312.68
2012-06-29 14:00:00,293.88
2012-06-29 15:00:00,308.28000000000003
2012-06-29 16:00:00,429.21000000000004
2012-06-29 17:00:00,745.42
2012-06-29 18:00:00,740.7900000000001
2012-06-29 19:00:00,474.46999999999997
2012-06-29 20:00:00,367.46000000000004
2012-06-29 21:00:00,230.94
2012-06-29 22:00:00,198.67
2012-06-29 23:00:00,142.13
2012-06-30 00:00:00,123.66
2012-06-30 01:00:00,97.84
2012-06-30 02:00:00,65.75999999999999
2012-06-30 03:00:00,32.21
2012-06-30 04:00:00,9.24
2012-06-30 05:00:00,9.85
2012-06-30 06:00:00,29.99
2012-06-30 07:00:00,78.25999999999999
2012-06-30 08:00:00,169.06
2012-06-30 09:00:00,289.17
2012-06-30 10:00:00,429.09000000000003
2012-06-30 11:00:00,536.5799999999999
2012-06-30 12:00:00,563.25
2012-06-30 13:00:00,577.3399999999999
2012-06-30 14:00:00,571.8499999999999
2012-06-30 15:00:00,563.3299999999999
2012-06-30 16:00:00,558.97
2012-06-30 17:00:00,674.26
2012-06-30 18:00:00,608.86
2012-06-30 19:00:00,497.98
2012-06-30 20:00:00,436.76
2012-06-30 21:00:00,257.72
2012-06-30 22:00:00,255.74
2012-06-30 23:00:00,255.41000000000003
2012-07-20 00:00:00,41.18
2012-07-20 01:00:00,32.7
2012-07-20 02:00:00,14.57
2012-07-20 03:00:00,6.23
2012-07-20 04:00:00,6.92
2012-07-20 05:00:00,23.770000000000003
2012-07-20 06:00:00,128.42
2012-07-20 07:00:00,374.03999999999996
2012-07-20 08:00:00,626.25
2012-07-20 09:00:00,315.82000000000005
2012-07-20 10:00:00,211.24
2012-07-20 11:00:00,233.13
2012-07-20 12:00:00,220.42000000000002
2012-07-20 13:00:00,222.69
2012-07-20 14:00:00,216.85999999999999
2012-07-20 15:00:00,248.97000000000003
2012-07-20 16:00:00,328.04999999999995
2012-07-20 17:00:00,371.83
2012-07-20 18:00:00,579.5300000000001
2012-07-20 19:00:00,392.87
2012-07-20 20:00:00,189.56
2012-07-20 21:00:00,150.2
2012-07-20 22:00:00,198.0
2012-07-20 23:00:00,151.3
2012-07-21 00:00:00,120.89
2012-07-21 01:00:00,102.64999999999999
2012-07-21 02:00:00,70.25999999999999
2012-07-21 03:00:00,29.36
2012-07-21 04:00:00,8.370000000000001
2012-07-21 05:00:00,10.54
2012-07-21 06:00:00,32.41
2012-07-21 07:00:00,85.23
2012-07-21 08:00:00,176.66000000000003
2012-07-21 09:00:00,283.44
2012-07-21 10:00:00,383.95000000000005
2012-07-21 11:00:00,483.63
2012-07-21 12:00:00,497.89
2012-07-21 13:00:00,509.86
2012-07-21 14:00:00,512.03
2012-07-21 15:00:00,483.48
2012-07-21 16:00:00,477.82
2012-07-21 17:00:00,468.17999999999995
2012-07-21 18:00:00,423.15999999999997
2012-07-21 19:00:00,340.15
2012-07-21 20:00:00,255.4
2012-07-21 21:00:00,180.14
2012-07-21 22:00:00,173.32
2012-07-21 23:00:00,164.48
2012-07-22 00:00:00,124.13
2012-07-22 01:00:00,97.71000000000001
2012-07-22 02:00:00,70.86
2012-07-22 03:00:00,31.09
2012-07-22 04:00:00,10.73
2012-07-22 05:00:00,17.68
2012-07-22 06:00:00,40.18
2012-07-22 07:00:00,64.92999999999999
2012-07-22 08:00:00,138.69
2012-07-22 09:00:00,262.74
2012-07-22 10:00:00,383.45000000000005
2012-07-22 11:00:00,473.46
2012-07-22 12:00:00,531.58
2012-07-22 13:00:00,540.58
2012-07-22 14:00:00,518.77
2012-07-22 15:00:00,517.63
2012-07-22 16:00:00,524.38
2012-07-22 17:00:00,558.21
2012-07-22 18:00:00,526.44
2012-07-22 19:00:00,407.37
2012-07-22 20:00:00,301.25
2012-07-22 21:00:00,184.54
2012-07-22 22:00:00,163.34
2012-07-22 23:00:00,102.62
2012-07-23 00:00:00,29.689999999999998
2012-07-23 01:00:00,13.739999999999998
2012-07-23 02:00:00,9.55
2012-07-23 03:00:00,5.79
2012-07-23 04:00:00,5.35
2012-07-23 05:00:00,20.689999999999998
2012-07-23 06:00:00,140.06
2012-07-23 07:00:00,400.2
2012-07-23 08:00:00,619.6
2012-07-23 09:00:00,316.43
2012-07-23 10:00:00,202.12
2012-07-23 11:00:00,228.82
2012-07-23 12:00:00,283.17
2012-07-23 13:00:00,278.11
2012-07-23 14:00:00,248.89000000000001
2012-07-23 15:00:00,266.67
2012-07-23 16:00:00,393.66999999999996
2012-07-23 17:00:00,731.95
2012-07-23 18:00:00,718.92
2012-07-23 19:00:00,514.02
2012-07-23 20:00:00,353.95
2012-07-23 21:00:00,253.25
2012-07-23 22:00:00,187.72000000000003
2012-07-23 23:00:00,88.69
2012-07-24 00:00:00,39.75
2012-07-24 01:00:00,15.94
2012-07-24 02:00:00,8.29
2012-07-24 03:00:00,6.04
2012-07-24 04:00:00,7.29
2012-07-24 05:00:00,27.020000000000003
2012-07-24 06:00:00,140.18
2012-07-24 07:00:00,415.72
2012-07-24 08:00:00,650.37
2012-07-24 09:00:00,348.2
2012-07-24 10:00:00,199.84
2012-07-24 11:00:00,237.07
2012-07-24 12:00:00,276.71000000000004
2012-07-24 13:00:00,257.45
2012-07-24 14:00:00,228.19
2012-07-24 15:00:00,250.73000000000002
2012-07-24 16:00:00,373.2
2012-07-24 17:00:00,767.14
2012-07-24 18:00:00,748.5
2012-07-24 19:00:00,516.76
2012-07-24 20:00:00,380.23999999999995
2012-07-24 21:00:00,263.65999999999997
2012-07-24 22:00:00,181.95000000000002
2012-07-24 23:00:00,87.91
2012-07-25 00:00:00,43.46
2012-07-25 01:00:00,18.05
2012-07-25 02:00:00,8.44
2012-07-25 03:00:00,6.93
2012-07-25 04:00:00,6.48
2012-07-25 05:00:00,27.47
2012-07-25 06:00:00,139.84
2012-07-25 07:00:00,448.29999999999995
2012-07-25 08:00:00,644.8
2012-07-25 09:00:00,354.28
2012-07-25 10:00:00,214.57
2012-07-25 11:00:00,258.97
2012-07-25 12:00:00,309.25
2012-07-25 13:00:00,304.84
2012-07-25 14:00:00,267.6
2012-07-25 15:00:00,277.78999999999996
2012-07-25 16:00:00,402.42
2012-07-25 17:00:00,803.22
2012-07-25 18:00:00,766.96
2012-07-25 19:00:00,512.0600000000001
2012-07-25 20:00:00,366.25
2012-07-25 21:00:00,284.74
2012-07-25 22:00:00,214.99
2012-07-25 23:00:00,105.07000000000001
2012-07-26 00:00:00,48.42
2012-07-26 01:00:00,23.490000000000002
2012-07-26 02:00:00,8.64
2012-07-26 03:00:00,7.23
2012-07-26 04:00:00,6.369999999999999
2012-07-26 05:00:00,27.439999999999998
2012-07-26 06:00:00,140.19
2012-07-26 07:00:00,451.85
2012-07-26 08:00:00,633.8000000000001
2012-07-26 09:00:00,325.75
2012-07-26 10:00:00,193.87
2012-07-26 11:00:00,238.79999999999998
2012-07-26 12:00:00,284.77
2012-07-26 13:00:00,268.82
2012-07-26 14:00:00,232.13
2012-07-26 15:00:00,252.07
2012-07-26 16:00:00,391.29
2012-07-26 17:00:00,695.33
2012-07-26 18:00:00,733.65
2012-07-26 19:00:00,540.3
2012-07-26 20:00:00,398.11
2012-07-26 21:00:00,266.74
2012-07-26 22:00:00,189.35999999999999
2012-07-26 23:00:00,137.74
2012-07-27 00:00:00,57.68
2012-07-27 01:00:00,35.93
2012-07-27 02:00:00,18.93
2012-07-27 03:00:00,9.49
2012-07-27 04:00:00,9.350000000000001
2012-07-27 05:00:00,27.3
2012-07-27 06:00:00,137.95000000000002
2012-07-27 07:00:00,418.26
2012-07-27 08:00:00,545.34
2012-07-27 09:00:00,332.11
2012-07-27 10:00:00,230.99
2012-07-27 11:00:00,270.98
2012-07-27 12:00:00,301.3
2012-07-27 13:00:00,302.51
2012-07-27 14:00:00,292.76
2012-07-27 15:00:00,308.67
2012-07-27 16:00:00,428.27
2012-07-27 17:00:00,715.42
2012-07-27 18:00:00,732.1800000000001
2012-07-27 19:00:00,472.72
2012-07-27 20:00:00,332.43
2012-07-27 21:00:00,257.12
2012-07-27 22:00:00,248.97
2012-07-27 23:00:00,178.03
2012-07-28 00:00:00,128.82999999999998
2012-07-28 01:00:00,87.63
2012-07-28 02:00:00,67.54
2012-07-28 03:00:00,29.810000000000002
2012-07-28 04:00:00,10.41
2012-07-28 05:00:00,13.149999999999999
2012-07-28 06:00:00,31.53
2012-07-28 07:00:00,82.91
2012-07-28 08:00:00,172.94
2012-07-28 09:00:00,310.97
2012-07-28 10:00:00,417.98
2012-07-28 11:00:00,532.59
2012-07-28 12:00:00,546.37
2012-07-28 13:00:00,544.19
2012-07-28 14:00:00,561.94
2012-07-28 15:00:00,559.75
2012-07-28 16:00:00,557.02
2012-07-28 17:00:00,646.89
2012-07-28 18:00:00,586.95
2012-07-28 19:00:00,335.65
2012-07-28 20:00:00,251.05
2012-07-28 21:00:00,246.97
2012-07-28 22:00:00,245.37
2012-07-28 23:00:00,190.47000000000003
2012-07-29 00:00:00,124.53
2012-07-29 01:00:00,93.86
2012-07-29 02:00:00,76.34
2012-07-29 03:00:00,34.58
2012-07-29 04:00:00,10.620000000000001
2012-07-29 05:00:00,11.07
2012-07-29 06:00:00,28.310000000000002
2012-07-29 07:00:00,66.47999999999999
2012-07-29 08:00:00,148.82
2012-07-29 09:00:00,269.47
2012-07-29 10:00:00,379.25
2012-07-29 11:00:00,488.40999999999997
2012-07-29 12:00:00,510.99
2012-07-29 13:00:00,533.53
2012-07-29 14:00:00,527.94
2012-07-29 15:00:00,537.62
2012-07-29 16:00:00,543.76
2012-07-29 17:00:00,640.43
2012-07-29 18:00:00,578.2
2012-07-29 19:00:00,472.7
2012-07-29 20:00:00,374.47
2012-07-29 21:00:00,189.6
2012-07-29 22:00:00,158.6
2012-07-29 23:00:00,97.33000000000001
2012-07-30 00:00:00,39.69
2012-07-30 01:00:00,22.24
2012-07-30 02:00:00,10.5
2012-07-30 03:00:00,5.640000000000001
2012-07-30 04:00:00,6.34
2012-07-30 05:00:00,26.51
2012-07-30 06:00:00,144.27
2012-07-30 07:00:00,401.53999999999996
2012-07-30 08:00:00,623.54
2012-07-30 09:00:00,310.76
2012-07-30 10:00:00,193.41
2012-07-30 11:00:00,230.8
2012-07-30 12:00:00,281.59
2012-07-30 13:00:00,280.2
2012-07-30 14:00:00,243.01000000000002
2012-07-30 15:00:00,256.26
2012-07-30 16:00:00,368.97
2012-07-30 17:00:00,750.19
2012-07-30 18:00:00,696.98
2012-07-30 19:00:00,502.62
2012-07-30 20:00:00,392.15
2012-07-30 21:00:00,253.07
2012-07-30 22:00:00,162.70000000000002
2012-07-30 23:00:00,91.13
2012-07-31 00:00:00,29.67
2012-07-31 01:00:00,13.989999999999998
2012-07-31 02:00:00,8.19
2012-07-31 03:00:00,6.7700000000000005
2012-07-31 04:00:00,7.29
2012-07-31 05:00:00,26.74
2012-07-31 06:00:00,141.94
2012-07-31 07:00:00,426.11
2012-07-31 08:00:00,643.68
2012-07-31 09:00:00,345.97
2012-07-31 10:00:00,206.43
2012-07-31 11:00:00,241.20999999999998
2012-07-31 12:00:00,299.11
2012-07-31 13:00:00,270.27
2012-07-31 14:00:00,236.99
2012-07-31 15:00:00,265.77
2012-07-31 16:00:00,375.18
2012-07-31 17:00:00,802.19
2012-07-31 18:00:00,773.04
2012-07-31 19:00:00,410.9
2012-07-31 20:00:00,280.96999999999997
2012-07-31 21:00:00,256.48
2012-07-31 22:00:00,172.76
2012-07-31 23:00:00,85.25999999999999
2012-08-20 00:00:00,29.46
2012-08-20 01:00:00,12.870000000000001
2012-08-20 02:00:00,6.7299999999999995
2012-08-20 03:00:00,6.3100000000000005
2012-08-20 04:00:00,8.53
2012-08-20 05:00:00,23.73
2012-08-20 06:00:00,128.45
2012-08-20 07:00:00,388.32
2012-08-20 08:00:00,614.0799999999999
2012-08-20 09:00:00,306.28
2012-08-20 10:00:00,181.2
2012-08-20 11:00:00,219.01
2012-08-20 12:00:00,265.92
2012-08-20 13:00:00,288.71
2012-08-20 14:00:00,255.64
2012-08-20 15:00:00,261.83000000000004
2012-08-20 16:00:00,363.66999999999996
2012-08-20 17:00:00,743.84
2012-08-20 18:00:00,618.55
2012-08-20 19:00:00,430.0
2012-08-20 20:00:00,230.45000000000002
2012-08-20 21:00:00,180.14
2012-08-20 22:00:00,140.95
2012-08-20 23:00:00,74.78
2012-08-21 00:00:00,29.01
2012-08-21 01:00:00,14.12
2012-08-21 02:00:00,5.58
2012-08-21 03:00:00,5.449999999999999
2012-08-21 04:00:00,6.74
2012-08-21 05:00:00,25.59
2012-08-21 06:00:00,138.24
2012-08-21 07:00:00,400.10999999999996
2012-08-21 08:00:00,638.25
2012-08-21 09:00:00,338.67
2012-08-21 10:00:00,198.26
2012-08-21 11:00:00,243.53
2012-08-21 12:00:00,304.9
2012-08-21 13:00:00,304.28
2012-08-21 14:00:00,255.0
2012-08-21 15:00:00,262.8
2012-08-21 16:00:00,382.61
2012-08-21 17:00:00,786.62
2012-08-21 18:00:00,798.71
2012-08-21 19:00:00,378.90000000000003
2012-08-21 20:00:00,360.98
2012-08-21 21:00:00,249.51000000000002
2012-08-21 22:00:00,165.38
2012-08-21 23:00:00,79.72
2012-08-22 00:00:00,34.87
2012-08-22 01:00:00,14.81
2012-08-22 02:00:00,7.37
2012-08-22 03:00:00,6.28
2012-08-22 04:00:00,7.11
2012-08-22 05:00:00,27.59
2012-08-22 06:00:00,133.63
2012-08-22 07:00:00,401.87
2012-08-22 08:00:00,530.63
2012-08-22 09:00:00,342.53999999999996
2012-08-22 10:00:00,206.33999999999997
2012-08-22 11:00:00,244.07999999999998
2012-08-22 12:00:00,298.82
2012-08-22 13:00:00,289.9
2012-08-22 14:00:00,252.77
2012-08-22 15:00:00,266.47
2012-08-22 16:00:00,338.38
2012-08-22 17:00:00,736.79
2012-08-22 18:00:00,691.3900000000001
2012-08-22 19:00:00,450.62
2012-08-22 20:00:00,371.01
2012-08-22 21:00:00,254.51000000000002
2012-08-22 22:00:00,195.06
2012-08-22 23:00:00,88.10000000000001
2012-08-23 00:00:00,47.410000000000004
2012-08-23 01:00:00,17.73
2012-08-23 02:00:00,8.64
2012-08-23 03:00:00,6.27
2012-08-23 04:00:00,6.54
2012-08-23 05:00:00,25.740000000000002
2012-08-23 06:00:00,133.79000000000002
2012-08-23 07:00:00,394.45
2012-08-23 08:00:00,531.97
2012-08-23 09:00:00,320.22999999999996
2012-08-23 10:00:00,208.36
2012-08-23 11:00:00,253.11
2012-08-23 12:00:00,305.65999999999997
2012-08-23 13:00:00,296.46000000000004
2012-08-23 14:00:00,237.47
2012-08-23 15:00:00,266.07
2012-08-23 16:00:00,392.08
2012-08-23 17:00:00,794.3100000000001
2012-08-23 18:00:00,798.31
2012-08-23 19:00:00,520.53
2012-08-23 20:00:00,354.77
2012-08-23 21:00:00,274.6
2012-08-23 22:00:00,210.16
2012-08-23 23:00:00,133.53
2012-08-24 00:00:00,60.74
2012-08-24 01:00:00,31.22
2012-08-24 02:00:00,16.28
2012-08-24 03:00:00,9.44
2012-08-24 04:00:00,7.6
2012-08-24 05:00:00,24.64
2012-08-24 06:00:00,123.13
2012-08-24 07:00:00,383.08
2012-08-24 08:00:00,634.23
2012-08-24 09:00:00,324.89000000000004
2012-08-24 10:00:00,233.05
2012-08-24 11:00:00,278.46
2012-08-24 12:00:00,309.69
2012-08-24 13:00:00,312.75
2012-08-24 14:00:00,315.02
2012-08-24 15:00:00,320.67
2012-08-24 16:00:00,437.07
2012-08-24 17:00:00,766.86
2012-08-24 18:00:00,736.74
2012-08-24 19:00:00,455.71999999999997
2012-08-24 20:00:00,342.0
2012-08-24 21:00:00,220.76
2012-08-24 22:00:00,230.98000000000002
2012-08-24 23:00:00,193.85
2012-08-25 00:00:00,117.63999999999999
2012-08-25 01:00:00,86.28
2012-08-25 02:00:00,67.66
2012-08-25 03:00:00,29.1
2012-08-25 04:00:00,10.48
2012-08-25 05:00:00,12.2
2012-08-25 06:00:00,40.52
2012-08-25 07:00:00,79.92
2012-08-25 08:00:00,195.26
2012-08-25 09:00:00,309.51
2012-08-25 10:00:00,399.94
2012-08-25 11:00:00,479.2
2012-08-25 12:00:00,489.24
2012-08-25 13:00:00,529.3
2012-08-25 14:00:00,493.31000000000006
2012-08-25 15:00:00,509.07000000000005
2012-08-25 16:00:00,504.15
2012-08-25 17:00:00,477.72
2012-08-25 18:00:00,428.68000000000006
2012-08-25 19:00:00,364.20000000000005
2012-08-25 20:00:00,245.01
2012-08-25 21:00:00,194.83
2012-08-25 22:00:00,187.74
2012-08-25 23:00:00,160.16
2012-08-26 00:00:00,122.77000000000001
2012-08-26 01:00:00,94.36999999999999
2012-08-26 02:00:00,73.87
2012-08-26 03:00:00,31.62
2012-08-26 04:00:00,7.38
2012-08-26 05:00:00,7.72
2012-08-26 06:00:00,21.200000000000003
2012-08-26 07:00:00,57.15
2012-08-26 08:00:00,148.53
2012-08-26 09:00:00,271.52
2012-08-26 10:00:00,380.15
2012-08-26 11:00:00,470.98
2012-08-26 12:00:00,461.99
2012-08-26 13:00:00,498.05999999999995
2012-08-26 14:00:00,506.94
2012-08-26 15:00:00,467.58
2012-08-26 16:00:00,450.5
2012-08-26 17:00:00,460.52
2012-08-26 18:00:00,408.69
2012-08-26 19:00:00,324.48
2012-08-26 20:00:00,249.64999999999998
2012-08-26 21:00:00,171.51999999999998
2012-08-26 22:00:00,143.34
2012-08-26 23:00:00,107.44
2012-08-27 00:00:00,30.96
2012-08-27 01:00:00,13.200000000000001
2012-08-27 02:00:00,6.89
2012-08-27 03:00:00,7.15
2012-08-27 04:00:00,5.63
2012-08-27 05:00:00,24.759999999999998
2012-08-27 06:00:00,136.65
2012-08-27 07:00:00,395.09
2012-08-27 08:00:00,523.27
2012-08-27 09:00:00,310.21
2012-08-27 10:00:00,199.71
2012-08-27 11:00:00,226.95999999999998
2012-08-27 12:00:00,290.0
2012-08-27 13:00:00,285.98
2012-08-27 14:00:00,257.78000000000003
2012-08-27 15:00:00,260.03999999999996
2012-08-27 16:00:00,364.17999999999995
2012-08-27 17:00:00,779.67
2012-08-27 18:00:00,797.45
2012-08-27 19:00:00,515.78
2012-08-27 20:00:00,381.40999999999997
2012-08-27 21:00:00,245.84
2012-08-27 22:00:00,165.35
2012-08-27 23:00:00,82.39
2012-08-28 00:00:00,31.64
2012-08-28 01:00:00,15.82
2012-08-28 02:00:00,7.609999999999999
2012-08-28 03:00:00,3.94
2012-08-28 04:00:00,5.54
2012-08-28 05:00:00,24.58
2012-08-28 06:00:00,128.69
2012-08-28 07:00:00,394.35
2012-08-28 08:00:00,625.5600000000001
2012-08-28 09:00:00,338.01
2012-08-28 10:00:00,201.92
2012-08-28 11:00:00,244.34
2012-08-28 12:00:00,275.62
2012-08-28 13:00:00,269.40999999999997
2012-08-28 14:00:00,244.57
2012-08-28 15:00:00,256.01
2012-08-28 16:00:00,378.07
2012-08-28 17:00:00,728.26
2012-08-28 18:00:00,778.33
2012-08-28 19:00:00,501.94
2012-08-28 20:00:00,346.63
2012-08-28 21:00:00,271.96
2012-08-28 22:00:00,190.47
2012-08-28 23:00:00,96.89
2012-08-29 00:00:00,40.67
2012-08-29 01:00:00,16.8
2012-08-29 02:00:00,9.2
2012-08-29 03:00:00,7.34
2012-08-29 04:00:00,6.6
2012-08-29 05:00:00,26.69
2012-08-29 06:00:00,133.99
2012-08-29 07:00:00,406.55
2012-08-29 08:00:00,652.6
2012-08-29 09:00:00,349.71000000000004
2012-08-29 10:00:00,203.48000000000002
2012-08-29 11:00:00,255.64
2012-08-29 12:00:00,304.96
2012-08-29 13:00:00,302.06
2012-08-29 14:00:00,255.6
2012-08-29 15:00:00,263.08000000000004
2012-08-29 16:00:00,404.42
2012-08-29 17:00:00,799.62
2012-08-29 18:00:00,789.2700000000001
2012-08-29 19:00:00,526.15
2012-08-29 20:00:00,354.69
2012-08-29 21:00:00,280.88
2012-08-29 22:00:00,213.79000000000002
2012-08-29 23:00:00,105.54
2012-08-30 00:00:00,42.99
2012-08-30 01:00:00,19.5
2012-08-30 02:00:00,8.79
2012-08-30 03:00:00,7.010000000000001
2012-08-30 04:00:00,7.279999999999999
2012-08-30 05:00:00,25.8
2012-08-30 06:00:00,133.74
2012-08-30 07:00:00,410.41
2012-08-30 08:00:00,651.0899999999999
2012-08-30 09:00:00,332.17
2012-08-30 10:00:00,208.25
2012-08-30 11:00:00,253.99
2012-08-30 12:00:00,304.68
2012-08-30 13:00:00,291.25
2012-08-30 14:00:00,251.05
2012-08-30 15:00:00,262.06
2012-08-30 16:00:00,393.78000000000003
2012-08-30 17:00:00,789.5500000000001
2012-08-30 18:00:00,731.17
2012-08-30 19:00:00,525.44
2012-08-30 20:00:00,364.24
2012-08-30 21:00:00,275.46
2012-08-30 22:00:00,218.64
2012-08-30 23:00:00,138.72
2012-08-31 00:00:00,56.75
2012-08-31 01:00:00,32.22
2012-08-31 02:00:00,15.080000000000002
2012-08-31 03:00:00,6.56
2012-08-31 04:00:00,6.89
2012-08-31 05:00:00,26.32
2012-08-31 06:00:00,121.53
2012-08-31 07:00:00,369.52
2012-08-31 08:00:00,629.9
2012-08-31 09:00:00,316.14
2012-08-31 10:00:00,242.56
2012-08-31 11:00:00,281.74
2012-08-31 12:00:00,335.73
2012-08-31 13:00:00,326.48
2012-08-31 14:00:00,327.39
2012-08-31 15:00:00,349.78999999999996
2012-08-31 16:00:00,443.53000000000003
2012-08-31 17:00:00,742.8
2012-08-31 18:00:00,740.12
2012-08-31 19:00:00,478.61
2012-08-31 20:00:00,339.54
2012-08-31 21:00:00,237.17000000000002
2012-08-31 22:00:00,242.76999999999998
2012-08-31 23:00:00,181.79
2012-09-20 00:00:00,43.42
2012-09-20 01:00:00,33.97
2012-09-20 02:00:00,15.33
2012-09-20 03:00:00,9.59
2012-09-20 04:00:00,9.77
2012-09-20 05:00:00,29.59
2012-09-20 06:00:00,133.35000000000002
2012-09-20 07:00:00,376.98999999999995
2012-09-20 08:00:00,537.09
2012-09-20 09:00:00,336.08
2012-09-20 10:00:00,181.56
2012-09-20 11:00:00,229.1
2012-09-20 12:00:00,283.28000000000003
2012-09-20 13:00:00,278.67
2012-09-20 14:00:00,241.85999999999999
2012-09-20 15:00:00,266.78
2012-09-20 16:00:00,383.25
2012-09-20 17:00:00,760.1800000000001
2012-09-20 18:00:00,747.6700000000001
2012-09-20 19:00:00,528.96
2012-09-20 20:00:00,340.49
2012-09-20 21:00:00,239.43
2012-09-20 22:00:00,207.12
2012-09-20 23:00:00,128.51
2012-09-21 00:00:00,56.92
2012-09-21 01:00:00,37.64
2012-09-21 02:00:00,17.77
2012-09-21 03:00:00,8.86
2012-09-21 04:00:00,7.5
2012-09-21 05:00:00,25.430000000000003
2012-09-21 06:00:00,138.41
2012-09-21 07:00:00,390.58
2012-09-21 08:00:00,627.2
2012-09-21 09:00:00,316.5
2012-09-21 10:00:00,215.74
2012-09-21 11:00:00,267.33
2012-09-21 12:00:00,305.12
2012-09-21 13:00:00,316.15999999999997
2012-09-21 14:00:00,296.96
2012-09-21 15:00:00,312.44
2012-09-21 16:00:00,425.77
2012-09-21 17:00:00,681.86
2012-09-21 18:00:00,706.23
2012-09-21 19:00:00,491.94000000000005
2012-09-21 20:00:00,354.92
2012-09-21 21:00:00,220.19
2012-09-21 22:00:00,215.22
2012-09-21 23:00:00,148.67000000000002
2012-09-22 00:00:00,115.02000000000001
2012-09-22 01:00:00,90.98
2012-09-22 02:00:00,74.02
2012-09-22 03:00:00,27.25
2012-09-22 04:00:00,7.36
2012-09-22 05:00:00,9.98
2012-09-22 06:00:00,24.88
2012-09-22 07:00:00,74.32
2012-09-22 08:00:00,170.23000000000002
2012-09-22 09:00:00,303.63
2012-09-22 10:00:00,401.53
2012-09-22 11:00:00,494.92
2012-09-22 12:00:00,516.82
2012-09-22 13:00:00,526.54
2012-09-22 14:00:00,526.3
2012-09-22 15:00:00,519.0899999999999
2012-09-22 16:00:00,523.29
2012-09-22 17:00:00,546.1800000000001
2012-09-22 18:00:00,480.14
2012-09-22 19:00:00,382.21999999999997
2012-09-22 20:00:00,297.35
2012-09-22 21:00:00,226.89
2012-09-22 22:00:00,233.64
2012-09-22 23:00:00,176.26
2012-09-23 00:00:00,118.08000000000001
2012-09-23 01:00:00,85.01
2012-09-23 02:00:00,69.11
2012-09-23 03:00:00,27.27
2012-09-23 04:00:00,8.55
2012-09-23 05:00:00,9.02
2012-09-23 06:00:00,20.91
2012-09-23 07:00:00,50.58
2012-09-23 08:00:00,116.13000000000001
2012-09-23 09:00:00,249.05
2012-09-23 10:00:00,370.85
2012-09-23 11:00:00,471.16999999999996
2012-09-23 12:00:00,509.25
2012-09-23 13:00:00,591.01
2012-09-23 14:00:00,586.53
2012-09-23 15:00:00,575.65
2012-09-23 16:00:00,566.15
2012-09-23 17:00:00,485.84000000000003
2012-09-23 18:00:00,416.44000000000005
2012-09-23 19:00:00,302.89
2012-09-23 20:00:00,216.72
2012-09-23 21:00:00,140.82999999999998
2012-09-23 22:00:00,124.39999999999999
2012-09-23 23:00:00,84.22
2012-09-24 00:00:00,57.19
2012-09-24 01:00:00,35.52
2012-09-24 02:00:00,14.95
2012-09-24 03:00:00,5.2
2012-09-24 04:00:00,8.44
2012-09-24 05:00:00,25.9
2012-09-24 06:00:00,137.23000000000002
2012-09-24 07:00:00,361.41999999999996
2012-09-24 08:00:00,614.98
2012-09-24 09:00:00,325.22999999999996
2012-09-24 10:00:00,176.35000000000002
2012-09-24 11:00:00,214.32
2012-09-24 12:00:00,259.03
2012-09-24 13:00:00,250.75
2012-09-24 14:00:00,248.20999999999998
2012-09-24 15:00:00,248.86
2012-09-24 16:00:00,382.41
2012-09-24 17:00:00,717.84
2012-09-24 18:00:00,680.4300000000001
2012-09-24 19:00:00,483.06
2012-09-24 20:00:00,320.52
2012-09-24 21:00:00,241.69
2012-09-24 22:00:00,151.56
2012-09-24 23:00:00,73.67
2012-09-25 00:00:00,54.410000000000004
2012-09-25 01:00:00,25.900000000000002
2012-09-25 02:00:00,6.960000000000001
2012-09-25 03:00:00,5.47
2012-09-25 04:00:00,5.9
2012-09-25 05:00:00,25.1
2012-09-25 06:00:00,135.81
2012-09-25 07:00:00,367.78
2012-09-25 08:00:00,630.89
2012-09-25 09:00:00,351.99
2012-09-25 10:00:00,172.22000000000003
2012-09-25 11:00:00,222.56
2012-09-25 12:00:00,260.32
2012-09-25 13:00:00,256.21000000000004
2012-09-25 14:00:00,247.32
2012-09-25 15:00:00,260.81
2012-09-25 16:00:00,373.59000000000003
2012-09-25 17:00:00,732.24
2012-09-25 18:00:00,748.39
2012-09-25 19:00:00,520.67
2012-09-25 20:00:00,344.97999999999996
2012-09-25 21:00:00,252.92
2012-09-25 22:00:00,167.20999999999998
2012-09-25 23:00:00,87.71
2012-09-26 00:00:00,39.129999999999995
2012-09-26 01:00:00,15.37
2012-09-26 02:00:00,10.33
2012-09-26 03:00:00,4.890000000000001
2012-09-26 04:00:00,5.87
2012-09-26 05:00:00,26.74
2012-09-26 06:00:00,135.06
2012-09-26 07:00:00,397.3
2012-09-26 08:00:00,630.48
2012-09-26 09:00:00,347.99
2012-09-26 10:00:00,179.99
2012-09-26 11:00:00,225.48
2012-09-26 12:00:00,276.01
2012-09-26 13:00:00,277.68
2012-09-26 14:00:00,233.92
2012-09-26 15:00:00,248.85
2012-09-26 16:00:00,376.43
2012-09-26 17:00:00,774.67
2012-09-26 18:00:00,806.83
2012-09-26 19:00:00,527.79
2012-09-26 20:00:00,395.96000000000004
2012-09-26 21:00:00,260.15
2012-09-26 22:00:00,163.28
2012-09-26 23:00:00,82.57
2012-09-27 00:00:00,43.839999999999996
2012-09-27 01:00:00,19.89
2012-09-27 02:00:00,14.54
2012-09-27 03:00:00,8.11
2012-09-27 04:00:00,6.18
2012-09-27 05:00:00,27.72
2012-09-27 06:00:00,143.02
2012-09-27 07:00:00,395.53999999999996
2012-09-27 08:00:00,534.1
2012-09-27 09:00:00,327.87
2012-09-27 10:00:00,192.06
2012-09-27 11:00:00,244.71
2012-09-27 12:00:00,287.45
2012-09-27 13:00:00,276.08
2012-09-27 14:00:00,250.35999999999999
2012-09-27 15:00:00,258.24
2012-09-27 16:00:00,381.5
2012-09-27 17:00:00,711.51
2012-09-27 18:00:00,725.35
2012-09-27 19:00:00,525.12
2012-09-27 20:00:00,325.89
2012-09-27 21:00:00,128.34
2012-09-27 22:00:00,139.41
2012-09-27 23:00:00,83.83999999999999
2012-09-28 00:00:00,46.29
2012-09-28 01:00:00,27.73
2012-09-28 02:00:00,10.69
2012-09-28 03:00:00,7.37
2012-09-28 04:00:00,5.790000000000001
2012-09-28 05:00:00,24.959999999999997
2012-09-28 06:00:00,123.17999999999999
2012-09-28 07:00:00,339.39000000000004
2012-09-28 08:00:00,520.11
2012-09-28 09:00:00,295.96
2012-09-28 10:00:00,198.82
2012-09-28 11:00:00,251.34
2012-09-28 12:00:00,296.58
2012-09-28 13:00:00,299.24
2012-09-28 14:00:00,289.45
2012-09-28 15:00:00,304.77
2012-09-28 16:00:00,426.43
2012-09-28 17:00:00,673.59
2012-09-28 18:00:00,712.51
2012-09-28 19:00:00,407.38
2012-09-28 20:00:00,265.45
2012-09-28 21:00:00,183.87
2012-09-28 22:00:00,200.84
2012-09-28 23:00:00,154.72
2012-09-29 00:00:00,121.57000000000001
2012-09-29 01:00:00,93.72999999999999
2012-09-29 02:00:00,63.12
2012-09-29 03:00:00,32.57
2012-09-29 04:00:00,8.74
2012-09-29 05:00:00,9.49
2012-09-29 06:00:00,22.25
2012-09-29 07:00:00,62.66
2012-09-29 08:00:00,160.34
2012-09-29 09:00:00,299.6
2012-09-29 10:00:00,401.15999999999997
2012-09-29 11:00:00,493.82
2012-09-29 12:00:00,567.98
2012-09-29 13:00:00,584.8100000000001
2012-09-29 14:00:00,584.98
2012-09-29 15:00:00,560.5799999999999
2012-09-29 16:00:00,553.42
2012-09-29 17:00:00,525.03
2012-09-29 18:00:00,440.66
2012-09-29 19:00:00,320.38
2012-09-29 20:00:00,228.95
2012-09-29 21:00:00,209.51
2012-09-29 22:00:00,223.48
2012-09-29 23:00:00,174.59
2012-09-30 00:00:00,115.03
2012-09-30 01:00:00,88.11000000000001
2012-09-30 02:00:00,73.12
2012-09-30 03:00:00,32.41
2012-09-30 04:00:00,10.6
2012-09-30 05:00:00,10.89
2012-09-30 06:00:00,26.939999999999998
2012-09-30 07:00:00,50.769999999999996
2012-09-30 08:00:00,121.61
2012-09-30 09:00:00,249.21
2012-09-30 10:00:00,391.34000000000003
2012-09-30 11:00:00,517.0699999999999
2012-09-30 12:00:00,560.22
2012-09-30 13:00:00,582.73
2012-09-30 14:00:00,573.12
2012-09-30 15:00:00,598.6
2012-09-30 16:00:00,586.99
2012-09-30 17:00:00,522.49
2012-09-30 18:00:00,428.31
2012-09-30 19:00:00,258.28999999999996
2012-09-30 20:00:00,189.76
2012-09-30 21:00:00,138.98000000000002
2012-09-30 22:00:00,120.91
2012-09-30 23:00:00,90.89
2012-10-20 00:00:00,114.37
2012-10-20 01:00:00,81.99000000000001
2012-10-20 02:00:00,58.63
2012-10-20 03:00:00,28.59
2012-10-20 04:00:00,8.91
2012-10-20 05:00:00,10.17
2012-10-20 06:00:00,26.77
2012-10-20 07:00:00,60.580000000000005
2012-10-20 08:00:00,165.63
2012-10-20 09:00:00,300.87
2012-10-20 10:00:00,401.18
2012-10-20 11:00:00,495.53
2012-10-20 12:00:00,537.3299999999999
2012-10-20 13:00:00,542.84
2012-10-20 14:00:00,516.1
2012-10-20 15:00:00,505.49
2012-10-20 16:00:00,490.71000000000004
2012-10-20 17:00:00,486.35
2012-10-20 18:00:00,407.23
2012-10-20 19:00:00,267.17
2012-10-20 20:00:00,198.15
2012-10-20 21:00:00,160.28
2012-10-20 22:00:00,166.55
2012-10-20 23:00:00,118.54
2012-10-21 00:00:00,100.42999999999999
2012-10-21 01:00:00,72.83
2012-10-21 02:00:00,59.55
2012-10-21 03:00:00,32.25
2012-10-21 04:00:00,10.030000000000001
2012-10-21 05:00:00,10.6
2012-10-21 06:00:00,23.52
2012-10-21 07:00:00,49.44
2012-10-21 08:00:00,117.24000000000001
2012-10-21 09:00:00,243.05
2012-10-21 10:00:00,352.07
2012-10-21 11:00:00,462.96000000000004
2012-10-21 12:00:00,487.44
2012-10-21 13:00:00,521.98
2012-10-21 14:00:00,518.26
2012-10-21 15:00:00,497.15999999999997
2012-10-21 16:00:00,496.98
2012-10-21 17:00:00,491.95
2012-10-21 18:00:00,407.72
2012-10-21 19:00:00,264.59000000000003
2012-10-21 20:00:00,179.67999999999998
2012-10-21 21:00:00,131.3
2012-10-21 22:00:00,113.42
2012-10-21 23:00:00,86.19
2012-10-22 00:00:00,32.22
2012-10-22 01:00:00,20.27
2012-10-22 02:00:00,7.550000000000001
2012-10-22 03:00:00,5.29
2012-10-22 04:00:00,5.42
2012-10-22 05:00:00,23.9
2012-10-22 06:00:00,120.23
2012-10-22 07:00:00,342.12
2012-10-22 08:00:00,608.5899999999999
2012-10-22 09:00:00,319.07
2012-10-22 10:00:00,174.46
2012-10-22 11:00:00,215.82
2012-10-22 12:00:00,268.5
2012-10-22 13:00:00,267.75
2012-10-22 14:00:00,261.77
2012-10-22 15:00:00,271.11
2012-10-22 16:00:00,380.48
2012-10-22 17:00:00,714.63
2012-10-22 18:00:00,653.86
2012-10-22 19:00:00,478.29
2012-10-22 20:00:00,292.99
2012-10-22 21:00:00,208.85
2012-10-22 22:00:00,136.66
2012-10-22 23:00:00,73.27
2012-10-23 00:00:00,41.61
2012-10-23 01:00:00,14.74
2012-10-23 02:00:00,6.26
2012-10-23 03:00:00,7.75
2012-10-23 04:00:00,7.72
2012-10-23 05:00:00,25.990000000000002
2012-10-23 06:00:00,126.0
2012-10-23 07:00:00,372.24
2012-10-23 08:00:00,537.4
2012-10-23 09:00:00,340.16
2012-10-23 10:00:00,166.31
2012-10-23 11:00:00,221.37
2012-10-23 12:00:00,271.96
2012-10-23 13:00:00,266.63
2012-10-23 14:00:00,255.3
2012-10-23 15:00:00,260.87
2012-10-23 16:00:00,400.18
2012-10-23 17:00:00,736.9499999999999
2012-10-23 18:00:00,730.74
2012-10-23 19:00:00,509.67
2012-10-23 20:00:00,333.26
2012-10-23 21:00:00,251.88
2012-10-23 22:00:00,169.95000000000002
2012-10-23 23:00:00,78.66
2012-10-24 00:00:00,38.28
2012-10-24 01:00:00,16.13
2012-10-24 02:00:00,7.86
2012-10-24 03:00:00,8.030000000000001
2012-10-24 04:00:00,8.0
2012-10-24 05:00:00,27.580000000000002
2012-10-24 06:00:00,136.45
2012-10-24 07:00:00,348.78
2012-10-24 08:00:00,639.55
2012-10-24 09:00:00,336.89
2012-10-24 10:00:00,163.57999999999998
2012-10-24 11:00:00,206.09
2012-10-24 12:00:00,273.37
2012-10-24 13:00:00,266.94
2012-10-24 14:00:00,250.7
2012-10-24 15:00:00,269.59
2012-10-24 16:00:00,413.92
2012-10-24 17:00:00,746.4499999999999
2012-10-24 18:00:00,746.77
2012-10-24 19:00:00,467.43
2012-10-24 20:00:00,297.24
2012-10-24 21:00:00,247.97
2012-10-24 22:00:00,190.60999999999999
2012-10-24 23:00:00,91.28999999999999
2012-10-25 00:00:00,42.86
2012-10-25 01:00:00,20.740000000000002
2012-10-25 02:00:00,11.02
2012-10-25 03:00:00,5.32
2012-10-25 04:00:00,5.29
2012-10-25 05:00:00,22.88
2012-10-25 06:00:00,125.18
2012-10-25 07:00:00,378.37
2012-10-25 08:00:00,634.22
2012-10-25 09:00:00,311.21
2012-10-25 10:00:00,141.63
2012-10-25 11:00:00,147.01
2012-10-25 12:00:00,256.51
2012-10-25 13:00:00,249.48000000000002
2012-10-25 14:00:00,218.59
2012-10-25 15:00:00,247.62
2012-10-25 16:00:00,328.95
2012-10-25 17:00:00,711.68
2012-10-25 18:00:00,397.22
2012-10-25 19:00:00,446.88000000000005
2012-10-25 20:00:00,213.46
2012-10-25 21:00:00,138.44
2012-10-25 22:00:00,171.27
2012-10-25 23:00:00,115.65
2012-10-26 00:00:00,48.95
2012-10-26 01:00:00,30.58
2012-10-26 02:00:00,13.01
2012-10-26 03:00:00,6.93
2012-10-26 04:00:00,6.52
2012-10-26 05:00:00,22.68
2012-10-26 06:00:00,126.58
2012-10-26 07:00:00,372.19
2012-10-26 08:00:00,614.16
2012-10-26 09:00:00,292.95
2012-10-26 10:00:00,146.15
2012-10-26 11:00:00,218.33999999999997
2012-10-26 12:00:00,267.05
2012-10-26 13:00:00,273.96000000000004
2012-10-26 14:00:00,298.53999999999996
2012-10-26 15:00:00,316.9
2012-10-26 16:00:00,351.70000000000005
2012-10-26 17:00:00,577.6999999999999
2012-10-26 18:00:00,571.78
2012-10-26 19:00:00,372.34000000000003
2012-10-26 20:00:00,222.56
2012-10-26 21:00:00,206.10000000000002
2012-10-26 22:00:00,178.17
2012-10-26 23:00:00,152.31
2012-10-27 00:00:00,116.78999999999999
2012-10-27 01:00:00,84.11
2012-10-27 02:00:00,60.1
2012-10-27 03:00:00,28.799999999999997
2012-10-27 04:00:00,9.24
2012-10-27 05:00:00,9.719999999999999
2012-10-27 06:00:00,32.88
2012-10-27 07:00:00,67.69999999999999
2012-10-27 08:00:00,160.5
2012-10-27 09:00:00,290.27
2012-10-27 10:00:00,398.56
2012-10-27 11:00:00,499.23
2012-10-27 12:00:00,545.3
2012-10-27 13:00:00,590.0899999999999
2012-10-27 14:00:00,555.58
2012-10-27 15:00:00,500.4
2012-10-27 16:00:00,493.23
2012-10-27 17:00:00,493.32
2012-10-27 18:00:00,444.68999999999994
2012-10-27 19:00:00,323.81
2012-10-27 20:00:00,242.75
2012-10-27 21:00:00,211.25
2012-10-27 22:00:00,198.57
2012-10-27 23:00:00,138.07
2012-10-28 00:00:00,104.47
2012-10-28 01:00:00,82.73
2012-10-28 02:00:00,69.13
2012-10-28 03:00:00,25.36
2012-10-28 04:00:00,8.14
2012-10-28 05:00:00,8.959999999999999
2012-10-28 06:00:00,28.740000000000002
2012-10-28 07:00:00,49.22
2012-10-28 08:00:00,114.67
2012-10-28 09:00:00,260.40999999999997
2012-10-28 10:00:00,363.33
2012-10-28 11:00:00,454.22
2012-10-28 12:00:00,476.56
2012-10-28 13:00:00,483.26
2012-10-28 14:00:00,490.64
2012-10-28 15:00:00,497.20000000000005
2012-10-28 16:00:00,450.18
2012-10-28 17:00:00,360.42
2012-10-28 18:00:00,185.01
2012-10-28 19:00:00,120.64999999999999
2012-10-28 20:00:00,98.85
2012-10-28 21:00:00,93.53
2012-10-28 22:00:00,79.99
2012-10-28 23:00:00,62.94
2012-10-29 00:00:00,38.620000000000005
2012-10-30 13:00:00,84.36999999999999
2012-10-30 14:00:00,82.18
2012-10-30 15:00:00,84.51
2012-10-30 16:00:00,106.34
2012-10-30 17:00:00,213.87
2012-10-30 18:00:00,263.07
2012-10-30 19:00:00,394.31000000000006
2012-10-30 20:00:00,169.82000000000002
2012-10-30 21:00:00,125.08
2012-10-30 22:00:00,113.44
2012-10-30 23:00:00,51.79
2012-10-31 00:00:00,22.19
2012-10-31 01:00:00,9.95
2012-10-31 02:00:00,3.85
2012-10-31 03:00:00,4.166666666666667
2012-10-31 04:00:00,4.77
2012-10-31 05:00:00,22.75
2012-10-31 06:00:00,99.89
2012-10-31 07:00:00,315.67
2012-10-31 08:00:00,636.81
2012-10-31 09:00:00,296.94
2012-10-31 10:00:00,139.68
2012-10-31 11:00:00,145.24
2012-10-31 12:00:00,159.84
2012-10-31 13:00:00,188.68
2012-10-31 14:00:00,160.18
2012-10-31 15:00:00,162.18
2012-10-31 16:00:00,248.72
2012-10-31 17:00:00,522.59
2012-10-31 18:00:00,517.33
2012-10-31 19:00:00,345.19
2012-10-31 20:00:00,239.82
2012-10-31 21:00:00,151.52
2012-10-31 22:00:00,126.41
2012-10-31 23:00:00,64.07
2012-11-20 00:00:00,26.92
2012-11-20 01:00:00,12.23
2012-11-20 02:00:00,4.63
2012-11-20 03:00:00,4.8
2012-11-20 04:00:00,5.359999999999999
2012-11-20 05:00:00,22.11
2012-11-20 06:00:00,105.03999999999999
2012-11-20 07:00:00,348.93
2012-11-20 08:00:00,636.17
2012-11-20 09:00:00,299.59
2012-11-20 10:00:00,147.6
2012-11-20 11:00:00,163.87
2012-11-20 12:00:00,178.95000000000002
2012-11-20 13:00:00,198.48000000000002
2012-11-20 14:00:00,177.10000000000002
2012-11-20 15:00:00,193.45000000000002
2012-11-20 16:00:00,248.34
2012-11-20 17:00:00,484.13
2012-11-20 18:00:00,490.24
2012-11-20 19:00:00,341.16
2012-11-20 20:00:00,219.54
2012-11-20 21:00:00,157.54000000000002
2012-11-20 22:00:00,120.57
2012-11-20 23:00:00,57.6
2012-11-21 00:00:00,23.27
2012-11-21 01:00:00,10.77
2012-11-21 02:00:00,3.3000000000000003
2012-11-21 03:00:00,3.666666666666666
2012-11-21 04:00:00,4.3116666666666665
2012-11-21 05:00:00,24.155
2012-11-21 06:00:00,100.85
2012-11-21 07:00:00,304.45
2012-11-21 08:00:00,551.29
2012-11-21 09:00:00,297.94
2012-11-21 10:00:00,140.68
2012-11-21 11:00:00,162.74
2012-11-21 12:00:00,229.01999999999998
2012-11-21 13:00:00,266.36
2012-11-21 14:00:00,264.14
2012-11-21 15:00:00,246.91
2012-11-21 16:00:00,341.29
2012-11-21 17:00:00,526.97
2012-11-21 18:00:00,558.99
2012-11-21 19:00:00,342.19
2012-11-21 20:00:00,217.24
2012-11-21 21:00:00,151.99
2012-11-21 22:00:00,121.2
2012-11-21 23:00:00,60.89
2012-11-22 00:00:00,45.78
2012-11-22 01:00:00,41.69
2012-11-22 02:00:00,17.73
2012-11-22 03:00:00,8.402916666666666
2012-11-22 04:00:00,7.673333333333334
2012-11-22 05:00:00,16.126666666666665
2012-11-22 06:00:00,46.43
2012-11-22 07:00:00,130.25
2012-11-22 08:00:00,202.55
2012-11-22 09:00:00,225.83999999999997
2012-11-22 10:00:00,181.82
2012-11-22 11:00:00,229.53
2012-11-22 12:00:00,300.18
2012-11-22 13:00:00,311.56
2012-11-22 14:00:00,262.61
2012-11-22 15:00:00,261.11
2012-11-22 16:00:00,366.32
2012-11-22 17:00:00,348.56000000000006
2012-11-22 18:00:00,254.20000000000002
2012-11-22 19:00:00,193.97
2012-11-22 20:00:00,141.72
2012-11-22 21:00:00,126.59
2012-11-22 22:00:00,120.1
2012-11-22 23:00:00,89.91
2012-11-23 00:00:00,38.55
2012-11-23 01:00:00,15.38
2012-11-23 02:00:00,10.86
2012-11-23 03:00:00,4.708666666666667
2012-11-23 04:00:00,3.7845833333333334
2012-11-23 05:00:00,21.983333333333334
2012-11-23 06:00:00,94.87
2012-11-23 07:00:00,279.62
2012-11-23 08:00:00,490.53000000000003
2012-11-23 09:00:00,259.36
2012-11-23 10:00:00,157.59
2012-11-23 11:00:00,196.63
2012-11-23 12:00:00,272.61
2012-11-23 13:00:00,268.98
2012-11-23 14:00:00,312.88
2012-11-23 15:00:00,275.85
2012-11-23 16:00:00,366.64
2012-11-23 17:00:00,592.31
2012-11-23 18:00:00,564.63
2012-11-23 19:00:00,352.58000000000004
2012-11-23 20:00:00,262.69
2012-11-23 21:00:00,175.28
2012-11-23 22:00:00,156.82999999999998
2012-11-23 23:00:00,115.36
2012-11-24 00:00:00,82.48
2012-11-24 01:00:00,56.5
2012-11-24 02:00:00,41.47
2012-11-24 03:00:00,23.599999999999998
2012-11-24 04:00:00,7.01
2012-11-24 05:00:00,6.26
2012-11-24 06:00:00,21.26
2012-11-24 07:00:00,41.46
2012-11-24 08:00:00,114.85
2012-11-24 09:00:00,168.75
2012-11-24 10:00:00,203.99
2012-11-24 11:00:00,239.22000000000003
2012-11-24 12:00:00,276.03
2012-11-24 13:00:00,331.99
2012-11-24 14:00:00,311.16
2012-11-24 15:00:00,275.96000000000004
2012-11-24 16:00:00,242.69
2012-11-24 17:00:00,190.42
2012-11-24 18:00:00,164.78
2012-11-24 19:00:00,138.3
2012-11-24 20:00:00,100.67
2012-11-24 21:00:00,84.73
2012-11-24 22:00:00,80.16999999999999
2012-11-24 23:00:00,66.75
2012-11-25 00:00:00,63.07
2012-11-25 01:00:00,57.1
2012-11-25 02:00:00,37.95
2012-11-25 03:00:00,33.72
2012-11-25 04:00:00,9.540000000000001
2012-11-25 05:00:00,6.7
2012-11-25 06:00:00,38.36
2012-11-25 07:00:00,37.64
2012-11-25 08:00:00,85.1
2012-11-25 09:00:00,137.32
2012-11-25 10:00:00,182.68
2012-11-25 11:00:00,231.57
2012-11-25 12:00:00,266.57
2012-11-25 13:00:00,274.24
2012-11-25 14:00:00,305.34
2012-11-25 15:00:00,305.22
2012-11-25 16:00:00,286.82
2012-11-25 17:00:00,178.82
2012-11-25 18:00:00,156.32000000000002
2012-11-25 19:00:00,144.35999999999999
2012-11-25 20:00:00,99.16
2012-11-25 21:00:00,108.03
2012-11-25 22:00:00,115.04
2012-11-25 23:00:00,46.1
2012-11-26 00:00:00,19.75
2012-11-26 01:00:00,8.47
2012-11-26 02:00:00,4.12
2012-11-26 03:00:00,3.36
2012-11-26 04:00:00,3.79
2012-11-26 05:00:00,21.0
2012-11-26 06:00:00,97.6
2012-11-26 07:00:00,292.38
2012-11-26 08:00:00,530.3100000000001
2012-11-26 09:00:00,269.2
2012-11-26 10:00:00,121.38
2012-11-26 11:00:00,203.48999999999998
2012-11-26 12:00:00,263.24
2012-11-26 13:00:00,257.38
2012-11-26 14:00:00,231.06
2012-11-26 15:00:00,229.18
2012-11-26 16:00:00,332.24
2012-11-26 17:00:00,612.7
2012-11-26 18:00:00,445.4
2012-11-26 19:00:00,307.79
2012-11-26 20:00:00,222.34
2012-11-26 21:00:00,150.56
2012-11-26 22:00:00,116.55
2012-11-26 23:00:00,58.349999999999994
2012-11-27 00:00:00,25.49
2012-11-27 01:00:00,12.989999999999998
2012-11-27 02:00:00,5.29
2012-11-27 03:00:00,3.5199999999999996
2012-11-27 04:00:00,4.916666666666666
2012-11-27 05:00:00,22.240000000000002
2012-11-27 06:00:00,98.3
2012-11-27 07:00:00,230.19
2012-11-27 08:00:00,505.31
2012-11-27 09:00:00,291.01
2012-11-27 10:00:00,80.83999999999999
2012-11-27 11:00:00,87.32
2012-11-27 12:00:00,89.75
2012-11-27 13:00:00,85.59
2012-11-27 14:00:00,87.96
2012-11-27 15:00:00,123.25999999999999
2012-11-27 16:00:00,164.3
2012-11-27 17:00:00,259.27
2012-11-27 18:00:00,244.73000000000002
2012-11-27 19:00:00,214.76
2012-11-27 20:00:00,180.48
2012-11-27 21:00:00,99.78
2012-11-27 22:00:00,86.66
2012-11-27 23:00:00,48.5
2012-11-28 00:00:00,21.560000000000002
2012-11-28 01:00:00,8.68
2012-11-28 02:00:00,4.61
2012-11-28 03:00:00,3.98
2012-11-28 04:00:00,4.161666666666666
2012-11-28 05:00:00,22.43
2012-11-28 06:00:00,96.63000000000001
2012-11-28 07:00:00,300.88
2012-11-28 08:00:00,507.53999999999996
2012-11-28 09:00:00,262.84000000000003
2012-11-28 10:00:00,122.62
2012-11-28 11:00:00,140.16
2012-11-28 12:00:00,167.42000000000002
2012-11-28 13:00:00,164.01999999999998
2012-11-28 14:00:00,168.24
2012-11-28 15:00:00,177.21
2012-11-28 16:00:00,252.71
2012-11-28 17:00:00,445.86
2012-11-28 18:00:00,387.51
2012-11-28 19:00:00,264.21999999999997
2012-11-28 20:00:00,208.66
2012-11-28 21:00:00,143.39
2012-11-28 22:00:00,107.61999999999999
2012-11-28 23:00:00,55.18
2012-11-29 00:00:00,25.24
2012-11-29 01:00:00,9.3
2012-11-29 02:00:00,4.444999999999999
2012-11-29 04:00:00,3.365833333333333
2012-11-29 05:00:00,22.235
2012-11-29 06:00:00,97.76
2012-11-29 07:00:00,284.78
2012-11-29 08:00:00,512.51
2012-11-29 09:00:00,260.52
2012-11-29 10:00:00,122.35000000000001
2012-11-29 11:00:00,186.74
2012-11-29 12:00:00,181.44
2012-11-29 13:00:00,218.2
2012-11-29 14:00:00,171.19
2012-11-29 15:00:00,168.37
2012-11-29 16:00:00,246.14
2012-11-29 17:00:00,436.12
2012-11-29 18:00:00,374.65000000000003
2012-11-29 19:00:00,241.73999999999998
2012-11-29 20:00:00,191.57
2012-11-29 21:00:00,123.54
2012-11-29 22:00:00,117.88000000000001
2012-11-29 23:00:00,88.25
2012-11-30 00:00:00,31.98
2012-11-30 01:00:00,13.16
2012-11-30 02:00:00,10.319999999999999
2012-11-30 03:00:00,4.539
2012-11-30 04:00:00,3.444166666666667
2012-11-30 05:00:00,21.256833333333333
2012-11-30 06:00:00,88.25
2012-11-30 07:00:00,275.12
2012-11-30 08:00:00,481.56
2012-11-30 09:00:00,229.7
2012-11-30 10:00:00,162.95999999999998
2012-11-30 11:00:00,174.12
2012-11-30 12:00:00,222.8
2012-11-30 13:00:00,233.27
2012-11-30 14:00:00,209.16
2012-11-30 15:00:00,229.61
2012-11-30 16:00:00,276.01
2012-11-30 17:00:00,443.01
2012-11-30 18:00:00,422.89
2012-11-30 19:00:00,294.45
2012-11-30 20:00:00,184.01000000000002
2012-11-30 21:00:00,143.22
2012-11-30 22:00:00,127.92999999999999
2012-11-30 23:00:00,90.91
2012-12-20 00:00:00,34.67
2012-12-20 01:00:00,14.530000000000001
2012-12-20 02:00:00,5.8500000000000005
2012-12-20 03:00:00,4.3575
2012-12-20 04:00:00,4.1
2012-12-20 05:00:00,21.908333333333335
2012-12-20 06:00:00,100.32000000000001
2012-12-20 07:00:00,341.10999999999996
2012-12-20 08:00:00,618.94
2012-12-20 09:00:00,268.94
2012-12-20 10:00:00,126.28
2012-12-20 11:00:00,139.65
2012-12-20 12:00:00,157.21
2012-12-20 13:00:00,147.71
2012-12-20 14:00:00,144.97
2012-12-20 15:00:00,125.71000000000001
2012-12-20 16:00:00,189.77
2012-12-20 17:00:00,386.42999999999995
2012-12-20 18:00:00,361.40000000000003
2012-12-20 19:00:00,210.93
2012-12-20 20:00:00,169.68
2012-12-20 21:00:00,113.98
2012-12-20 22:00:00,79.42
2012-12-20 23:00:00,91.77
2012-12-21 00:00:00,41.010000000000005
2012-12-21 01:00:00,27.060000000000002
2012-12-21 02:00:00,12.47
2012-12-21 03:00:00,5.390000000000001
2012-12-21 04:00:00,5.05
2012-12-21 05:00:00,22.990000000000002
2012-12-21 06:00:00,94.36999999999999
2012-12-21 07:00:00,295.19
2012-12-21 08:00:00,557.6500000000001
2012-12-21 09:00:00,252.32
2012-12-21 10:00:00,174.78
2012-12-21 11:00:00,177.57
2012-12-21 12:00:00,181.24
2012-12-21 13:00:00,180.26
2012-12-21 14:00:00,164.83
2012-12-21 15:00:00,170.32
2012-12-21 16:00:00,217.63
2012-12-21 17:00:00,343.86
2012-12-21 18:00:00,333.94
2012-12-21 19:00:00,226.60000000000002
2012-12-21 20:00:00,176.79
2012-12-21 21:00:00,113.57000000000001
2012-12-21 22:00:00,91.51
2012-12-21 23:00:00,63.19
2012-12-22 00:00:00,64.51
2012-12-22 01:00:00,50.44
2012-12-22 02:00:00,39.83
2012-12-22 03:00:00,22.11
2012-12-22 04:00:00,7.75
2012-12-22 05:00:00,5.93
2012-12-22 06:00:00,17.419999999999998
2012-12-22 07:00:00,37.629999999999995
2012-12-22 08:00:00,107.24000000000001
2012-12-22 09:00:00,159.59
2012-12-22 10:00:00,198.06
2012-12-22 11:00:00,237.04000000000002
2012-12-22 12:00:00,276.72
2012-12-22 13:00:00,315.07
2012-12-22 14:00:00,309.35
2012-12-22 15:00:00,286.05
2012-12-22 16:00:00,257.02
2012-12-22 17:00:00,179.04000000000002
2012-12-22 18:00:00,155.88
2012-12-22 19:00:00,126.83
2012-12-22 20:00:00,98.46000000000001
2012-12-22 21:00:00,73.52000000000001
2012-12-22 22:00:00,66.53
2012-12-22 23:00:00,60.11
2012-12-23 00:00:00,67.32
2012-12-23 01:00:00,57.839999999999996
2012-12-23 02:00:00,45.66
2012-12-23 03:00:00,36.87
2012-12-23 04:00:00,10.26
2012-12-23 05:00:00,7.5
2012-12-23 06:00:00,19.25
2012-12-23 07:00:00,29.369999999999997
2012-12-23 08:00:00,76.82000000000001
2012-12-23 09:00:00,121.55
2012-12-23 10:00:00,175.27
2012-12-23 11:00:00,208.98
2012-12-23 12:00:00,310.19
2012-12-23 13:00:00,328.74
2012-12-23 14:00:00,335.71999999999997
2012-12-23 15:00:00,345.11
2012-12-23 16:00:00,328.24
2012-12-23 17:00:00,223.59
2012-12-23 18:00:00,167.28
2012-12-23 19:00:00,154.89
2012-12-23 20:00:00,104.68
2012-12-23 21:00:00,102.28
2012-12-23 22:00:00,79.57
2012-12-23 23:00:00,50.05
2012-12-24 00:00:00,19.220000000000002
2012-12-24 01:00:00,6.87
2012-12-24 02:00:00,3.64
2012-12-24 03:00:00,2.6900000000000004
2012-12-24 05:00:00,19.26
2012-12-24 06:00:00,91.55
2012-12-24 07:00:00,280.16
2012-12-24 08:00:00,485.48999999999995
2012-12-24 09:00:00,237.57999999999998
2012-12-24 10:00:00,112.03
2012-12-24 11:00:00,110.43
2012-12-24 12:00:00,124.28
2012-12-24 13:00:00,83.58
2012-12-24 14:00:00,87.45
2012-12-24 15:00:00,89.54
2012-12-24 16:00:00,106.82
2012-12-24 17:00:00,208.53
2012-12-24 18:00:00,204.66
2012-12-24 19:00:00,193.45
2012-12-24 20:00:00,135.21
2012-12-24 21:00:00,91.82000000000001
2012-12-24 22:00:00,93.41
2012-12-24 23:00:00,48.519999999999996
2012-12-25 00:00:00,29.599999999999998
2012-12-25 01:00:00,29.549999999999997
2012-12-25 02:00:00,16.55
2012-12-25 04:00:00,7.176333333333332
2012-12-25 05:00:00,11.82
2012-12-25 06:00:00,48.209999999999994
2012-12-25 07:00:00,129.01
2012-12-25 08:00:00,260.71000000000004
2012-12-25 09:00:00,195.58
2012-12-25 10:00:00,144.27
2012-12-25 11:00:00,163.78
2012-12-25 12:00:00,172.53000000000003
2012-12-25 13:00:00,197.48000000000002
2012-12-25 14:00:00,204.85999999999999
2012-12-25 15:00:00,191.07999999999998
2012-12-25 16:00:00,230.76
2012-12-25 17:00:00,218.67000000000002
2012-12-25 18:00:00,200.92999999999998
2012-12-25 19:00:00,149.64999999999998
2012-12-25 20:00:00,118.41
2012-12-25 21:00:00,98.13
2012-12-25 22:00:00,93.94000000000001
2012-12-25 23:00:00,50.62
2012-12-26 00:00:00,19.290000000000003
2012-12-26 01:00:00,7.39
2012-12-26 02:00:00,5.13
2012-12-26 03:00:00,3.41
2012-12-26 04:00:00,3.4833333333333334
2012-12-26 05:00:00,20.53
2012-12-26 06:00:00,92.59
2012-12-26 07:00:00,241.39000000000001
2012-12-26 08:00:00,413.64000000000004
2012-12-26 09:00:00,188.98
2012-12-26 10:00:00,95.88
2012-12-26 11:00:00,95.28
2012-12-26 12:00:00,92.89
2012-12-26 13:00:00,93.09
2012-12-26 14:00:00,91.59
2012-12-26 15:00:00,88.58
2012-12-26 16:00:00,105.19
2012-12-26 17:00:00,203.46
2012-12-26 18:00:00,206.88
2012-12-26 19:00:00,165.55
2012-12-26 20:00:00,129.92000000000002
2012-12-26 21:00:00,108.75
2012-12-26 22:00:00,78.9
2012-12-26 23:00:00,42.89
2012-12-27 00:00:00,18.28
2012-12-27 01:00:00,7.14
2012-12-27 02:00:00,5.15
2012-12-27 03:00:00,4.17
2012-12-27 04:00:00,3.2533333333333334
2012-12-27 05:00:00,20.53333333333333
2012-12-27 06:00:00,91.39
2012-12-27 07:00:00,291.48
2012-12-27 08:00:00,519.58
2012-12-27 09:00:00,243.32
2012-12-27 10:00:00,127.61999999999999
2012-12-27 11:00:00,132.82
2012-12-27 12:00:00,146.99
2012-12-27 13:00:00,146.23
2012-12-27 14:00:00,131.29
2012-12-27 15:00:00,128.31
2012-12-27 16:00:00,172.82999999999998
2012-12-27 17:00:00,354.8
2012-12-27 18:00:00,315.07
2012-12-27 19:00:00,215.20999999999998
2012-12-27 20:00:00,161.95
2012-12-27 21:00:00,104.39
2012-12-27 22:00:00,84.33
2012-12-27 23:00:00,57.449999999999996
2012-12-28 00:00:00,26.66
2012-12-28 01:00:00,11.33
2012-12-28 02:00:00,9.64
2012-12-28 03:00:00,4.174166666666666
2012-12-28 04:00:00,3.713333333333333
2012-12-28 05:00:00,22.01
2012-12-28 06:00:00,88.76
2012-12-28 07:00:00,265.04999999999995
2012-12-28 08:00:00,490.18
2012-12-28 09:00:00,220.25
2012-12-28 10:00:00,131.78
2012-12-28 11:00:00,159.23
2012-12-28 12:00:00,172.89
2012-12-28 13:00:00,172.85
2012-12-28 14:00:00,156.66000000000003
2012-12-28 15:00:00,152.03
2012-12-28 16:00:00,212.68
2012-12-28 17:00:00,302.41999999999996
2012-12-28 18:00:00,296.79999999999995
2012-12-28 19:00:00,201.78
2012-12-28 20:00:00,152.41
2012-12-28 21:00:00,97.59
2012-12-28 22:00:00,85.35000000000001
2012-12-28 23:00:00,65.83
2012-12-29 00:00:00,69.99
2012-12-29 01:00:00,65.99000000000001
2012-12-29 02:00:00,50.12
2012-12-29 03:00:00,31.630000000000003
2012-12-29 04:00:00,8.72
2012-12-29 05:00:00,7.3
2012-12-29 06:00:00,26.009999999999998
2012-12-29 07:00:00,33.21
2012-12-29 08:00:00,100.47
2012-12-29 09:00:00,174.54000000000002
2012-12-29 10:00:00,173.23000000000002
2012-12-29 11:00:00,177.02
2012-12-29 12:00:00,211.95999999999998
2012-12-29 13:00:00,215.27
2012-12-29 14:00:00,241.21
2012-12-29 15:00:00,234.39999999999998
2012-12-29 16:00:00,235.92000000000002
2012-12-29 17:00:00,158.52
2012-12-29 18:00:00,147.35
2012-12-29 19:00:00,129.63
2012-12-29 20:00:00,105.37
2012-12-29 21:00:00,82.92
2012-12-29 22:00:00,86.89
2012-12-29 23:00:00,62.660000000000004
2012-12-30 00:00:00,72.16
2012-12-30 01:00:00,51.36
2012-12-30 02:00:00,52.43
2012-12-30 03:00:00,27.14
2012-12-30 04:00:00,6.41
2012-12-30 05:00:00,5.800000000000001
2012-12-30 06:00:00,22.66
2012-12-30 07:00:00,26.69
2012-12-30 08:00:00,78.95
2012-12-30 09:00:00,130.44
2012-12-30 10:00:00,190.10000000000002
2012-12-30 11:00:00,224.68
2012-12-30 12:00:00,253.33999999999997
2012-12-30 13:00:00,274.9
2012-12-30 14:00:00,279.84999999999997
2012-12-30 15:00:00,264.59999999999997
2012-12-30 16:00:00,242.11
2012-12-30 17:00:00,183.14000000000001
2012-12-30 18:00:00,150.48000000000002
2012-12-30 19:00:00,171.51000000000002
2012-12-30 20:00:00,93.93
2012-12-30 21:00:00,66.66
2012-12-30 22:00:00,57.76
2012-12-30 23:00:00,39.94
2012-12-31 00:00:00,16.810000000000002
2012-12-31 01:00:00,6.7
2012-12-31 02:00:00,4.89
2012-12-31 03:00:00,2.895
2012-12-31 04:00:00,3.433333333333333
2012-12-31 05:00:00,18.2
2012-12-31 06:00:00,89.69
2012-12-31 07:00:00,273.23999999999995
2012-12-31 08:00:00,461.21999999999997
2012-12-31 09:00:00,230.12
2012-12-31 10:00:00,103.45
2012-12-31 11:00:00,105.68
2012-12-31 12:00:00,116.09
2012-12-31 13:00:00,146.26
2012-12-31 14:00:00,146.28
2012-12-31 15:00:00,148.16
2012-12-31 16:00:00,178.39
2012-12-31 17:00:00,350.2
2012-12-31 18:00:00,354.36
2012-12-31 19:00:00,222.38000000000002
2012-12-31 20:00:00,180.36
2012-12-31 21:00:00,103.87
2012-12-31 22:00:00,105.0
2012-12-31 23:00:00,51.59
